name,lat,lon,country
Saint John’s,17.12096,-61.84329,AG
Piggotts,17.11667,-61.8,AG
Parham,17.09682,-61.77046,AG
Falmouth,17.02741,-61.78136,AG
Codrington,17.6394,-61.82437,AG
Bolands,17.06565,-61.87466,AG
St. Paul Parish,17.0234,-61.76928,AG
St. George Parish,17.11692,-61.79561,AG
St. Peter Parish,17.08487,-61.71223,AG
St. Mary Parish,17.07223,-61.87441,AG
Tanki Leendert,12.53914,-70.02004,AW
San Nicolas,12.43624,-69.90713,AW
Santa Cruz,12.50953,-69.98094,AW
Savaneta,12.45026,-69.93811,AW
Pos Chiquito,12.46497,-69.96233,AW
Paradera,12.5351,-70.00688,AW
Palm Beach,12.56847,-70.03887,AW
Oranjestad,12.52398,-70.02703,AW
Noord,12.56596,-70.03198,AW
Alto Vista,12.5705,-70.01912,AW
White Hill,13.21373,-59.58111,BB
Welchman Hall,13.18676,-59.57663,BB
Crane,13.10487,-59.44861,BB
Speightstown,13.25072,-59.64396,BB
Oistins,13.07067,-59.54637,BB
Holetown,13.18672,-59.63808,BB
Greenland,13.25808,-59.57763,BB
Four Cross Roads,13.17018,-59.52186,BB
Checker Hall,13.28445,-59.64223,BB
Bridgetown,13.10732,-59.62021,BB
Bathsheba,13.21133,-59.52596,BB
Hamilton,32.2949,-64.78303,BM
Pembroke Parish,32.30019,-64.79204,BM
Devonshire Parish,32.30582,-64.7575,BM
Smith's Parish,32.31389,-64.73897,BM
Hamilton Parish,32.34221,-64.73019,BM
St George's Parish,32.37249,-64.69756,BM
Paget Parish,32.28016,-64.78329,BM
Warwick Parish,32.26574,-64.80922,BM
Southampton Parish,32.25164,-64.85474,BM
Sandys Parish,32.29637,-64.86931,BM
The Bottom,17.62652,-63.24971,BQ
Oranjestad,17.48303,-62.9864,BQ
Kralendijk,12.15,-68.26667,BQ
West End,26.68711,-78.97702,BS
Spanish Wells,25.54717,-76.76405,BS
San Andros,25.06667,-78.05,BS
Port Nelson,23.64967,-74.84157,BS
Nassau,25.05823,-77.34306,BS
Matthew Town,20.94982,-73.67346,BS
Masons Bay,22.54352,-73.8778,BS
Marsh Harbour,26.54124,-77.0636,BS
Lucaya,26.53333,-78.66667,BS
Killarney,25.05,-77.41667,BS
High Rock,26.62651,-78.28209,BS
Hard Bargain,26.31667,-77.56667,BS
Governor’s Harbour,25.16667,-76.23333,BS
George Town,23.51616,-75.78665,BS
Freeport,26.53333,-78.7,BS
Duncan Town,22.19083,-75.72583,BS
Cooper’s Town,26.87137,-77.51131,BS
Colonel Hill,22.7545,-74.20415,BS
Cockburn Town,24.05179,-74.53138,BS
Clarence Town,23.1,-74.98333,BS
Black Point,24.1,-76.38333,BS
Arthur’s Town,24.6224,-75.67151,BS
Alice Town,25.728,-79.29721,BS
Abraham’s Bay,22.36667,-72.96667,BS
Trial Farm,18.10124,-88.56584,BZ
Santa Elena,17.16142,-89.05462,BZ
San Pedro,17.91598,-87.9659,BZ
San Ignacio,17.1588,-89.0696,BZ
Punta Gorda,16.09835,-88.8097,BZ
Orange Walk,18.08124,-88.56328,BZ
Ladyville,17.55427,-88.29,BZ
Dangriga,16.9697,-88.23313,BZ
Corozal,18.39375,-88.38849,BZ
Benque Viejo el Carmen,17.075,-89.13917,BZ
Belmopan,17.25376,-88.76401,BZ
Belize City,17.49952,-88.19756,BZ
Bella Vista,16.50948,-88.53169,BZ
Abbotsford,49.05798,-122.25257,CA
Aberdeen,50.65,-120.36667,CA
Acadia,50.97172,-114.05688,CA
Acton,43.62969,-80.04149,CA
Acton Vale,45.65007,-72.56582,CA
Agassiz,49.23298,-121.76926,CA
Agincourt North,43.80418,-79.27528,CA
Ahuntsic-Cartierville,45.56667,-73.66667,CA
Airdrie,51.30011,-114.03528,CA
Ajax,43.85012,-79.03288,CA
Alberta Avenue,53.56667,-113.48333,CA
Albert Park,50.40726,-104.63111,CA
Albion,49.18751,-122.55687,CA
Albro Lake,44.68414,-63.58129,CA
Alderwood,43.60348,-79.54604,CA
Alliston,44.15011,-79.86635,CA
Alma,48.55009,-71.6491,CA
Altadore,51.01651,-114.10323,CA
Alta Vista,45.38639,-75.65806,CA
Amherst,45.83345,-64.19874,CA
Amherstburg,42.10009,-83.09985,CA
Amos,48.56688,-78.11624,CA
Angus,44.31681,-79.88295,CA
Antigonish,45.61685,-61.99858,CA
Applewood Park,51.04306,-113.925,CA
Arbour Lake,51.13472,-114.20278,CA
Arbutus Ridge,49.24966,-123.16934,CA
Argyle Park,50.49032,-104.62833,CA
Armdale,44.63593,-63.62636,CA
Armstrong,50.44979,-119.20235,CA
Arnprior,45.43341,-76.34939,CA
Val-des-Sources,45.76678,-71.9324,CA
Aurora,44.00011,-79.46632,CA
Aylmer,42.76679,-80.98302,CA
Ayr,43.2834,-80.44968,CA
Baie-Comeau,49.21679,-68.14894,CA
Banff,51.17622,-115.56982,CA
Bankview,51.03333,-114.1,CA
Barrie,44.40011,-79.66634,CA
Baturyn,53.63333,-113.50139,CA
Bay Roberts,47.59989,-53.26478,CA
Bayview Village,43.77639,-79.38028,CA
Beaconsfield,45.43341,-73.86586,CA
Bearspaw,51.13341,-114.302,CA
Beauharnois,45.31341,-73.8725,CA
Beaumont,53.35013,-113.41871,CA
Beaver Bank,44.82484,-63.68079,CA
Bécancour,46.34106,-72.43224,CA
Beddington Heights,51.12917,-114.07917,CA
Bedford,44.72552,-63.66732,CA
Belleville,44.16682,-77.38277,CA
Bells Corners,45.31588,-75.83012,CA
Belmont,53.59245,-113.39367,CA
Beloeil,45.56839,-73.20568,CA
Belvedere,53.59312,-113.43864,CA
Bendale,43.76681,-79.25326,CA
Bible Hill,45.375,-63.238,CA
Binbrook,43.12135,-79.81104,CA
Blackburn Hamlet,45.43671,-75.56462,CA
Blackfalds,52.38342,-113.7853,CA
Blainville,45.66678,-73.88249,CA
Blossom Park,45.34889,-75.62667,CA
Bluewater,43.46679,-81.59977,CA
Boisbriand,45.61678,-73.83249,CA
Bois-des-Filion,45.66678,-73.74918,CA
Bolton,43.87952,-79.73791,CA
Bonnyville,54.26684,-110.73505,CA
Boucherville,45.59104,-73.43605,CA
Bowmanville,43.91682,-78.68286,CA
Bowness,51.08344,-114.16866,CA
Boyle Street,53.55,-113.47917,CA
Bracebridge,45.03341,-79.31633,CA
Braeside,50.95421,-114.10538,CA
Brampton,43.68341,-79.76633,CA
Brandon,49.84692,-99.95306,CA
Brant,43.1334,-80.34967,CA
Brantford,43.1334,-80.26636,CA
Brentwood,51.09813,-114.13319,CA
Brentwood Bay,48.58294,-123.45262,CA
Brentwood Park,49.275,-122.99167,CA
Breslau,43.4668,-80.41638,CA
West Springs,51.06114,-114.19807,CA
Bridgeport,43.4834,-80.48299,CA
Bridgeview,49.2081,-122.86028,CA
Bridgewater,44.37856,-64.51882,CA
Bridlewood,50.89979,-114.10812,CA
Brighouse-City Centre,49.16667,-123.13333,CA
Broadmoor,49.15,-123.13333,CA
Brocklehurst,50.70825,-120.41337,CA
Brockville,44.59132,-75.68705,CA
Brooklin,43.95833,-78.95972,CA
Brooks,50.58341,-111.88509,CA
Brookswood,49.06667,-122.66667,CA
Brossard,45.45008,-73.46583,CA
Brownsburg-Chatham,45.68342,-74.4159,CA
Burlington,43.38621,-79.83713,CA
Burnaby,49.26636,-122.95263,CA
Burnaby Heights,49.28333,-123.0,CA
Burnside,44.70175,-63.60051,CA
Burquitlam,49.26667,-122.88333,CA
Caledon,43.86544,-79.99322,CA
Calgary,51.05011,-114.08529,CA
Callingwood South,53.5,-113.625,CA
Cambridge,43.3601,-80.31269,CA
Camlachie,43.03596,-82.1616,CA
Campbell River,50.01634,-125.24459,CA
Camrose,53.01684,-112.83525,CA
Candiac,45.38338,-73.51587,CA
Canmore,51.08335,-115.35206,CA
Cantley,45.5668,-75.78265,CA
Canyon Meadows,50.94285,-114.08092,CA
Cap-aux-Meules,47.38208,-61.85968,CA
Capitol Hill,49.28333,-122.98333,CA
Cariboo,49.25,-122.88333,CA
Carignan,45.45008,-73.29916,CA
Carleton Place,45.13341,-76.14938,CA
Cartierville,45.53118,-73.70358,CA
Cascade Heights,49.25,-123.01667,CA
Castlegar,49.32317,-117.65831,CA
Castleridge,51.10556,-113.95556,CA
Cedarbrae,50.95648,-114.12975,CA
Centennial Place,46.08333,-64.81667,CA
Central Business District,52.13032,-106.66228,CA
Central Saanich,48.56634,-123.41932,CA
Centretown,45.41534,-75.69639,CA
Chambly,45.45008,-73.28246,CA
Chaparral,50.88611,-114.03333,CA
Charlemagne,45.71678,-73.48247,CA
Charlottetown,46.23459,-63.1256,CA
Chartersville,46.08494,-64.73339,CA
Châteauguay,45.38338,-73.74919,CA
Chatham,42.41224,-82.18494,CA
Chelsea,45.5001,-75.78265,CA
Chestermere,51.03341,-113.81867,CA
Chibougamau,49.91684,-74.36586,CA
Chicoutimi,48.41963,-71.06369,CA
Chilliwack,49.16638,-121.95257,CA
Chippawa,43.0571,-79.04717,CA
Chisasibi,53.78333,-78.9,CA
Chomedey,45.53333,-73.75,CA
Churchill Park,47.577,-52.721,CA
Citadel,51.14533,-114.18125,CA
Clarence-Rockland,45.5501,-75.29101,CA
Clarenville,48.1666,-53.96482,CA
Clayburn,49.0691,-122.26176,CA
Clayton Park,44.66029,-63.64731,CA
Cliffcrest,43.72192,-79.23091,CA
Cloverdale,49.10797,-122.7276,CA
Coaldale,49.7167,-112.61854,CA
Coaticook,45.13339,-71.79907,CA
Cobourg,43.95977,-78.16515,CA
Cochrane,49.06689,-81.03307,CA
Cochrane,51.18341,-114.46871,CA
Cold Lake,54.46525,-110.18154,CA
Coldstream,50.21649,-119.20235,CA
College Park,52.12143,-106.59478,CA
Collingwood,44.4834,-80.21638,CA
Colwood,48.43293,-123.48591,CA
Comox,49.68294,-124.93613,CA
Conception Bay South,47.49989,-52.99806,CA
Concord,43.80011,-79.48291,CA
Confederation Park,52.14032,-106.73673,CA
Convoy Place,44.66785,-63.61431,CA
Cookshire-Eaton,45.41675,-71.6324,CA
Coquitlam,49.2846,-122.78217,CA
Coral Springs,51.10139,-113.93056,CA
Cordova Bay,48.51667,-123.36667,CA
Corner Brook,48.95001,-57.95202,CA
Cornwall,46.22652,-63.21809,CA
Cornwall,45.01809,-74.72815,CA
Coronation Park,50.47837,-104.62555,CA
Corunna,42.88338,-82.43313,CA
Coteau-du-Lac,45.30008,-74.18253,CA
Côte-Saint-Luc,45.46536,-73.66585,CA
Courtenay,49.68657,-124.9936,CA
Coventry Hills,51.16869,-114.05903,CA
Cowansville,45.20008,-72.74913,CA
Cranbrook,49.49991,-115.76879,CA
Crescent Heights,51.06276,-114.0683,CA
Creston,49.09987,-116.50211,CA
Dalhousie,51.11161,-114.15876,CA
Dartmouth,44.67134,-63.57719,CA
Dauphin,51.14941,-100.05023,CA
Dawson Creek,55.75984,-120.2403,CA
Deer Lake,49.16671,-57.43163,CA
Delhi,42.8501,-80.49968,CA
Delson,45.36678,-73.54917,CA
Delta,49.14399,-122.9068,CA
Departure Bay,49.20207,-123.97618,CA
Deux-Montagnes,45.53455,-73.90168,CA
Devon,53.36683,-113.73533,CA
Dieppe,46.07844,-64.68735,CA
Dolbeau-Mistassini,48.8786,-72.23142,CA
Dollard-Des Ormeaux,45.49452,-73.82419,CA
Dorchester,42.98339,-81.06643,CA
Dorset Park,43.75386,-79.28215,CA
Dorval,45.4473,-73.75335,CA
Douglas,45.97832,-66.73108,CA
Douglasdale,50.93889,-113.99306,CA
Dover,51.01991,-113.99294,CA
Drayton Valley,53.21682,-114.98544,CA
Drumheller,51.46171,-112.71011,CA
Drummondville,45.88336,-72.48241,CA
Dryden,49.78334,-92.75032,CA
Duncan,48.78293,-123.70266,CA
Dundarave,49.3362,-123.18764,CA
Dundonald,52.14838,-106.72839,CA
Dunluce,53.62286,-113.52654,CA
Dunnville,42.90011,-79.61631,CA
Duvernay,45.58333,-73.66667,CA
Duvernay-Est,45.65476,-73.60514,CA
Eagle Ridge,49.28778,-122.82167,CA
Eastern Passage,44.61685,-63.48199,CA
East Gwillimbury,44.10087,-79.43785,CA
Edgemont,51.12561,-114.14881,CA
Edmonton,53.55014,-113.46871,CA
Edson,53.58345,-116.43559,CA
Ellerslie,53.42876,-113.45641,CA
Elliot Lake,46.38336,-82.63315,CA
Elmira,43.60009,-80.5497,CA
Elora,43.6834,-80.43299,CA
Humbermede,43.7525,-79.54417,CA
Empire Park,53.48472,-113.50139,CA
Enfield,44.9434,-63.53613,CA
Erin,43.7729,-80.06436,CA
Ermineskin,53.45755,-113.50405,CA
Esquimalt,48.43569,-123.41174,CA
Essex,42.17509,-82.82483,CA
Estevan,49.13337,-102.98422,CA
Etobicoke,43.64415,-79.56985,CA
Etobicoke West Mall,43.64639,-79.56985,CA
Evansdale,53.61033,-113.48113,CA
Evergreen,50.92917,-114.1,CA
Fairfield,48.41667,-123.35,CA
Fairhaven,52.12143,-106.72839,CA
Fairvale,45.40083,-65.97167,CA
Fairview,44.65277,-63.64112,CA
Falconridge,51.10278,-113.94167,CA
Fall River,44.81685,-63.6154,CA
Farnham,45.28338,-72.98244,CA
Fernie,49.49996,-115.06871,CA
Fleetwood,49.16667,-122.8,CA
Flemingdon Park,43.71806,-79.33222,CA
Flin Flon,54.76703,-101.87433,CA
Forest Grove,52.14199,-106.59089,CA
Forest Heights,43.41944,-80.52333,CA
Forest Hills,43.42778,-80.50917,CA
Forest Lawn,51.0375,-113.97222,CA
Fort Erie,42.90012,-78.93286,CA
Fort Frances,48.61667,-93.4003,CA
Fort McMurray,56.72676,-111.38103,CA
Fort Saskatchewan,53.69814,-113.21382,CA
Fort St. John,56.24988,-120.85292,CA
Fraser Heights,49.2,-122.78333,CA
Fredericton,45.94541,-66.66558,CA
Gananoque,44.33342,-76.16607,CA
Gander,48.95624,-54.61647,CA
Ganges,48.85342,-123.50032,CA
Garden Village,49.23333,-123.0,CA
Garneau,53.52083,-113.5125,CA
Gaspé,48.83341,-64.48194,CA
Gatineau,45.47723,-75.70164,CA
Georgetown,43.65011,-79.91634,CA
Gibsons,49.39539,-123.50555,CA
Glace Bay,46.19695,-59.95698,CA
Glamorgan,51.01775,-114.14675,CA
Glenbrook,51.02971,-114.14561,CA
Glen Cairn,46.11667,-64.85,CA
Glenrosa,49.85,-119.66667,CA
Gloucester,45.35,-75.63333,CA
Goderich,43.74171,-81.71339,CA
Gordon Head,48.48333,-123.31667,CA
Granby,45.40008,-72.73243,CA
Grande Prairie,55.16667,-118.80271,CA
Grand Falls-Windsor,48.93324,-55.66492,CA
Greater Sudbury,46.49,-80.99001,CA
Grandview-Woodlands,49.27738,-123.07079,CA
Gravenhurst,44.91681,-79.36633,CA
Greater Napanee,44.25012,-76.94944,CA
Greely,45.26139,-75.56111,CA
Greenfield Park,45.48649,-73.46223,CA
Greenwood,44.97413,-64.93169,CA
Grimsby,43.20011,-79.56631,CA
Guelph,43.54594,-80.25599,CA
Guildford,49.19167,-122.8,CA
Guildwood,43.75262,-79.19486,CA
Gunningsville,46.0739,-64.77304,CA
Halton Hills,43.6403,-79.93146,CA
Hamilton,43.25011,-79.84963,CA
Hammonds Plains,44.73386,-63.77551,CA
Hampstead,45.48075,-73.6467,CA
Hamptons,51.1436,-114.14846,CA
Hanceville,51.91922,-123.04458,CA
Haney,49.21667,-122.6,CA
Hanover,44.15009,-81.03303,CA
Happy Valley-Goose Bay,53.3038,-60.32576,CA
Harvest Hills,51.14791,-114.0513,CA
Hastings-Sunrise,49.28333,-123.03333,CA
Hawkesbury,45.60009,-74.61595,CA
Hawkwood,51.13122,-114.17353,CA
Haysboro,50.96667,-114.08333,CA
Henry Farm,43.76952,-79.3524,CA
Heritage Park,43.45639,-80.44417,CA
Hespeler,43.4334,-80.31637,CA
Hidden Valley,51.14856,-114.1143,CA
Highland Creek,43.79068,-79.17555,CA
High River,50.58341,-113.86867,CA
Hildegarde,46.12296,-64.85392,CA
Hillcrest Village,43.80486,-79.35442,CA
Hillhurst,51.05434,-114.09431,CA
Hillsdale,50.42004,-104.60888,CA
Hinton,53.40009,-117.58567,CA
Hintonburg,45.40379,-75.7283,CA
Hope,49.38299,-121.44144,CA
Hudson,45.45008,-74.14922,CA
Humber Summit,43.7579,-79.57501,CA
Humphrey,46.11987,-64.77797,CA
Huntington Hills,51.11667,-114.06667,CA
Huntsville,45.33341,-79.21632,CA
Huron East,43.61679,-81.29975,CA
Imperoyal,44.63618,-63.5273,CA
Ingersoll,43.03339,-80.88302,CA
Inglewood,53.56203,-113.53598,CA
Innisfail,52.02688,-113.95071,CA
Innisfil,44.30011,-79.64964,CA
Ionview,43.73694,-79.27333,CA
Iqaluit,63.74697,-68.51727,CA
James Bay,48.41667,-123.38333,CA
Joliette,46.0164,-73.4236,CA
Kamloops,50.66648,-120.3192,CA
Kanata,45.3001,-75.91606,CA
Kapuskasing,49.41694,-82.43308,CA
Kelowna,49.88307,-119.48568,CA
Kennedy Park,43.72267,-79.26052,CA
Kenora,49.76741,-94.48985,CA
Kensington-Cedar Cottage,49.25,-123.06667,CA
Kentville,45.0771,-64.49605,CA
Keswick,44.25011,-79.46632,CA
Kilkenny,53.60833,-113.45278,CA
Killarney,49.22594,-123.04282,CA
Kimberley,49.67071,-115.9776,CA
Kincardine,44.18339,-81.63307,CA
King,43.96514,-79.59011,CA
King City,43.92856,-79.52694,CA
Kingston,44.22976,-76.48098,CA
Kingsville,42.10009,-82.73312,CA
Kirkland,45.45008,-73.86586,CA
Kirkland Lake,48.14461,-80.03767,CA
Kitchener,43.42537,-80.5112,CA
Kitimat,54.05244,-128.65342,CA
Kitsilano,49.26667,-123.16667,CA
Labrador City,52.94626,-66.91137,CA
Lac-Brome,45.21678,-72.51581,CA
Lachute,45.65008,-74.33253,CA
Lac-Mégantic,45.58338,-70.88234,CA
Lacombe,52.46681,-113.7353,CA
Ladysmith,48.99016,-123.81699,CA
Laflèche,45.50008,-73.46587,CA
Lake Bonavista,50.94204,-114.05422,CA
Lakeburn,46.10014,-64.68205,CA
Lakeshore Village,43.48833,-80.55111,CA
Lakeview,50.43143,-104.62333,CA
Lakeview,52.09532,-106.59783,CA
Lakeview,50.99674,-114.11954,CA
Lambton Shores,43.16678,-81.93309,CA
Langford,48.44963,-123.50261,CA
Langley,49.10107,-122.65883,CA
La Perle,53.53611,-113.64028,CA
La Prairie,45.41678,-73.49917,CA
La Ronge,55.10013,-105.28422,CA
LaSalle,42.24481,-83.06095,CA
La Sarre,48.80019,-79.19964,CA
L'Assomption,45.82318,-73.4294,CA
La Tuque,47.43337,-72.7824,CA
Laurentian Hills,43.42,-80.49472,CA
Laurentides,47.13336,-72.28239,CA
Laval,45.56995,-73.692,CA
Laval-des-Rapides,45.55642,-73.70007,CA
Lavaltrie,45.88338,-73.28245,CA
Lawson Heights,52.17115,-106.6195,CA
Leamington,42.05009,-82.59981,CA
Leduc,53.26682,-113.55201,CA
Les Coteaux,45.28338,-74.23254,CA
Lethbridge,49.69999,-112.81856,CA
Lewisville,46.10437,-64.7532,CA
L'Île-Perrot,45.38338,-73.9492,CA
Lindsay,44.35012,-78.73286,CA
Grand Bay-Westfield,45.36187,-66.24166,CA
Listowel,43.7334,-80.94973,CA
Lively,46.43338,-81.14975,CA
Lloydminster,53.27237,-110.02256,CA
London,42.98339,-81.23304,CA
Longueuil,45.5152,-73.46818,CA
Lorraine,45.68338,-73.78249,CA
Louiseville,46.25594,-72.94145,CA
Lower Lonsdale,49.31406,-123.0725,CA
Lowertown,45.43193,-75.69319,CA
Lutes Mountain,46.13544,-64.90504,CA
McKenzie Lake,50.90833,-113.98056,CA
Magog,45.26678,-72.14909,CA
Maillardville,49.23839,-122.86676,CA
Malvern,43.80938,-79.22344,CA
Maple Ridge,49.21939,-122.60193,CA
Marieville,45.43338,-73.16585,CA
Markham,43.86682,-79.2663,CA
Markland Wood,43.63347,-79.57569,CA
Marlborough,51.05925,-113.96813,CA
Marlborough Park,51.05833,-113.94444,CA
Martensville,52.28339,-106.66792,CA
Martindale,51.11806,-113.95556,CA
Marystown,47.16663,-55.14829,CA
Mascouche,45.74965,-73.59956,CA
Mayland Heights,51.06084,-114.01114,CA
McKenzie Towne,50.91342,-113.96736,CA
McMasterville,45.55008,-73.26585,CA
Meadow Lake,54.13348,-108.43471,CA
Medicine Hat,50.03928,-110.67661,CA
Melfort,52.86673,-104.61768,CA
Memramcook,46.00435,-64.55156,CA
Mercier,45.3105,-73.73976,CA
Merritt,50.11225,-120.7942,CA
Metchosin,48.38293,-123.53591,CA
Metrotown,49.225,-123.0,CA
Midland,44.7501,-79.88296,CA
Midnapore,50.91532,-114.05903,CA
Mill Bay,48.65,-123.55,CA
Millidgeville,45.3017,-66.10319,CA
Milliken,43.82499,-79.29872,CA
Millrise,50.91667,-114.08472,CA
Millview,44.70934,-63.67035,CA
Milton,43.51681,-79.88294,CA
Mimico,43.61616,-79.51269,CA
Mirabel,45.65008,-74.08251,CA
Miramichi,47.02895,-65.50186,CA
Mission,49.13298,-122.30258,CA
Mississauga,43.5789,-79.6583,CA
Mississippi Mills,45.23341,-76.19939,CA
Moncton,46.09454,-64.7965,CA
Monterey Park,51.08194,-113.92917,CA
Mont-Laurier,46.55011,-75.4993,CA
Montréal,45.50884,-73.58781,CA
Montréal-Ouest,45.45286,-73.64918,CA
Mont-Royal,45.51675,-73.64918,CA
Mont-Saint-Hilaire,45.56515,-73.1868,CA
Mont-Tremblant,46.21274,-74.58438,CA
Moose Jaw,50.40005,-105.53445,CA
Morden,49.1919,-98.10136,CA
Morinville,53.80014,-113.65203,CA
Mount Dennis,43.68694,-79.48917,CA
Mount Pearl,47.51659,-52.78135,CA
Mount Pleasant,51.07322,-114.07705,CA
Mount Pleasant,49.26667,-123.1,CA
Mount Royal,52.13588,-106.70061,CA
Murrayville,49.08333,-122.61667,CA
Nanaimo,49.16638,-123.94003,CA
Napanee,44.25012,-76.94944,CA
Nashwaaksis,45.98011,-66.65793,CA
Nelson,49.49985,-117.28553,CA
Nepean,45.33619,-75.7225,CA
New Glasgow,45.58344,-62.64863,CA
New Hamburg,43.38339,-80.6997,CA
Newmarket,44.05011,-79.46631,CA
Newton,49.13333,-122.85,CA
New Toronto,43.60019,-79.50527,CA
New Waterford,46.25014,-60.08175,CA
New Westminster,49.20678,-122.91092,CA
Niagara Falls,43.10012,-79.06627,CA
Niagara-on-the-Lake,43.25655,-79.08527,CA
Nicolet,46.23085,-72.61292,CA
Norfolk County,42.8334,-80.38297,CA
North Battleford,52.77972,-108.2967,CA
North Bay,46.3168,-79.46633,CA
North Cowichan,48.84133,-123.68596,CA
North Delta,49.16667,-122.91667,CA
North Kamloops,50.69978,-120.3692,CA
North Perth,43.7251,-80.96723,CA
North Saanich,48.66634,-123.41933,CA
North Sydney,46.20777,-60.25489,CA
North Vancouver,49.31636,-123.06934,CA
Notre-Dame-de-Grâce,45.47675,-73.61432,CA
Notre-Dame-de-l'Île-Perrot,45.36678,-73.9325,CA
Notre-Dame-des-Prairies,46.05007,-73.43245,CA
Nutana,52.11893,-106.65617,CA
Oak Bay,48.44964,-123.3026,CA
Oakridge,43.69686,-79.28028,CA
Oakridge,50.96762,-114.12889,CA
Oakridge,49.23333,-123.11667,CA
Oakville,43.45011,-79.68292,CA
Oakwood Village,43.68278,-79.43833,CA
Ogden,50.99306,-114.01389,CA
Okanagan Mission,49.81667,-119.48333,CA
Okotoks,50.72885,-113.98281,CA
Olds,51.78341,-114.10199,CA
Wîhkwêntôwin,53.54306,-113.52222,CA
Oliver,49.18306,-119.5524,CA
Orangeville,43.9168,-80.09967,CA
Orillia,44.60868,-79.42068,CA
Ormsby Place,53.49861,-113.64167,CA
Oromocto,45.83512,-66.47917,CA
Oshawa,43.90012,-78.84957,CA
Osoyoos,49.03306,-119.45237,CA
Ottawa,45.41117,-75.69812,CA
Ottawa South,45.3921,-75.68725,CA
Otterburn Park,45.53338,-73.21585,CA
Ottewell,53.52766,-113.43049,CA
Owen Sound,44.56717,-80.94349,CA
Oxford Heights,49.28115,-122.76013,CA
Panorama Hills,51.15286,-114.081,CA
Paradise,47.52909,-52.88136,CA
Parkridge,52.12421,-106.75116,CA
Parksville,49.31947,-124.31575,CA
Parry Sound,45.34732,-80.03527,CA
Peace River,56.23715,-117.29176,CA
Peachland,49.76862,-119.74633,CA
Pembroke,45.81681,-77.11616,CA
Penbrooke Meadows,51.05,-113.93333,CA
Penetanguishene,44.7834,-79.91637,CA
Penticton,49.48062,-119.58584,CA
Perth,44.90011,-76.24939,CA
Petawawa,45.89452,-77.28007,CA
Peterborough,44.30012,-78.31623,CA
Petrolia,42.882,-82.152,CA
Pickering,43.90012,-79.13289,CA
Pierrefonds,45.45989,-73.89284,CA
Pincourt,45.38338,-73.9825,CA
Pineridge,51.07441,-113.94608,CA
Pitt Meadows,49.22119,-122.68965,CA
Plantagenet,45.5326,-74.99369,CA
Pleasant Hill,52.1256,-106.6995,CA
Pointe-Calumet,45.50008,-73.9659,CA
Pointe-Claire,45.44868,-73.81669,CA
Pointe-du-Lac,48.50009,-71.78241,CA
Ponoka,52.6768,-113.58147,CA
Pont Rouge,48.88332,-72.08247,CA
Pont-Viau,45.57194,-73.68583,CA
Portage la Prairie,49.97282,-98.29263,CA
Port Alberni,49.24133,-124.8028,CA
Port-Cartier,50.03339,-66.86545,CA
Port Colborne,42.90012,-79.23288,CA
Port Coquitlam,49.26637,-122.76932,CA
Port Elgin,44.43605,-81.38981,CA
Port Hope,44.01682,-78.39953,CA
Port Moody,49.28124,-122.82457,CA
Port Wallace,44.69882,-63.54767,CA
Powell River,49.83278,-124.52368,CA
Prévost,45.86678,-74.08251,CA
Prince Albert,53.20008,-105.76772,CA
Prince Edward,44.00012,-77.24946,CA
Prince George,53.9166,-122.75301,CA
Prince Rupert,54.31507,-130.32098,CA
Princeville,45.76684,-61.29853,CA
Qualicum Beach,49.34783,-124.44231,CA
Queen Mary Park,53.55479,-113.51718,CA
Queensborough,49.18333,-122.93333,CA
Queenswood Heights,45.47083,-75.50556,CA
Quesnel,52.97842,-122.4931,CA
Quinte West,44.18342,-77.56618,CA
Quispamsis,45.42135,-65.95127,CA
Rabbittown,47.56799,-52.72304,CA
Ranchlands,51.11667,-114.18333,CA
Ranch Park,49.26047,-122.80906,CA
Rawdon,46.05007,-73.71587,CA
Rayside-Balfour,46.60873,-81.20763,CA
Redcliff,50.08336,-110.78495,CA
Red Deer,52.26682,-113.802,CA
Regent Park,43.66041,-79.3615,CA
Regina,50.45008,-104.6178,CA
Renfrew,45.46681,-76.68272,CA
Renfrew,51.06319,-114.03877,CA
Renfrew-Collingwood,49.245,-123.03758,CA
Repentigny,45.74222,-73.45008,CA
Revelstoke,50.99712,-118.1953,CA
Richelieu,45.44336,-73.24602,CA
Richmond,51.03056,-114.11389,CA
Richmond,49.17003,-123.13683,CA
Richmond Hill,43.87111,-79.43725,CA
Riverbend,50.975,-114.01389,CA
Riverview,46.05455,-64.81597,CA
Roberval,48.5168,-72.23244,CA
Rock Forest,45.35699,-71.99676,CA
Rockingham,44.67336,-63.64488,CA
Rocky Mountain House,52.36683,-114.9188,CA
Rocky Ridge,51.14479,-114.24459,CA
Rosedale,49.18333,-121.8,CA
Rosemère,45.63338,-73.79919,CA
Rosemount,43.45694,-80.46361,CA
Rothesay,45.38046,-65.96744,CA
Rouge,43.80406,-79.16571,CA
Rouyn-Noranda,48.23656,-79.02311,CA
Roxboro,45.50841,-73.80752,CA
Royal Oak,51.14349,-114.22245,CA
Royal Oak,48.48333,-123.38333,CA
Rundle,51.07419,-113.97079,CA
Russell,45.2501,-75.36602,CA
Rutland,49.89977,-119.38567,CA
Saanich,48.54964,-123.36931,CA
Saddle Ridge,51.13262,-113.94676,CA
Saguenay,48.41675,-71.06573,CA
Sahali,50.65,-120.33333,CA
Saint-Amable,45.65008,-73.29916,CA
Saint-Anselme,46.06395,-64.71261,CA
Saint-Basile-le-Grand,45.53338,-73.28246,CA
Saint-Bruno-de-Montarville,45.53341,-73.34916,CA
Saint-Canut,45.71502,-74.08376,CA
Saint-Césaire,45.41678,-72.99914,CA
Saint-Charles-Borromée,46.05007,-73.46586,CA
Saint-Constant,45.36678,-73.56588,CA
Sainte-Adèle,45.95008,-74.13251,CA
Sainte-Agathe-des-Monts,46.05009,-74.28252,CA
Sainte-Anne-de-Bellevue,45.40618,-73.9456,CA
Sainte-Anne-des-Monts,49.12402,-66.49243,CA
Sainte-Anne-des-Plaines,45.76468,-73.81156,CA
Sainte-Catherine,45.40008,-73.58248,CA
Sainte-Catherine,46.31836,-72.56632,CA
Sainte-Julie,45.58338,-73.33246,CA
Sainte-Marthe-sur-le-Lac,45.53338,-73.9325,CA
Sainte-Monique,48.73339,-71.84911,CA
Sainte-Thérèse,45.63922,-73.82757,CA
Saint-Eustache,45.565,-73.90554,CA
Saint-Félicien,48.65007,-72.44906,CA
Saint-Félix-de-Valois,46.16977,-73.42525,CA
Saint-Hippolyte,45.93338,-74.0159,CA
Saint-Honoré,48.53338,-71.08236,CA
Saint-Hubert,45.50008,-73.41583,CA
Saint-Hyacinthe,45.63076,-72.95699,CA
Saint-Jean-sur-Richelieu,45.30713,-73.26259,CA
Saint-Jérôme,45.78036,-74.00365,CA
Saint John,45.27076,-66.05616,CA
Saint John East,45.2878,-66.04066,CA
Saint John West,45.25937,-66.07776,CA
Saint-Joseph-du-Lac,45.53338,-73.9992,CA
Saint-Laurent,45.50008,-73.66585,CA
Saint-Lazare,45.40008,-74.13256,CA
Saint-Léonard,45.58773,-73.59501,CA
Saint-Lin-Laurentides,45.85008,-73.76588,CA
Saint-Louis-de-Terrebonne,45.70198,-73.78669,CA
Saint-Michel,45.56758,-73.62168,CA
Saint-Philippe,45.37597,-73.48111,CA
Saint-Pie,45.50277,-72.9089,CA
Saint-Rémi,45.26678,-73.61588,CA
Saint-Sauveur,45.88686,-74.17943,CA
Saint-Sauveur-des-Monts,45.90008,-74.16591,CA
Saint-Vincent-de-Paul,45.61678,-73.64918,CA
Saint-Zotique,45.25009,-74.24924,CA
Salaberry-de-Valleyfield,45.25008,-74.13253,CA
Salmon Arm,50.69981,-119.26907,CA
Sandstone Valley,51.13811,-114.0937,CA
Sardis,49.13333,-121.95,CA
Sarnia,42.97866,-82.40407,CA
Saskatoon,52.13238,-106.66892,CA
Sault Ste. Marie,46.51677,-84.33325,CA
Scarborough Village,43.73899,-79.22124,CA
Scenic Acres,51.11806,-114.22222,CA
Seafair,49.15,-123.18333,CA
Sechelt,49.47512,-123.75903,CA
Selkirk,50.1436,-96.88452,CA
Sept-Îles,50.20011,-66.38208,CA
Shaughnessy,49.25,-123.13333,CA
Shawinigan,46.56675,-72.74913,CA
Shawnessy,50.90694,-114.08194,CA
Shediac,46.21981,-64.54107,CA
Shelburne,44.0787,-80.20408,CA
Sherbrooke,45.40008,-71.89908,CA
Sherwood,46.26822,-63.12839,CA
Sherwood-McCarthy,50.49171,-104.68055,CA
Sherwood Park,53.51684,-113.3187,CA
Sidney,48.64964,-123.40262,CA
Signal Hill,51.02361,-114.17361,CA
Silver Springs,51.10417,-114.19155,CA
Silverwood Heights,52.17977,-106.62005,CA
Simcoe,42.8334,-80.29967,CA
Sioux Lookout,50.09906,-91.92158,CA
Slave Lake,55.28344,-114.76896,CA
Smithers,54.78036,-127.17428,CA
Smiths Falls,44.90452,-76.02333,CA
Somerset,50.89583,-114.08611,CA
Sooke,48.37463,-123.72762,CA
Sorel-Tracy,46.04178,-73.11358,CA
South Cambie,49.25,-123.11667,CA
South Huron,43.31679,-81.51647,CA
South Slope,49.21667,-123.0,CA
South Surrey,49.05,-122.79167,CA
Southwood,50.9561,-114.08495,CA
Spruce Grove,53.53344,-113.91874,CA
Spryfield,44.61163,-63.61771,CA
Squamish,49.69925,-123.15631,CA
St. Albert,53.63344,-113.63533,CA
Stanley Park,43.44639,-80.44417,CA
St. Catharines,43.17126,-79.24267,CA
Steeles,43.81205,-79.33082,CA
Steinbach,49.52579,-96.68451,CA
Stephenville,48.55001,-58.5818,CA
Stettler,52.31683,-112.71861,CA
Stittsville,45.2501,-75.91606,CA
St. Marys,43.25009,-81.13304,CA
Stoney Creek,43.21681,-79.76633,CA
Stony Plain,53.53343,-114.00205,CA
Stouffville,43.96682,-79.2496,CA
St. Paul,53.98347,-111.28507,CA
Stratford,46.21792,-63.07948,CA
Stratford,43.36679,-80.94972,CA
Strathcona,53.52083,-113.48333,CA
Strathcona,49.27655,-123.09117,CA
Strathmore,51.05011,-113.38523,CA
Strathroy,42.9551,-81.62232,CA
Strawberry Hill,49.13333,-122.88333,CA
St. Thomas,42.77361,-81.18038,CA
Sturgeon Falls,46.36679,-79.91636,CA
Summerland,49.59977,-119.66911,CA
Summerside,46.3912,-63.78869,CA
Sundance,50.9,-114.03889,CA
Sunshine Hills,49.11667,-122.9,CA
Surrey,49.10635,-122.82509,CA
Surrey Centre,49.11667,-122.75,CA
Sussex,45.72266,-65.50663,CA
Sutherland,52.13899,-106.60402,CA
Swift Current,50.28337,-107.80135,CA
Sylvan Lake,52.311,-114.08375,CA
Taber,49.78703,-112.14603,CA
Tam O'Shanter-Sullivan,43.77977,-79.29502,CA
Taradale,51.11829,-113.93681,CA
Tecumseh,42.316,-82.884,CA
Temiskaming Shores,47.49376,-79.71529,CA
Temple,51.08811,-113.94711,CA
Templeton-Est,45.49389,-75.58833,CA
Terrace,54.51634,-128.60345,CA
Terrebonne,45.70004,-73.64732,CA
The Beaches,43.67372,-79.29539,CA
The Glebe,45.40393,-75.69005,CA
The Pas,53.82159,-101.24488,CA
Thompson,55.7435,-97.85579,CA
Thompson,49.16667,-123.16667,CA
Thorncliffe,51.10278,-114.06667,CA
Thorold,43.11682,-79.19958,CA
Thunder Bay,48.38202,-89.25018,CA
Tillicum,48.45,-123.4,CA
Tillsonburg,42.85986,-80.72617,CA
Timberlea,44.66239,-63.74625,CA
Timmins,48.46686,-81.33312,CA
Torbay,47.66659,-52.73135,CA
Toronto,43.70643,-79.39864,CA
Tottenham,44.02437,-79.80553,CA
Trail,49.09983,-117.70223,CA
Trois-Rivières,46.34515,-72.5477,CA
Truro,45.36685,-63.26538,CA
Tsawwassen,49.01667,-123.08333,CA
Tuscany,51.12432,-114.24494,CA
Tuxedo Park,51.07463,-114.06023,CA
Uplands,50.49337,-104.60583,CA
Uxbridge,44.10012,-79.11628,CA
Val-David,46.03338,-74.21592,CA
Val-des-Arbres,45.59837,-73.67542,CA
Val-des-Monts,45.6501,-75.66604,CA
Val-d'Or,48.0974,-77.79737,CA
Valley Ridge,51.09722,-114.25694,CA
Vancouver,49.24966,-123.11934,CA
Vanier,45.4399,-75.66498,CA
Varennes,45.68338,-73.43246,CA
Varsity,51.09167,-114.15556,CA
Vaudreuil-Dorion,45.40008,-74.03251,CA
Vaughan,43.8361,-79.49827,CA
Vedder Crossing,49.1,-121.96667,CA
Vegreville,53.50015,-112.05182,CA
Verdun,45.46005,-73.57058,CA
Vernon,50.26729,-119.27337,CA
Victoria,48.4359,-123.35155,CA
Victoria-Fraserview,49.21667,-123.06667,CA
Victoria Hills,43.44072,-80.52086,CA
Victoriaville,46.05007,-71.96579,CA
View Royal,48.45793,-123.45261,CA
Wainwright,52.83482,-110.85342,CA
Warman,52.31679,-106.56791,CA
Wasaga Beach,44.5168,-80.01637,CA
Waterdown,43.33341,-79.88293,CA
Waterloo,43.4668,-80.51639,CA
Welland,42.98342,-79.24958,CA
West End,49.28333,-123.13333,CA
West Hill,43.76737,-79.1795,CA
West Hillhurst,51.05407,-114.12083,CA
Westmount,45.48341,-73.59918,CA
Westmount,53.55459,-113.54173,CA
West Nipissing,46.37157,-79.92451,CA
Weston,43.70359,-79.51513,CA
West Point Grey,49.26667,-123.2,CA
Westsyde,50.76667,-120.35,CA
Wetaskiwin,52.96683,-113.36869,CA
Weyburn,49.66675,-103.85109,CA
Whalley,49.17917,-122.86667,CA
Whistler,50.11817,-122.95396,CA
Whitby,43.88342,-78.93287,CA
Whitchurch-Stouffville,44.00012,-79.3163,CA
Whitecourt,54.15015,-115.68548,CA
Whitehorn,51.08333,-113.96667,CA
Whitehorse,60.71611,-135.05375,CA
White Rock,49.02049,-122.79507,CA
Whitmore Park,50.40421,-104.60666,CA
Wildwood,52.10976,-106.5945,CA
Williams Lake,52.14153,-122.14451,CA
Willingdon Heights,49.275,-123.00833,CA
Willow Park,50.95556,-114.05556,CA
Windsor,45.56678,-71.99909,CA
Windsor,42.30008,-83.01654,CA
Winkler,49.1817,-97.94104,CA
Winnipeg,49.8844,-97.14704,CA
Woburn,43.76657,-79.22773,CA
Woodbine,50.9375,-114.12917,CA
Woodlands,50.94167,-114.10833,CA
Woodlawn,44.67747,-63.52733,CA
Woodside,44.65015,-63.54869,CA
Woodstock,46.15796,-67.58377,CA
Woodstock,43.13339,-80.7497,CA
Wychwood,43.67757,-79.4218,CA
Yarmouth,43.83345,-66.11557,CA
Yellowknife,62.45411,-114.37248,CA
Yennadon,49.23297,-122.5859,CA
Yorkton,51.2167,-102.46766,CA
Beauceville,46.21785,-70.77873,CA
Halifax,44.64269,-63.57688,CA
St. John's,47.56494,-52.70931,CA
Beauport,46.85884,-71.19201,CA
Charlesbourg,46.899,-71.305,CA
Sainte-Foy,46.78139,-71.29217,CA
Québec,46.81228,-71.21454,CA
Lévis,46.80326,-71.17793,CA
Montmagny,46.98043,-70.55493,CA
Rimouski,48.44879,-68.52396,CA
Rivière-du-Loup,47.82699,-69.54243,CA
Sydney,46.1351,-60.1831,CA
Aylmer,45.4002,-75.80644,CA
L'Ancienne-Lorette,46.79392,-71.35191,CA
Edmundston,47.3737,-68.32512,CA
Saint-Georges,46.11353,-70.66526,CA
Grand Falls,47.04609,-67.74179,CA
Sainte Catherine de la Jacques Cartier,46.85244,-71.62056,CA
Baie-Saint-Paul,47.44109,-70.49858,CA
Boischatel,46.89434,-71.1448,CA
Campbellton,48.00751,-66.67272,CA
Bathurst,47.61814,-65.65112,CA
Matane,48.82857,-67.52197,CA
Paris,43.2,-80.38333,CA
Hull,45.42761,-75.71056,CA
Buckingham,45.58563,-75.4208,CA
Amqui,48.46382,-67.43134,CA
Chandler,48.34935,-64.67926,CA
Thetford-Mines,46.09371,-71.30539,CA
Mont-Joli,48.58388,-68.19214,CA
La Malbaie,47.654,-70.15268,CA
Sainte-Marie,46.43401,-71.01168,CA
Plessisville,46.21856,-71.76201,CA
Cole Harbour,44.67244,-63.47506,CA
West Kelowna,49.8625,-119.58333,CA
Sydney Mines,46.23669,-60.21767,CA
Jonquière,48.41648,-71.24884,CA
Port Perry,44.10676,-78.94441,CA
Saint-Augustin-de-Desmaures,46.74064,-71.45131,CA
Donnacona,46.68042,-71.7239,CA
Saint-Joseph-de-Beauce,46.3,-70.86667,CA
Ladner,49.08938,-123.08241,CA
Steveston,49.12714,-123.18137,CA
Downtown,53.54021,-113.49907,CA
Hollick-Kenyon,53.62209,-113.42465,CA
Brintnell,53.62077,-113.40757,CA
Cumberland,53.61094,-113.5534,CA
Promontory,49.10354,-121.9352,CA
Walnut Grove,49.16473,-122.64042,CA
Aldergrove,49.05801,-122.47087,CA
Willoughby,49.12624,-122.67995,CA
Norway House,53.98214,-97.83265,CA
Evanston,51.16398,-114.12297,CA
Moss Park,43.65498,-79.37153,CA
Casa Loma,43.68345,-79.41248,CA
Erin Woods,51.02061,-113.96985,CA
High Park North,43.65626,-79.47454,CA
Cranston,50.88852,-113.98144,CA
Auburn Bay,50.88787,-113.95929,CA
Beltline,51.03951,-114.07087,CA
Roncesvalles,43.64887,-79.45016,CA
Springbank Hill,51.03254,-114.19481,CA
Aspen Woods,51.0428,-114.19275,CA
Kincora,51.15943,-114.1337,CA
Dufferin Grove,43.65766,-79.42793,CA
Little Portugal,43.64663,-79.42956,CA
Niagara,43.64455,-79.40712,CA
Trinity-Bellwoods,43.64791,-79.40849,CA
Long Branch,43.5914,-79.53252,CA
Morningside,43.78727,-79.20636,CA
Eglinton East,43.73917,-79.24576,CA
Woodbine Corridor,43.67836,-79.31571,CA
Greenwood-Coxwell,43.68035,-79.32661,CA
Woodbine-Lumsden,43.69214,-79.3097,CA
Pleasant View,43.78609,-79.33502,CA
Fergus,43.70604,-80.37761,CA
New Brighton,50.92046,-113.94505,CA
Almonte,45.22993,-76.19585,CA
Ancaster,43.21806,-79.98716,CA
Shannon,46.88026,-71.51464,CA
Saint-Henri,46.69314,-71.06927,CA
Pont-Rouge,46.75468,-71.69566,CA
Princeville,46.17163,-71.87462,CA
Nanoose Bay,49.27237,-124.19332,CA
West Vancouver,49.3286,-123.16019,CA
Orléans,45.45732,-75.50433,CA
Willowdale,43.76672,-79.39909,CA
Saint-Apollinaire,46.61289,-71.51258,CA
Embrun,45.27573,-75.27266,CA
Saint Romuald,46.75818,-71.23921,CA
Lower Sackville,44.77599,-63.67865,CA
Le Plateau,45.43514,-75.7803,CA
Wild Rose,53.4708,-113.38119,CA
Silver Berry,53.45787,-113.3817,CA
Saint-Roch-de-l'Achigan,45.85921,-73.58959,CA
Aldergrove,53.51679,-113.64116,CA
Lymburn,53.50754,-113.64216,CA
Rutherford,53.41833,-113.52989,CA
Ambleside,53.42994,-113.59916,CA
MacEwan,53.42845,-113.5274,CA
Kiniski Gardens,53.47503,-113.40121,CA
The Hamptons,53.48802,-113.67565,CA
Glastonbury,53.50332,-113.66985,CA
Twin Brooks,53.44272,-113.53038,CA
South Terwillegar,53.44006,-113.57893,CA
Summerside,53.41726,-113.46108,CA
Terwillegar Towne,53.44984,-113.57843,CA
Allard,53.40019,-113.52655,CA
Sage Hill,51.17592,-114.14111,CA
Cougar Ridge,51.07113,-114.20842,CA
Walden,50.86973,-114.02584,CA
Sherwood,51.1595,-114.15318,CA
Downtown Commercial Core,51.0472,-114.06996,CA
Nolan Hill,51.17551,-114.16552,CA
Copperfield,50.91517,-113.92703,CA
Redstone,51.17048,-113.95777,CA
Legacy,50.85603,-114.00486,CA
Skyview Ranch,51.15849,-113.95714,CA
Abbeydale,51.0593,-113.92857,CA
Albert Park/Radisson Heights,51.04294,-113.99584,CA
Silverado,50.88479,-114.07174,CA
Mahogany,50.89608,-113.92487,CA
La Haute-Saint-Charles,46.89028,-71.37222,CA
Neufchâtel-Est–Lebourgneuf,46.85436,-71.34191,CA
Downtown Vancouver,49.27784,-123.12794,CA
Coal Harbour,49.28977,-123.1232,CA
Yaletown,49.27608,-123.11772,CA
Chinatown,49.27997,-123.10556,CA
Fallingbrook,45.47558,-75.48401,CA
Grand Centre,54.41628,-110.21304,CA
Lake Country,50.0088,-119.39672,CA
Hanwell,45.88308,-66.76905,CA
Valley East,46.64499,-80.9973,CA
Hauterive,49.19572,-68.25813,CA
Downtown Halifax,44.64826,-63.57762,CA
Spallumcheen,50.40146,-119.22039,CA
York University Heights,43.76574,-79.48888,CA
Parkwoods-Donalda,43.75503,-79.33018,CA
South Parkdale,43.6367,-79.43934,CA
South Riverdale,43.64929,-79.33565,CA
North St.James Town,43.66962,-79.37525,CA
Waterfront Communities-The Island,43.63388,-79.3772,CA
West Humber-Clairville,43.71619,-79.59636,CA
Banbury-Don Mills,43.73766,-79.34972,CA
Birchcliffe-Cliffside,43.69468,-79.26509,CA
Islington-City Centre West,43.63347,-79.54332,CA
Centennial Scarborough,43.78238,-79.15084,CA
Mount Pleasant West,43.70444,-79.39336,CA
Humewood-Cedarvale,43.69137,-79.42768,CA
Beechborough-Greenbrook,43.69322,-79.47947,CA
Blake-Jones,43.67617,-79.33739,CA
Forest Hill North,43.70422,-79.42814,CA
Corso Italia-Davenport,43.67766,-79.44747,CA
Danforth,43.68403,-79.32982,CA
Eringate-Centennial-West Deane,43.65802,-79.58044,CA
Junction Area,43.66789,-79.47144,CA
University,43.66251,-79.40118,CA
Dovercourt-Wallace Emerson-Junction,43.66568,-79.43854,CA
Edenbridge-Humber Valley,43.67089,-79.52246,CA
Newtonbrook East,43.79154,-79.40594,CA
Yonge-St.Clair,43.68786,-79.39787,CA
Newtonbrook West,43.78583,-79.43142,CA
L'Amoreaux,43.79572,-79.31408,CA
Yorkdale-Glen Park,43.71467,-79.45711,CA
Taylor-Massey,43.695,-79.2959,CA
Lambton Baby Point,43.65742,-79.49605,CA
Lawrence Park North,43.73006,-79.40398,CA
Palmerston-Little Italy,43.65916,-79.41841,CA
Lansing-Westgate,43.75427,-79.42475,CA
Lawrence Park South,43.71721,-79.40604,CA
Leaside-Bennington,43.7038,-79.36607,CA
Rexdale-Kipling,43.72373,-79.56623,CA
Mount Olive-Silverstone-Jamestown,43.74687,-79.58726,CA
Mount Pleasant East,43.70485,-79.38492,CA
North Riverdale,43.672,-79.35126,CA
Old East York,43.69678,-79.33549,CA
Willowdale West,43.77121,-79.42756,CA
Black Creek,43.76489,-79.52198,CA
Rockcliffe-Smythe,43.67479,-79.49442,CA
Pelmo Park-Humberlea,43.71752,-79.52828,CA
Playter Estates-Danforth,43.6797,-79.35489,CA
Rosedale-Moore Park,43.68282,-79.37967,CA
Runnymede-Bloor West Village,43.65927,-79.48571,CA
Rustic,43.71161,-79.49809,CA
Stonegate-Queensway,43.63552,-79.50113,CA
Briar Hill-Belgravia,43.69902,-79.45285,CA
Danforth East York,43.68947,-79.3314,CA
St. Andrew-Windfields,43.75625,-79.37904,CA
Broadview North,43.68883,-79.35563,CA
Thistletown-Beaumond Heights,43.73799,-79.56349,CA
Annex,43.67159,-79.404,CA
Thorncliffe Park,43.70775,-79.34998,CA
Victoria Village,43.72849,-79.31487,CA
Caledonia-Fairbank,43.68857,-79.45521,CA
Wexford/Maryvale,43.74857,-79.29864,CA
Weston-Pellam Park,43.67396,-79.46024,CA
Westminster-Branson,43.77881,-79.45242,CA
Willowdale East,43.7706,-79.40148,CA
Yonge-Eglinton,43.70469,-79.40359,CA
Maple Leaf,43.71557,-79.48076,CA
Willowridge-Martingrove-Richview,43.68364,-79.55422,CA
Church-Yonge Corridor,43.65965,-79.37902,CA
Brookhaven-Amesbury,43.70133,-79.48559,CA
O'Connor-Parkview,43.7068,-79.31223,CA
Princess-Rosethorn,43.66605,-79.54456,CA
Kensington-Chinatown,43.65355,-79.39724,CA
Bay Street Corridor,43.65751,-79.38572,CA
Agincourt South-Malvern West,43.78866,-79.26561,CA
Bayview Woods-Steeles,43.7968,-79.38212,CA
East End-Danforth,43.68417,-79.29936,CA
Cabbagetown-South St.James Town,43.66765,-79.36611,CA
Keelesdale-Eglinton West,43.68573,-79.47144,CA
Englemount-Lawrence,43.72035,-79.43741,CA
Forest Hill South,43.69453,-79.41432,CA
Humber Heights-Westmount,43.69223,-79.52242,CA
Bedford Park-Nortown,43.73149,-79.42023,CA
Bathurst Manor,43.76481,-79.45606,CA
Clanton Park,43.74198,-79.4463,CA
Clairlea-Birchmount,43.71359,-79.28138,CA
Bridle Path-Sunnybrook-York Mills,43.73101,-79.37891,CA
Don Valley Village,43.78329,-79.35364,CA
Elms-Old Rexdale,43.72152,-79.54898,CA
Downsview-Roding-CFB,43.73329,-79.49049,CA
Glenfield-Jane Heights,43.74564,-79.51347,CA
High Park-Swansea,43.64506,-79.46787,CA
Kingsview Village-The Westway,43.69899,-79.54786,CA
Kingsway South,43.65352,-79.51058,CA
Three Rivers,46.1845,-62.5679,CA
L'Île-Bizard–Sainte-Geneviève,45.49391,-73.8956,CA
Vieux-Montréal,45.50621,-73.54164,CA
Ville-Émard,45.44979,-73.6015,CA
Snowdon,45.4859,-73.63103,CA
Saint-Henri,45.46761,-73.60064,CA
Petite-Bourgogne,45.48867,-73.56812,CA
Pointe-Saint-Charles,45.48072,-73.55485,CA
Mile End,45.5237,-73.59631,CA
Parc-Extension,45.52951,-73.63176,CA
Outremont,45.51564,-73.60865,CA
Desmarchais-Crawford,45.44554,-73.58163,CA
Ile-des-Soeurs,45.46033,-73.54817,CA
Milton-Parc,45.51004,-73.57455,CA
Ct 0003,45.60562,-73.52713,CA
Ct 0007,45.59465,-73.52896,CA
Ct 0011,45.58357,-73.53525,CA
Ct 0012,45.57861,-73.53771,CA
Ct 0013,45.56922,-73.54416,CA
Ct 0014,45.55754,-73.54319,CA
West St. Paul,50.01043,-97.14213,CA
Fairview,49.26305,-123.13212,CA
Dunbar-Southlands,49.24217,-123.1884,CA
Marpole,49.21359,-123.12979,CA
Sunset,49.22104,-123.09546,CA
Riley Park,49.24303,-123.09319,CA
Marlborough,49.22946,-122.98986,CA
Stride Hill,49.20957,-122.96379,CA
Clinton-Glenwood,49.21213,-122.97957,CA
Kingsway-Beresford,49.22482,-122.96403,CA
Edmonds,49.21392,-122.93992,CA
Lochdale,49.27373,-122.96479,CA
West Cambie,49.18293,-123.11691,CA
East Cambie,49.18434,-123.09267,CA
Blundell,49.15531,-123.15706,CA
Shellmont,49.13478,-123.09631,CA
Surrey City Centre,49.18542,-122.84659,CA
Burke Mountain,49.29363,-122.75613,CA
Westwood Plateau,49.30461,-122.79338,CA
Cape Horn,49.22684,-122.8369,CA
Burnside-Gorge,48.44339,-123.37605,CA
Victoria-Downtown,48.4277,-123.36104,CA
Fernwood,48.42979,-123.34424,CA
Hillside-Quadra,48.44473,-123.35598,CA
Jubilee,48.43034,-123.32833,CA
Oaklands,48.4439,-123.34065,CA
Victoria West,48.43188,-123.38214,CA
Carey,48.47205,-123.39483,CA
Shelbourne,48.45299,-123.32903,CA
Saanich Core,48.45481,-123.37451,CA
Rural Saanich,48.49734,-123.42876,CA
Kerrisdale,49.23442,-123.15511,CA
Lougheed,49.2481,-122.89236,CA
Harewood,49.1474,-123.94739,CA
Central Lonsdale,49.32574,-123.07234,CA
Ambleside,49.32777,-123.14375,CA
Whatcom,49.04144,-122.23988,CA
Fairfield,49.06705,-122.31522,CA
Townline,49.06206,-122.36008,CA
Historic Downtown,49.05141,-122.29335,CA
McMillan,49.04494,-122.26665,CA
Marshall-McCallum,49.03723,-122.30168,CA
South Clearbrook,49.04065,-122.32794,CA
Cedar Valley,49.16172,-122.31047,CA
Hammond,49.21931,-122.65327,CA
Port Haney,49.21227,-122.60474,CA
Chilliwack-Downtown,49.1643,-121.95907,CA
Quilchena,49.24341,-123.1508,CA
English Bay,49.28458,-123.14255,CA
South Granville,49.2602,-123.13946,CA
Downtown Eastside,49.2818,-123.09351,CA
University Endowment Lands,49.26418,-123.239,CA
Maywood,49.22219,-123.00588,CA
East Hastings,49.27169,-123.06186,CA
Hamilton,49.17401,-122.97428,CA
Central Coquitlam,49.26028,-122.83815,CA
College Park,49.28199,-122.87865,CA
Inlet Centre,49.27611,-122.84538,CA
Coquitlam Town Centre,49.27697,-122.79669,CA
Coquitlam West,49.25702,-122.87883,CA
Hockaday,49.29678,-122.77035,CA
Canyon Springs,49.29148,-122.79542,CA
New Horizons,49.28125,-122.77906,CA
Douglas-Gilpin,49.24438,-122.98215,CA
Cameron,49.25619,-122.90671,CA
Lyndhurst,49.26544,-122.89919,CA
Second Street,49.22372,-122.92205,CA
Sapperton,49.22642,-122.89452,CA
Champlain Heights,49.20919,-123.026,CA
Terra Nova,49.16972,-123.18905,CA
Garden City,49.16711,-123.12178,CA
Woodwards,49.14675,-123.15489,CA
Ironwood,49.12609,-123.09512,CA
South Arm,49.14032,-123.12483,CA
Brow of the Hill,49.20213,-122.92015,CA
Uptown,49.2121,-122.91929,CA
Glenwood,49.27338,-122.78003,CA
Riverwood,49.25579,-122.73579,CA
Douglas,49.10229,-122.65114,CA
East Clayton,49.12487,-122.70172,CA
West Clayton,49.12908,-122.71571,CA
Renfrew Heights,49.25448,-123.03159,CA
Gastown,49.28513,-123.11168,CA
Marpole South,49.20613,-123.13182,CA
Cedar Cove,49.28648,-123.06077,CA
Kahnawake,45.41076,-73.68139,CA
Le Plateau-Mont-Royal,45.52833,-73.58081,CA
Ville-Marie,45.49899,-73.57046,CA
Le Sud-Ouest,45.47187,-73.58986,CA
Mercier–Hochelaga-Maisonneuve,45.57194,-73.54626,CA
Montréal-Nord,45.6016,-73.63063,CA
Pierrefonds-Roxboro,45.5019,-73.8417,CA
Rivière-des-Prairies–Pointe-aux-Trembles,45.64064,-73.58463,CA
Rosemont–La Petite-Patrie,45.53661,-73.60686,CA
Villeray–Saint-Michel–Parc-Extension,45.55869,-73.60535,CA
Le Vieux-Longueuil,45.53721,-73.50773,CA
Punjabi Market,49.23303,-123.10161,CA
Halifax South End,44.62927,-63.57651,CA
Quinpool District,44.64335,-63.59847,CA
Halifax West End,44.6486,-63.61946,CA
Halifax North End,44.66556,-63.60898,CA
Manor Park,44.67164,-63.54898,CA
Downtown Dartmouth,44.66684,-63.56595,CA
Forest Hills,44.68009,-63.48823,CA
Membertou,46.11518,-60.18932,CA
Downtown St. John's,47.56075,-52.711,CA
Forest Heights,51.04941,-113.97012,CA
Mt Pleasant,49.26239,-123.10019,CA
East Newton North,49.14347,-122.81388,CA
East Newton South,49.12938,-122.80904,CA
Highway 11,49.03576,-122.28365,CA
Downtown Moncton,46.09231,-64.78535,CA
Central Moncton,46.09696,-64.79623,CA
Downtown Dieppe,46.09521,-64.74371,CA
Parkton,46.08553,-64.79536,CA
North End,45.27017,-66.08137,CA
Uptown Saint John,45.2728,-66.05945,CA
Mount Cashel,47.58882,-52.70962,CA
Kilbride,47.50649,-52.75596,CA
Southlands,47.49313,-52.8238,CA
Mundy Pond,47.5491,-52.74648,CA
Donovans,47.52184,-52.83635,CA
Pearlgate,47.5019,-52.80324,CA
Beechwood,43.46041,-80.54989,CA
Beechwood West,43.45823,-80.56614,CA
Central,43.46475,-80.52185,CA
Clair Hills,43.45625,-80.58172,CA
Columbia,43.48468,-80.53349,CA
Columbia Hills,43.46987,-80.60084,CA
Eastbridge,43.51273,-80.50816,CA
Lakeshore North-Conservation,43.49656,-80.56116,CA
Laurelwood,43.46866,-80.58005,CA
Lexington,43.49736,-80.49121,CA
Lincoln,43.49527,-80.50656,CA
Westvale,43.44452,-80.55669,CA
Willowdale,43.47875,-80.50387,CA
Colonial Acres,43.50107,-80.51774,CA
Centreville Chicopee,43.43556,-80.4281,CA
Country Hills West,43.41111,-80.48653,CA
Doon South,43.37818,-80.43091,CA
Grand River South,43.45043,-80.40432,CA
Highland West,43.43152,-80.54429,CA
Huron Park,43.40231,-80.47927,CA
Idlewood,43.45004,-80.42768,CA
Mount Hope Huron Park,43.45942,-80.49644,CA
Pioneer Park,43.39269,-80.44095,CA
Southdale,43.43363,-80.49117,CA
Vanier,43.42675,-80.45148,CA
East Hespeler,43.43458,-80.29559,CA
Silver Heights,43.44012,-80.31471,CA
Blair Road,43.37112,-80.33448,CA
Christopher-Champlain,43.34728,-80.30186,CA
Fiddlesticks,43.39484,-80.28741,CA
Greenway-Chaplin,43.3842,-80.31139,CA
Lang's Farm,43.39783,-80.33558,CA
Little's Corners,43.34386,-80.27583,CA
Popcorn House,43.41953,-80.29878,CA
Preston Centre,43.39437,-80.35936,CA
La Cité-Limoilou,46.82894,-71.22641,CA
Les Rivières,46.81847,-71.272,CA
Nutana Sector,52.09998,-106.63709,CA
Core Neighbourhoods,52.13041,-106.67231,CA
Holmwood,52.1234,-106.53904,CA
Lakewood,52.1085,-106.59027,CA
University Heights,52.14432,-106.57867,CA
Blairmore,52.13081,-106.74275,CA
Confederation,52.13912,-106.70356,CA
Lawson,52.16432,-106.63884,CA
Briarwood,52.1111,-106.55907,CA
Rosewood,52.09269,-106.5542,CA
Stonebridge,52.08454,-106.62266,CA
Arbor Creek,52.13154,-106.57185,CA
Evergreen,52.16686,-106.56717,CA
Silverspring,52.15621,-106.59231,CA
Willowgrove,52.14681,-106.55466,CA
Kensington,52.13352,-106.75963,CA
Hampton Village,52.15421,-106.71752,CA
Northeast Regina,50.47678,-104.60686,CA
Arcola East,50.43308,-104.53601,CA
Dewdney East,50.45428,-104.54671,CA
Al Ritchie,50.44248,-104.58496,CA
Cathedral,50.44512,-104.63124,CA
North Central,50.45715,-104.62776,CA
Harbour Landing,50.40742,-104.6523,CA
Prairie View,50.47671,-104.68614,CA
Rosemont-Mount Royal,50.46288,-104.66477,CA
Twin Lakes,50.50068,-104.67527,CA
Walsh Acres-Lakeridge-Garden Ridge,50.49703,-104.65663,CA
College Heights,48.44072,-89.23475,CA
Northwood,48.3891,-89.27522,CA
Shuniah,48.46318,-89.20744,CA
Westfort,48.36509,-89.28902,CA
Davie Village,49.28045,-123.13116,CA
Olympic Village,49.26997,-123.11185,CA
Willowdale,44.65075,-63.47783,CA
Harbourview,44.67717,-63.58543,CA
Westmount,44.64731,-63.61084,CA
Williams Lake,44.61776,-63.60896,CA
Heron Bay,48.02185,-66.39597,CA
Belle-Baie,47.76532,-65.74496,CA
Île-de-Lamèque,47.84661,-64.59607,CA
Hautes-Terres,47.62877,-65.09284,CA
Beaurivage,46.68206,-64.96023,CA
Champdoré,46.38601,-64.78239,CA
Beausoleil,46.29835,-64.60329,CA
Maple Hills,46.21332,-64.86945,CA
Cap-Acadie,46.20142,-64.32416,CA
Beaubassin East,46.20917,-64.418,CA
Tantramar,45.93365,-64.39984,CA
Fundy Albert,45.80271,-64.65977,CA
Butternut Valley,45.83331,-65.5347,CA
Fundy-St. Martins,45.40777,-65.43908,CA
Eastern Charlotte,45.10301,-66.79484,CA
Sunbury-York South,45.83776,-66.60984,CA
Grand Lake,46.11258,-65.95682,CA
Central York,46.0051,-66.90803,CA
Carleton North,46.49895,-67.55754,CA
Downtown Charlottetown,46.23253,-63.12734,CA
Downtown Fredericton,45.96201,-66.64047,CA
Town Plat,45.96122,-66.6499,CA
Fredericton Northside,45.97594,-66.64117,CA
Clayton Park West,44.65759,-63.66887,CA
Turrialba,9.90371,-83.68361,CR
Tres Ríos,9.90692,-83.98789,CR
Tilarán,10.46701,-84.96775,CR
Tejar,9.74301,-84.23219,CR
Siquirres,10.09748,-83.50659,CR
San Vicente,9.96194,-84.0494,CR
Santo Domingo,10.06389,-84.15499,CR
Santiago,9.84636,-84.31428,CR
Santa Cruz,10.26053,-85.5851,CR
Santa Ana,9.9326,-84.18255,CR
San Ramón,10.08802,-84.47022,CR
San Rafael Arriba,9.87648,-84.07479,CR
San Rafael Abajo,9.831,-84.29008,CR
San Rafael,10.01817,-84.09465,CR
San Rafael,9.92826,-84.13537,CR
San Pedro,9.92829,-84.05074,CR
San Pablo,9.99559,-84.09656,CR
San Miguel,9.87121,-84.06084,CR
San Juan de Dios,9.87812,-84.08438,CR
San Juan,10.10248,-84.31694,CR
San Juan,9.96188,-84.07876,CR
San Josecito,10.01265,-84.1075,CR
San José,10.95192,-85.13572,CR
San José,9.93388,-84.08489,CR
San Isidro,9.3674,-83.69713,CR
San Francisco,9.9938,-84.12742,CR
San Felipe,9.90444,-84.1062,CR
San Diego,9.90028,-84.0017,CR
San Antonio,9.9816,-84.18592,CR
Salitrillos,9.85373,-84.0916,CR
Sabanilla,9.94706,-84.03408,CR
Río Segundo,10.2398,-84.3171,CR
Quesada,10.3266,-84.432,CR
Quepos,9.43063,-84.16231,CR
Purral,9.95689,-84.03209,CR
Puntarenas,9.97691,-84.8379,CR
Limón,9.99074,-83.03596,CR
Pocora,10.17195,-83.60264,CR
Patarrá,9.88059,-84.03551,CR
Paraíso,9.83847,-83.86655,CR
Orotina,9.91193,-84.52337,CR
Nicoya,10.15038,-85.45093,CR
Naranjo,10.09866,-84.37824,CR
Miramar,10.0925,-84.72978,CR
Mercedes Norte,10.00611,-84.13018,CR
Mercedes,9.27447,-83.57968,CR
Llorente,9.99842,-84.15814,CR
Liberia,10.63517,-85.43779,CR
Ipís,9.96548,-84.0182,CR
Heredia,9.99872,-84.11587,CR
Guápiles,10.21682,-83.78483,CR
Guadalupe,9.94805,-84.05665,CR
Guácimo,10.2129,-83.68793,CR
Granadilla,9.93203,-84.01964,CR
Golfito,8.60327,-83.11342,CR
Esparza,9.99197,-84.66628,CR
Escazú,9.91887,-84.13989,CR
Desamparados,9.94727,-84.50626,CR
Daniel Flores,9.33607,-83.66999,CR
Curridabat,9.9139,-84.03595,CR
Cot,9.89472,-83.8745,CR
Corredor,8.64002,-82.946,CR
Concepción,9.92683,-84.00123,CR
Colón,9.91491,-84.2417,CR
Colima,9.95532,-84.08235,CR
Chacarita,9.98424,-84.77892,CR
Cartago,9.86371,-83.9195,CR
Cañas,10.43105,-85.09825,CR
Calle Blancos,9.9453,-84.0669,CR
Buenos Aires,9.17298,-83.33277,CR
Atenas,9.97489,-84.37886,CR
Aserrí,9.86142,-84.09266,CR
Alajuelita,9.90294,-84.10037,CR
Alajuela,10.01723,-84.21275,CR
San Vicente de Moravia,9.96164,-84.0488,CR
Tamarindo,10.29913,-85.84107,CR
Zaza del Medio,21.99712,-79.36678,CU
Yara,20.27465,-76.95132,CU
Yaguajay,22.32691,-79.23567,CU
Viñales,22.61892,-83.70694,CU
Víbora Park,23.08105,-82.35448,CU
Vertientes,21.25817,-78.14979,CU
Venezuela,21.73748,-78.79336,CU
Vedado del Cotorro,23.05,-82.25,CU
Vedado,23.13767,-82.39339,CU
Varadero,23.15678,-81.24441,CU
San Germán,20.60009,-76.13364,CU
Unión de Reyes,22.79505,-81.53617,CU
Trinidad,21.80224,-79.98467,CU
Topes de Collantes,21.91524,-80.01929,CU
Soroa,22.79837,-83.01253,CU
Sibanicú,21.23631,-77.52561,CU
Santo Domingo,22.58677,-80.24261,CU
Santiago de las Vegas,22.97,-82.38694,CU
Santiago de Cuba,20.02287,-75.82171,CU
Santa Cruz del Sur,20.71633,-77.99816,CU
Santa Cruz del Norte,23.15356,-81.92262,CU
Santa Clara,22.40711,-79.96581,CU
San Nicolás de Bari,22.78444,-81.91333,CU
San Miguel del Padrón,23.09544,-82.32669,CU
San Luis,22.27898,-83.75956,CU
San Luis,20.18809,-75.85031,CU
San José de las Lajas,22.96121,-82.15151,CU
Sancti Spíritus,21.93429,-79.4398,CU
San Cristobal,22.71658,-83.05647,CU
San Antonio de los Baños,22.89018,-82.50099,CU
Sagua la Grande,22.80667,-80.07556,CU
Sagua de Tánamo,20.58269,-75.24116,CU
Rodas,22.34184,-80.55596,CU
Río Guayabal de Yateras,20.36667,-75.01667,CU
Río Cauto,20.55971,-76.91673,CU
Remedios,22.49502,-79.54548,CU
Regla,23.125,-82.33194,CU
Ranchuelo,22.37266,-80.15046,CU
Quivicán,22.82313,-82.35558,CU
Quemado de Güines,22.78816,-80.25226,CU
Puerto Padre,21.19517,-76.60358,CU
Puentes Grandes,23.1,-82.4,CU
Primero de Enero,21.94501,-78.4313,CU
Playa Baracoa,23.04601,-82.56723,CU
Placetas,22.31184,-79.6544,CU
Pinar del Río,22.41649,-83.69657,CU
Pilón,19.90553,-77.32152,CU
Perico,22.76987,-81.0183,CU
Pedro Betancourt,22.72709,-81.28963,CU
Palmira,22.24126,-80.3911,CU
Palma Soriano,20.2113,-75.99362,CU
Nuevitas,21.54585,-77.26504,CU
Nueva Gerona,21.88759,-82.80662,CU
Niquero,20.04698,-77.58089,CU
Naranjito,23.07939,-82.3769,CU
Morón,22.10774,-78.62667,CU
Moa,20.65776,-74.95075,CU
Minas de Matahambre,22.58691,-83.94551,CU
Minas,21.48802,-77.61033,CU
Media Luna,20.14298,-77.43532,CU
Matanzas,23.04388,-81.58284,CU
Martí,22.94714,-80.91902,CU
Mariel,22.98931,-82.75376,CU
Marianao,23.07385,-82.4189,CU
Manzanillo,20.34173,-77.12126,CU
Mantua,22.29058,-84.28599,CU
Mantilla,23.06794,-82.34143,CU
Manicaragua,22.15021,-79.97867,CU
Manatí,21.3107,-76.93403,CU
Maisí,20.24673,-74.15181,CU
Madruga,22.91,-81.85639,CU
Los Palacios,22.58882,-83.24671,CU
Los Arabos,22.72969,-80.72081,CU
Limonar,22.95035,-81.41059,CU
Leader,23.03333,-82.25,CU
Víbora,23.09387,-82.37191,CU
Las Tunas,20.96135,-76.95192,CU
La Sierpe,21.77241,-79.26832,CU
La Salud,22.87199,-82.42328,CU
Lajas,22.41479,-80.2931,CU
Havana,23.13302,-82.38304,CU
La Casualidad,23.0,-82.21667,CU
Jovellanos,22.80375,-81.19127,CU
Jobabo,20.96917,-76.29944,CU
Jobabo,20.90748,-77.28194,CU
Jiguaní,20.36785,-76.42741,CU
Jesús Menéndez,21.16139,-76.47919,CU
Jatibonico,21.94333,-79.16906,CU
Jaruco,23.04419,-82.00919,CU
Jamaica,22.97559,-82.16852,CU
Jagüey Grande,22.52694,-81.12861,CU
Holguín,20.88722,-76.26306,CU
Guisa,20.25494,-76.5393,CU
Güira de Melena,22.79613,-82.50667,CU
Güines,22.83727,-82.02641,CU
Guayos,22.04956,-79.46106,CU
Guantánamo,20.14444,-75.20917,CU
Guane,22.20179,-84.08484,CU
Guanajay,22.92616,-82.68687,CU
Guanabo,23.16831,-82.13737,CU
Guanabacoa,23.12518,-82.30067,CU
Guáimaro,21.05222,-77.3499,CU
Gibara,21.10988,-76.13145,CU
Fontanar,23.02389,-82.408,CU
Fomento,22.10475,-79.72141,CU
Florida,21.52536,-78.22579,CU
Florencia,22.1461,-78.97328,CU
Esperanza,22.4468,-80.09711,CU
Esmeralda,21.85139,-78.11725,CU
Encrucijada,22.61802,-79.86603,CU
Cumanayagua,22.15247,-80.20354,CU
Cueto,20.64855,-75.92967,CU
Cruces,22.34203,-80.27021,CU
Corralillo,22.98212,-80.58556,CU
Contramaestre,20.29879,-76.24511,CU
Consolación del Sur,22.50419,-83.51442,CU
Condado,21.8767,-79.84014,CU
Colón,22.72064,-80.90492,CU
Colombia,20.98812,-77.42598,CU
Cojímar,23.16481,-82.30116,CU
Ciro Redondo,22.01921,-78.70365,CU
Cifuentes,22.6493,-80.04935,CU
Cienfuegos,22.14681,-80.4481,CU
Ciego de Ávila,21.8422,-78.76034,CU
Chambas,22.19534,-78.9123,CU
Cerro,23.10809,-82.3866,CU
Cauto Cristo,20.55709,-76.4727,CU
Cárdenas,23.03661,-81.20596,CU
Candelaria,22.73851,-82.95954,CU
Campo Florido,22.81222,-81.00167,CU
Campechuela,20.23329,-77.2799,CU
Camajuaní,22.48333,-79.75,CU
Camagüey,21.38083,-77.91694,CU
Calimete,22.5342,-80.91105,CU
Calabazar de Sagua,22.64515,-79.8951,CU
Caibarién,22.51996,-79.46599,CU
Cacocum,20.73775,-76.32574,CU
Cabañas,22.97944,-82.92214,CU
Cabaiguán,22.07874,-79.49726,CU
Bolondrón,22.76307,-81.4478,CU
Bejucal,22.92861,-82.38861,CU
Bayamo,20.37368,-76.64272,CU
Bauta,22.98226,-82.54719,CU
Batabanó,22.71794,-82.28965,CU
Bartolomé Masó,20.16635,-76.94291,CU
Baraguá,21.68216,-78.62567,CU
Baracoa,20.34711,-74.49624,CU
Banes,20.96116,-75.722,CU
Balcón de la Lisa,23.05346,-82.4476,CU
Bahía Honda,22.90332,-83.15994,CU
Artemisa,22.81366,-82.75814,CU
Arroyo Naranjo,23.03811,-82.37703,CU
Amancio,20.81914,-77.57958,CU
Alta Habana,23.06302,-82.39542,CU
Alquízar,22.80517,-82.58392,CU
Almendares,23.11012,-82.42322,CU
Alamar,23.15794,-82.27837,CU
Alacranes,22.76719,-81.56803,CU
Aguada de Pasajeros,22.3852,-80.84792,CU
Abreus,22.27797,-80.56931,CU
Ciudad Camilo Cienfuegos,23.16076,-82.32798,CU
Centro Habana,23.13833,-82.36417,CU
La Habana Vieja,23.13028,-82.35306,CU
Australia,22.49892,-81.13486,CU
Jimaguayú,21.24224,-77.82625,CU
Boyeros,23.0072,-82.4017,CU
Diez de Octubre,23.0881,-82.3597,CU
Plaza de la Revolución,23.11936,-82.39197,CU
Naval Station Guantanamo Bay,19.91579,-75.14385,CU
Willemstad,12.12246,-68.88641,CW
Sint Michiel Liber,12.15,-68.98333,CW
Santa Rosa,12.11667,-68.88333,CW
St. Michiel,12.14335,-68.99487,CW
Bandariba,12.09257,-68.83092,CW
Bandabou,12.27177,-69.06533,CW
Wesley,15.56667,-61.31667,DM
Soufrière,15.23374,-61.35881,DM
Saint Joseph,15.4061,-61.42374,DM
Roseau,15.30174,-61.38808,DM
Rosalie,15.36667,-61.26667,DM
Portsmouth,15.58288,-61.45592,DM
Pont Cassé,15.36667,-61.35,DM
Pointe Michel,15.25976,-61.37452,DM
Colihaut,15.48478,-61.46215,DM
Berekua,15.23333,-61.31667,DM
Yayas de Viajama,18.6071,-70.92753,DO
Yamasá,18.77315,-70.02583,DO
Yaguate,18.3353,-70.18113,DO
Villa Vásquez,19.7411,-71.4464,DO
Villa Riva,19.18069,-69.91319,DO
Villa Jaragua,18.49077,-71.48377,DO
Villa González,19.54057,-70.78853,DO
Villa Francisca,18.48278,-69.88914,DO
Villa Consuelo,18.48333,-69.9,DO
Villa Bisonó,19.56378,-70.87582,DO
Villa Altagracia,18.67297,-70.17095,DO
Vicente Noble,18.38443,-71.18009,DO
Veragua Arriba,19.58333,-70.33333,DO
Vallejuelo,18.65354,-71.33431,DO
Tenares,19.37439,-70.35087,DO
Tamboril,19.48538,-70.61104,DO
Tamayo,18.3947,-71.2029,DO
Sosúa,19.7522,-70.51995,DO
San Víctor Arriba,19.47741,-70.53585,DO
Santo Domingo,18.47186,-69.89232,DO
Santiago de los Caballeros,19.45036,-70.69085,DO
Santa Cruz de El Seibo,18.76484,-69.03991,DO
Santa Cruz de Barahona,18.20861,-71.10068,DO
Samaná,19.20404,-69.33407,DO
San Rafael del Yuma,18.42993,-68.6739,DO
San Pedro de Macorís,18.4539,-69.30864,DO
San Juan de la Maguana,18.8064,-71.22626,DO
San José de Ocoa,18.54685,-70.50692,DO
San José de Las Matas,19.33915,-70.93819,DO
San Gregorio de Nigua,18.38336,-70.05241,DO
San Francisco de Macorís,19.29377,-70.25285,DO
San Fernando de Monte Cristi,19.84799,-71.64604,DO
Puerto Plata,19.79344,-70.6884,DO
Sánchez,19.2281,-69.6137,DO
San Carlos,18.47674,-69.89409,DO
Salvaleón de Higüey,18.61501,-68.70798,DO
Salsipuedes,19.40552,-70.37985,DO
Salcedo,19.37766,-70.41719,DO
San Ignacio de Sabaneta,19.47837,-71.33932,DO
Sabana Yegua,18.71667,-71.01667,DO
Sabana Iglesia,19.32114,-70.75992,DO
Sabana Grande de Boyá,18.94498,-69.79331,DO
Sabana de la Mar,19.05934,-69.38843,DO
Río San Juan,19.64385,-70.07635,DO
Río Grande,19.66667,-70.76667,DO
Rincón,19.11938,-70.40632,DO
Quisqueya,18.55542,-69.40814,DO
Punta Cana,18.58182,-68.40431,DO
Pimentel,19.18416,-70.10884,DO
Piedra Blanca,18.84431,-70.31688,DO
Peralta,18.58164,-70.77029,DO
Pedernales,18.03562,-71.7467,DO
Paya,18.26196,-70.2956,DO
Paraíso,17.99172,-71.16526,DO
Padre Las Casas,18.73172,-70.93917,DO
Otra Banda,18.65017,-68.66281,DO
Nizao,18.24697,-70.21053,DO
Neiba,18.4898,-71.41894,DO
Nagua,19.3832,-69.8474,DO
Monte Plata,18.80748,-69.78431,DO
Monte Llano,19.7346,-70.59915,DO
Monción,19.41083,-71.15257,DO
Moca,19.39289,-70.52347,DO
Miches,18.98364,-69.0476,DO
Mao,19.54908,-71.07808,DO
Los Llanos,18.62035,-69.49581,DO
Loma de Cabrera,19.43333,-71.6,DO
Licey al Medio,19.43333,-70.6,DO
Las Terrenas,19.31102,-69.5428,DO
Las Matas de Santa Cruz,19.67119,-71.50471,DO
Las Matas de Farfán,18.87309,-71.51656,DO
Las Guáranas,19.1931,-70.20835,DO
La Romana,18.42332,-68.96635,DO
La Julia,18.46667,-69.93333,DO
Laguna Salada,19.65043,-71.08429,DO
La Descubierta,18.57053,-71.72967,DO
La Agustina,18.5,-69.93333,DO
Juan de Herrera,18.87402,-71.2383,DO
Jimaní,18.48775,-71.85148,DO
Jima Abajo,19.13292,-70.37607,DO
Jarabacoa,19.11683,-70.63595,DO
Imbert,19.75371,-70.82906,DO
Hato Mayor del Rey,18.76575,-69.25579,DO
Guaymate,18.58793,-68.97867,DO
Gaspar Hernández,19.62748,-70.27772,DO
Galván,18.50228,-71.34271,DO
Fantino,19.12148,-70.29972,DO
Estebanía,18.4577,-70.6435,DO
Esperanza,19.58469,-70.98489,DO
Esperalvillo,18.81509,-70.03557,DO
Ensanche Luperón,18.5,-69.9,DO
Enriquillo,17.9,-71.23333,DO
El Valle,18.97567,-69.37827,DO
El Factor,19.31834,-69.88827,DO
Duvergé,18.37839,-71.52469,DO
Dajabón,19.54811,-71.70821,DO
Cristo Rey,18.5,-69.93333,DO
Cotuí,19.05385,-70.15116,DO
Constanza,18.90919,-70.74499,DO
La Vega,19.22031,-70.53101,DO
Comendador,18.87755,-71.70321,DO
Ciudad Nueva,18.46707,-69.89339,DO
Cercado Abajo,18.72681,-71.51742,DO
Castillo,19.20824,-70.02726,DO
Cambita Garabitos,18.45458,-70.19907,DO
Cabral,18.25,-71.21667,DO
Bonao,18.94154,-70.41111,DO
Boca Chica,18.45,-69.6,DO
San Cristóbal,18.41713,-70.10682,DO
Bella Vista,18.45539,-69.9454,DO
Bayaguana,18.75031,-69.63525,DO
Baní,18.27971,-70.33181,DO
Bajos de Haina,18.41538,-70.03317,DO
Azua,18.45319,-70.7349,DO
Zona Colonial,18.47,-69.88644,DO
Santo Domingo Oeste,18.5,-70.0,DO
Santo Domingo Este,18.48511,-69.84757,DO
Victoria,12.19021,-61.70677,GD
Sauteurs,12.21833,-61.63917,GD
Saint George's,12.05288,-61.75226,GD
Saint David’s,12.04903,-61.66875,GD
Hillsborough,12.48292,-61.45597,GD
Grenville,12.12278,-61.62498,GD
Gouyave,12.16462,-61.72965,GD
Zunil,14.78463,-91.48345,GT
Zaragoza,14.64968,-90.89034,GT
Zacualpa,15.02681,-90.87815,GT
Zacapa,14.96867,-89.52732,GT
Yepocapa,14.50195,-90.95396,GT
Villa Nueva,14.52512,-90.58544,GT
Villa Canales,14.48285,-90.53425,GT
Uspantán,15.34672,-90.8705,GT
Totonicapán,14.91188,-91.36054,GT
Teculután,14.98901,-89.71936,GT
Tecpán Guatemala,14.76181,-90.99247,GT
Taxisco,14.06719,-90.46791,GT
Tactic,15.32218,-90.35448,GT
Tacaná,15.24058,-92.06721,GT
Sumpango,14.64623,-90.73427,GT
Soloma,15.65841,-91.42994,GT
Sololá,14.7707,-91.18344,GT
Senahú,15.4164,-89.82215,GT
Sayaxché,16.52446,-90.18801,GT
San Vicente Pacaya,14.41466,-90.63613,GT
Santo Tomás La Unión,14.63219,-91.41075,GT
Santo Domingo Xenacoj,14.68057,-90.70012,GT
Santo Domingo Suchitepéquez,14.47901,-91.48327,GT
Santiago Sacatepéquez,14.6351,-90.67654,GT
Santiago Atitlán,14.63823,-91.22901,GT
Santa Rosa de Lima,14.38806,-90.29556,GT
Santa María de Jesús,14.49452,-90.71036,GT
Santa María Chiquimula,15.02992,-91.3292,GT
Santa Lucía Milpas Altas,14.57655,-90.67632,GT
Santa Lucía Cotzumalguapa,14.33505,-91.02339,GT
Santa Cruz Verapaz,15.37342,-90.42857,GT
Santa Cruz Naranjo,14.38806,-90.36972,GT
Santa Cruz del Quiché,15.02995,-91.14876,GT
Santa Cruz Balanyá,14.68522,-90.91906,GT
Santa Clara La Laguna,14.71509,-91.30355,GT
Santa Catarina Pinula,14.57047,-90.49925,GT
Santa Catarina Mita,14.45131,-89.74285,GT
Santa Catarina Ixtahuacán,14.79797,-91.35866,GT
Santa Bárbara,14.43563,-91.22685,GT
Santa Ana,16.80582,-89.82708,GT
San Sebastián,14.56177,-91.64865,GT
San Raimundo,14.76462,-90.59493,GT
San Pedro Sacatepéquez,14.96807,-91.76172,GT
San Pedro Sacatepéquez,14.68612,-90.64253,GT
San Pedro La Laguna,14.69297,-91.27201,GT
San Pedro Carchá,15.47745,-90.31105,GT
San Pedro Ayampuc,14.77943,-90.45318,GT
San Pablo La Laguna,14.72092,-91.27242,GT
San Pablo Jocopilas,14.58882,-91.45188,GT
San Pablo,14.93269,-92.00415,GT
San Miguel Sigüilá,14.89547,-91.61457,GT
San Miguel Dueñas,14.52241,-90.79938,GT
San Miguel Chicaj,15.09472,-90.39442,GT
San Mateo Ixtatán,15.83194,-91.47806,GT
San Mateo,14.858,-91.59004,GT
San Martín Jilotepeque,14.78008,-90.79259,GT
San Marcos,14.96437,-91.79486,GT
San Luis Jilotepeque,14.64724,-89.72463,GT
San Luis,16.19889,-89.44028,GT
San Lucas Tolimán,14.59471,-91.14659,GT
San Lucas Sacatepéquez,14.61075,-90.65681,GT
San Juan Sacatepéquez,14.71889,-90.64417,GT
San Juan Cotzal,15.43368,-91.03481,GT
San Juan Chamelco,15.42433,-90.33044,GT
San José Poaquil,14.81808,-90.91248,GT
San José Pinula,14.546,-90.41288,GT
San José Acatempa,14.26528,-90.12694,GT
San Jerónimo,15.06032,-90.2405,GT
San Francisco Zapotitlán,14.58939,-91.52144,GT
San Francisco El Alto,14.9449,-91.4431,GT
San Felipe,14.62304,-91.595,GT
San Cristóbal Verapaz,15.36663,-90.47825,GT
San Cristóbal Cucho,14.90505,-91.78123,GT
San Carlos Sija,14.98436,-91.54912,GT
San Bernardino,14.5424,-91.45811,GT
San Benito,16.91675,-89.91898,GT
San Bartolomé Milpas Altas,14.6069,-90.67807,GT
Sanarate,14.78828,-90.19876,GT
San Antonio Suchitepéquez,14.53938,-91.41442,GT
San Antonio La Paz,14.75888,-90.28485,GT
San Antonio Huista,15.6501,-91.77163,GT
San Antonio Aguas Calientes,14.54676,-90.78054,GT
San Andrés Xecul,14.90482,-91.48307,GT
San Andrés Villa Seca,14.57801,-91.58539,GT
San Andrés Itzapa,14.62222,-90.84314,GT
San Andrés,16.96863,-89.91181,GT
San Agustín Acasaguastlán,14.945,-89.96967,GT
Samayac,14.58084,-91.46135,GT
Salcajá,14.87964,-91.45699,GT
Salamá,15.1021,-90.31906,GT
Sacapulas,15.28801,-91.08914,GT
Río Hondo,15.04505,-89.58523,GT
Río Bravo,14.40042,-91.31713,GT
Retalhuleu,14.53575,-91.67848,GT
Rabinal,15.0853,-90.49255,GT
Quetzaltenango,14.84462,-91.52316,GT
Purulhá,15.23566,-90.23571,GT
Puerto San José,13.92216,-90.81906,GT
Puerto Barrios,15.72724,-88.59787,GT
Tiquisate,14.28356,-91.36063,GT
Poptún,16.33111,-89.41694,GT
Petapa,14.50189,-90.56196,GT
Patzún,14.68189,-91.01397,GT
Patzicía,14.63194,-90.92659,GT
Patulul,14.42321,-91.16049,GT
Pastores,14.59433,-90.75473,GT
Parramos,14.60891,-90.80303,GT
Panzos,15.39862,-89.64147,GT
Panajachel,14.74185,-91.15676,GT
Palín,14.40358,-90.69659,GT
Palencia,14.66715,-90.35721,GT
Pajapita,14.72152,-92.03521,GT
Ostuncalco,14.86899,-91.62137,GT
Oratorio,14.22806,-90.17583,GT
Nuevo San Carlos,14.593,-91.6939,GT
Nuevo Progreso,14.79174,-91.91946,GT
Nueva Santa Rosa,14.38111,-90.27611,GT
Nueva Concepción,14.2,-91.3,GT
Nebaj,15.40614,-91.14682,GT
Nahualá,14.8429,-91.31799,GT
Moyuta,14.03861,-90.08083,GT
Morales,15.47225,-88.8407,GT
Monjas,14.50309,-89.87246,GT
Momostenango,15.04437,-91.40864,GT
Mixco,14.63077,-90.60711,GT
Mazatenango,14.53412,-91.50311,GT
Mataquescuintla,14.52917,-90.18417,GT
Masagua,14.20306,-90.84806,GT
Malacatán,14.91132,-92.05788,GT
Magdalena Milpas Altas,14.54801,-90.67477,GT
Lívingston,15.82826,-88.75039,GT
La Libertad,16.7885,-90.11698,GT
La Libertad,15.51421,-91.86944,GT
La Gomera,14.08213,-91.05383,GT
La Esperanza,14.87169,-91.5614,GT
La Democracia,14.22919,-90.94806,GT
Jutiapa,14.28491,-89.88798,GT
Joyabaj,14.99311,-90.80161,GT
Jocotenango,14.57814,-90.73804,GT
Jocotán,14.82072,-89.38991,GT
Jalpatagua,14.1369,-90.00908,GT
Jalapa,14.63542,-89.99112,GT
Jacaltenango,15.66662,-91.71177,GT
Ipala,14.61987,-89.6194,GT
Huitán,15.0492,-91.63944,GT
Huehuetenango,15.32097,-91.47001,GT
Guazacapán,14.07417,-90.41667,GT
Gualán,15.11952,-89.35721,GT
Fraijanes,14.46528,-90.44083,GT
Flores Costa Cuca,14.63238,-91.86341,GT
Flores,16.92258,-89.89941,GT
Estanzuela,14.99777,-89.57285,GT
Esquipulas,14.56571,-89.35166,GT
Escuintla,14.30097,-90.78816,GT
El Tumbador,14.86375,-91.93416,GT
El Tejar,14.64683,-90.79122,GT
El Quetzal,14.76865,-91.81757,GT
Guastatoya,14.85442,-90.06991,GT
El Progreso,14.35604,-89.84854,GT
El Palmar,14.65083,-91.578,GT
El Estor,15.53221,-89.33111,GT
El Asintal,14.59626,-91.72744,GT
Dolores,16.51178,-89.41704,GT
Cuyotenango,14.54006,-91.57179,GT
Cunén,15.33626,-91.02776,GT
Cuilapa,14.27537,-90.29865,GT
Cubulco,15.10452,-90.62871,GT
Concepción Tutuapa,15.2394,-91.8446,GT
Concepción Chiquirichapa,14.8551,-91.6236,GT
Concepción Huista,15.62378,-91.66521,GT
Comitancillo,15.08937,-91.74971,GT
Comalapa,14.74086,-90.88761,GT
Colomba,14.7073,-91.73167,GT
Cobán,15.47025,-90.37455,GT
Coatepeque,14.70413,-91.86426,GT
Ciudad Vieja,14.52396,-90.76308,GT
Ciudad Tecún Umán,14.67737,-92.14039,GT
Melchor de Mencos,17.06606,-89.15229,GT
Guatemala City,14.64072,-90.51327,GT
Chuarrancho,14.81794,-90.51568,GT
Chisec,15.81311,-90.28896,GT
Chiquimulilla,14.0838,-90.38547,GT
Chiquimula,14.8009,-89.54641,GT
Chinautla,14.70289,-90.49983,GT
Chimaltenango,14.65881,-90.8216,GT
Chichicastenango,14.94333,-91.11116,GT
Chicacao,14.54295,-91.32636,GT
Chiantla,15.35484,-91.45807,GT
Champerico,14.29206,-91.91339,GT
Chajul,15.48523,-91.0352,GT
Chahal,15.79122,-89.60518,GT
Casillas,14.41915,-90.24328,GT
Cantel,14.81154,-91.45536,GT
Cabricán,15.07485,-91.648,GT
Barillas,15.80361,-91.31583,GT
Barberena,14.30739,-90.36156,GT
Atescatempa,14.1755,-89.74184,GT
Asunción Mita,14.33365,-89.71094,GT
Antigua Guatemala,14.55636,-90.7332,GT
Amatitlán,14.4774,-90.63489,GT
Alotenango,14.48585,-90.80437,GT
Almolonga,14.81591,-91.49464,GT
Aguacatán,15.34222,-91.31141,GT
Acatenango,14.55451,-90.94368,GT
Nuevo León,15.79369,-91.09237,GT
Puerto Cortez,15.82562,-87.92968,HN
Yuscarán,13.94439,-86.85241,HN
Yoro,15.13824,-87.12838,HN
Villanueva,15.31476,-87.99383,HN
Villa de San Francisco,14.16667,-86.96667,HN
Villa de San Antonio,14.32594,-87.61351,HN
Trujillo,15.91741,-85.95263,HN
Tocoa,15.68333,-86.0,HN
Tela,15.77425,-87.46731,HN
Tegucigalpa,14.0818,-87.20681,HN
Talanga,14.4,-87.08333,HN
Siguatepeque,14.59691,-87.83102,HN
Sabá,15.46667,-86.25,HN
Santa Rosa de Copán,14.77388,-88.7756,HN
Santa Rita,15.16667,-87.28333,HN
Santa Cruz de Yojoa,14.98086,-87.89091,HN
Santa Bárbara,14.92217,-88.23756,HN
San Pedro Sula,15.50585,-88.02588,HN
San Marcos de Colón,13.43333,-86.8,HN
San Marcos,14.40788,-88.95525,HN
San Manuel,15.33143,-87.92115,HN
San Luis,15.12692,-88.43931,HN
San Lorenzo,13.42417,-87.44722,HN
San Juan Pueblo,15.58333,-87.23333,HN
San Francisco de la Paz,14.9,-86.2,HN
Coxen Hole,16.31553,-86.53966,HN
Puerto Lempira,15.26566,-83.77436,HN
Potrerillos,15.23008,-87.96386,HN
Pimienta Vieja,15.23333,-87.96667,HN
Olanchito,15.48131,-86.57415,HN
Nueva Ocotepeque,14.43382,-89.18281,HN
Nacaome,13.53917,-87.48913,HN
Morazán,15.31667,-87.6,HN
Monjarás,13.20056,-87.37417,HN
Mezapa,15.58333,-87.65,HN
Marcala,14.15661,-88.03466,HN
"Las Vegas, Santa Barbara",14.87649,-88.07473,HN
Las Trojes,14.06667,-85.98333,HN
La Paz,14.32124,-87.67589,HN
La Lima,15.43333,-87.91667,HN
La Esperanza,14.30158,-88.16725,HN
La Entrada,15.06381,-88.74627,HN
La Ceiba,15.75971,-86.78221,HN
Juticalpa,14.66438,-86.22246,HN
Jesús de Otoro,14.48775,-87.98181,HN
Intibucá,14.31226,-88.17608,HN
Guanaja,16.44186,-85.88717,HN
Guaimaca,14.53333,-86.81667,HN
Gracias,14.59065,-88.58612,HN
Florida,15.02692,-88.83567,HN
El Triunfo,13.11667,-87.0,HN
El Progreso,15.4,-87.8,HN
El Paraíso,13.86667,-86.55,HN
El Negrito,15.31667,-87.7,HN
Danlí,14.03333,-86.58333,HN
Cuyamel,15.66505,-88.19478,HN
Copán Ruinas,14.83936,-89.15583,HN
Comayagua,14.45577,-87.63968,HN
Cofradía,15.4,-88.15,HN
Ciudad Choluteca,13.30569,-87.17882,HN
Choloma,15.61444,-87.95302,HN
Campamento,14.55,-86.65,HN
Baracoa,15.77581,-87.85255,HN
Azacualpa,15.34364,-88.55226,HN
La Alianza,13.51222,-87.72444,HN
Ajuterique,14.38304,-87.70965,HN
Agua Blanca Sur,15.25,-87.88333,HN
Verrettes,19.0505,-72.46585,HT
Trou du Nord,19.61668,-72.02442,HT
Thomazeau,18.65297,-72.09391,HT
Terrier Rouge,19.63634,-71.95483,HT
Sources Chaudes,18.48392,-74.28673,HT
Saint-Raphaël,19.43877,-72.1991,HT
Saint-Michel de l'Atalaye,19.37084,-72.33472,HT
Saint-Marc,19.11136,-72.70078,HT
Saint-Louis du Nord,19.93397,-72.72138,HT
Port-de-Paix,19.93984,-72.83037,HT
Port-au-Prince,18.54349,-72.33881,HT
Pignon,19.33594,-72.11662,HT
Tigwav,18.43117,-72.86521,HT
Pétionville,18.5125,-72.28528,HT
Ouanaminthe,19.54934,-71.72475,HT
Mirebalais,18.83455,-72.1048,HT
Miragoâne,18.44599,-73.08957,HT
Milot,19.60837,-72.21319,HT
Mayisad,19.17607,-72.13958,HT
Lenbe,19.70603,-72.40336,HT
Les Anglais,18.3054,-74.21968,HT
Léogâne,18.5111,-72.63343,HT
Lascahobas,18.83047,-71.93563,HT
Kenscoff,18.44773,-72.28398,HT
Jérémie,18.65,-74.11667,HT
Jean-Rabel,19.85379,-73.19131,HT
Jacmel,18.23569,-72.53686,HT
Hinche,19.1409,-72.01194,HT
Gros Morne,19.6708,-72.67808,HT
Gressier,18.54091,-72.52679,HT
Grand Gosier,18.18543,-71.9182,HT
Grangwav,18.4259,-72.76995,HT
Grande Rivière du Nord,19.57744,-72.16872,HT
Gonaïves,19.44755,-72.68928,HT
Fort Liberté,19.66254,-71.8351,HT
Fond Parisien,18.50547,-71.98122,HT
Dondon,19.52734,-72.24337,HT
Dessalines,19.26177,-72.51611,HT
Désarmes,18.99345,-72.39058,HT
Delmas,18.54478,-72.30036,HT
Dame-Marie,18.56107,-74.42167,HT
Croix-des-Bouquets,18.57677,-72.22625,HT
Cornillon,18.67546,-71.95271,HT
Les Cayes,18.19199,-73.74948,HT
Cap-Haïtien,19.75938,-72.19815,HT
Arcahaie,18.77019,-72.51226,HT
Aquin,18.27974,-73.39433,HT
Anse à Galets,18.83449,-72.86644,HT
Ti Port-de-Paix,19.93333,-72.83333,HT
Carrefour,18.53333,-72.4,HT
Sassier,18.58336,-74.11833,HT
Yallahs,17.8748,-76.56245,JM
Tower Hill,18.0128,-76.65098,JM
Stony Hill,18.07716,-76.79,JM
Spanish Town,17.99107,-76.95742,JM
Savanna-la-Mar,18.21895,-78.1332,JM
Santa Cruz,18.05336,-77.69836,JM
Saint Ann’s Bay,18.43581,-77.20098,JM
Runaway Bay,18.45962,-77.3357,JM
Porus,18.03535,-77.41166,JM
Portmore,17.97102,-76.88691,JM
Port Maria,18.36849,-76.88946,JM
Port Antonio,18.17889,-76.45215,JM
Point Hill,18.08988,-77.10759,JM
Old Harbour Bay,17.90918,-77.09718,JM
Old Harbour,17.94144,-77.10898,JM
Ocho Rios,18.4076,-77.10312,JM
New Kingston,18.00747,-76.78319,JM
Mountain View Gardens,17.98559,-76.76714,JM
Morant Bay,17.88145,-76.40927,JM
Montego Bay,18.47116,-77.91883,JM
May Pen,17.96454,-77.24515,JM
Mandeville,18.04168,-77.50714,JM
Lucea,18.45095,-78.17356,JM
Lionel Town,17.81007,-77.24061,JM
Linstead,18.13683,-77.03171,JM
Kingston,17.99702,-76.79358,JM
Hayes,17.87569,-77.23711,JM
Half Way Tree,18.01248,-76.79928,JM
Falmouth,18.49358,-77.65587,JM
Ewarton,18.18333,-77.08536,JM
Constant Spring,18.05078,-76.79372,JM
Bull Savannah,17.88678,-77.59022,JM
Bog Walk,18.10205,-77.00541,JM
Black River,18.02636,-77.84873,JM
Barbican,18.45038,-78.10142,JM
Annotto Bay,18.2717,-76.76523,JM
Above Rocks,18.10678,-76.87608,JM
Penwood,18.00982,-76.83347,JM
Torrington Park,17.98878,-76.79426,JM
Trinity,17.30037,-62.77584,KN
Sandy Point Town,17.35908,-62.84858,KN
Saint Paul’s,17.40605,-62.83562,KN
Nicola Town,17.37956,-62.75318,KN
Newcastle,17.2,-62.58333,KN
Monkey Hill,17.32327,-62.72914,KN
Middle Island,17.3259,-62.81055,KN
Market Shop,17.13218,-62.57267,KN
Fig Tree,17.12623,-62.60265,KN
Dieppe Bay Town,17.41473,-62.8139,KN
Cotton Ground,17.16667,-62.61667,KN
Charlestown,17.13333,-62.61667,KN
Cayon,17.35,-62.73333,KN
Basseterre,17.2955,-62.72499,KN
Whitehall Estates,19.31313,-81.38208,KY
West Bay,19.38197,-81.39281,KY
Upper Land,19.36258,-81.38703,KY
Tropical Gardens,19.29124,-81.34894,KY
The Mountain,19.3309,-81.19905,KY
Spotts,19.2742,-81.31256,KY
Savannah Acres,19.28023,-81.29996,KY
Savannah,19.2806,-81.29866,KY
Saint James,19.26713,-81.28887,KY
Rock Hole,19.29979,-81.37814,KY
Red Bay Estate,19.28724,-81.34125,KY
Prospect Park,19.28072,-81.3302,KY
Prospect,19.27971,-81.33277,KY
Pedro,19.27581,-81.27487,KY
Pease Bay,19.28781,-81.24166,KY
Omega Gardens,19.29239,-81.32675,KY
Old Man Bay,19.34419,-81.17652,KY
North Ward,19.28439,-81.27053,KY
North Sound Estates,19.29303,-81.30242,KY
North Side,19.35143,-81.20851,KY
Newlands,19.28542,-81.302,KY
Midland Acres,19.29862,-81.22061,KY
Lower Valley,19.2804,-81.28431,KY
Hutland,19.34922,-81.21346,KY
High Rock Estates,19.29875,-81.14654,KY
High Rock,19.29467,-81.13195,KY
Half Way Pond,19.28687,-81.37212,KY
Half Moon Bay,19.29689,-81.15102,KY
Gun Bay,19.31077,-81.09202,KY
George Town,19.2866,-81.37436,KY
Further Ground,19.34149,-81.19896,KY
Frank Sound,19.30239,-81.18194,KY
East End,19.3,-81.11667,KY
Driftwood Village,19.35339,-81.24647,KY
Dog City,19.30795,-81.38223,KY
Channel Land,19.34365,-81.21762,KY
Cayman Palms,19.27759,-81.2699,KY
Brinkleys,19.34909,-81.2409,KY
Breezy Castle,19.29613,-81.36068,KY
Breakers,19.2961,-81.19844,KY
Bodden Town,19.27647,-81.2542,KY
Blakes,19.30338,-81.09753,KY
Belford Estates,19.28472,-81.2464,KY
Ally Land,19.34101,-81.1194,KY
Little Cayman,19.66114,-80.10984,KY
Vieux Fort,13.71667,-60.95,LC
Soufrière,13.85616,-61.0566,LC
Micoud,13.81667,-60.9,LC
Laborie,13.75,-60.98333,LC
Gros Islet,14.06667,-60.95,LC
Dennery,13.91409,-60.89132,LC
Choiseul,13.77273,-61.04931,LC
Castries,13.9957,-61.00614,LC
Bisee,14.02429,-60.97445,LC
Anse La Raye,13.94619,-61.03879,LC
Cuauhtémoc,22.54501,-98.15139,MX
González,22.82761,-98.42715,MX
Xicoténcatl,22.99799,-98.94063,MX
San Fernando,24.84713,-98.14885,MX
Ciudad Gustavo Díaz Ordaz,26.2318,-98.59647,MX
Ciudad Valles,21.99631,-99.01093,MX
El Naranjo,22.52597,-99.32968,MX
Zumpango,19.7967,-99.09946,MX
Zumpango del Río,17.65437,-99.52725,MX
Zongolica,18.66673,-96.99707,MX
Santa María Zolotepec,19.41728,-99.49327,MX
Zitlala,17.69049,-99.18642,MX
Zimatlán de Álvarez,16.86707,-96.78484,MX
Zimapan,20.73814,-99.3818,MX
Zempoala,19.91587,-98.666,MX
Villa Zempoala,19.44422,-96.40773,MX
Zaragoza,19.77097,-97.55506,MX
Zaragoza,19.1483,-99.64405,MX
Zacualtipán,20.65002,-98.65628,MX
Zacatlán,19.9355,-97.96125,MX
Zacatepec,19.26631,-97.5328,MX
Zacatepec,18.65409,-99.18981,MX
Zacapoaxtla,19.87271,-97.58899,MX
Villa de Zaachila,16.95048,-96.74934,MX
Yehualtepec,18.79518,-97.6616,MX
Yecapixtla,18.88333,-98.865,MX
Yautepec,18.88188,-99.06715,MX
Yanga,18.83288,-96.79837,MX
Yajalón,17.17291,-92.33392,MX
Xoxocotla,18.68415,-99.24577,MX
Xonacatlán,19.40513,-99.52807,MX
Xocotla,19.01479,-97.10071,MX
Xochitlan Todos Santos,18.70395,-97.77609,MX
Xochitepec,18.7808,-99.23049,MX
Xochimilco,19.25465,-99.10356,MX
Xilitla,21.38681,-98.99009,MX
Xicotepec de Juárez,20.27605,-97.96111,MX
Xico,19.42178,-97.00819,MX
Xico,19.27032,-98.95088,MX
X-Cán,20.85715,-87.66915,MX
Santa María Xadani,16.36171,-95.01848,MX
Xaltianguis,17.09834,-99.71557,MX
Xaltepec,18.88163,-97.60825,MX
Xaloztoc,19.40775,-98.04602,MX
Santa Ana Xalmimilulco,19.21287,-98.38207,MX
Vista Hermosa,19.51616,-99.22335,MX
Álvaro Obregón,19.35867,-99.20329,MX
Villahermosa,17.98625,-92.93928,MX
Gustavo Adolfo Madero,19.49392,-99.11075,MX
Villa Guerrero,18.96211,-99.64061,MX
Villaflores,16.23377,-93.27006,MX
El Triunfo,17.92264,-91.17056,MX
Villa del Carbón,19.72875,-99.46362,MX
Ciudad Cuauhtémoc,22.18439,-97.83472,MX
Villa Cuauhtémoc,19.41676,-99.55872,MX
Villa Corzo,16.18463,-93.26802,MX
Villa Comaltitlán,15.21288,-92.57604,MX
Tesechoacan,18.13749,-95.65835,MX
Veracruz,19.18095,-96.1429,MX
Venustiano Carranza,16.33851,-92.56317,MX
Vega de Alatorre,20.02823,-96.64751,MX
Valle Hermoso,25.67317,-97.81272,MX
Valladolid,20.68812,-88.19936,MX
Úrsulo Galván,19.40531,-96.3609,MX
Unión Hidalgo,16.4723,-94.82952,MX
Umán,20.88149,-89.74798,MX
Tzucacab,20.0721,-89.05009,MX
Tzimol,16.17935,-92.18544,MX
Tuzamapan,19.40358,-96.86349,MX
Tuxtla,16.75357,-93.11578,MX
Tuxtla Chico,14.93954,-92.1666,MX
Túxpam de Rodríguez Cano,20.95777,-97.40805,MX
Tulum,20.21173,-87.46325,MX
Tultitlán de Mariano Escobedo,19.64655,-99.16787,MX
Tultepec,19.685,-99.12806,MX
Tulcingo de Valle,18.0437,-98.44074,MX
Tulancingo,20.08355,-98.36288,MX
Tula de Allende,20.05161,-99.34397,MX
Ciudad Tula,22.99679,-99.71187,MX
Santa Rosa Treinta,18.70025,-99.18357,MX
Totolapan,18.98487,-98.92073,MX
San Miguel Topilejo,19.20264,-99.14193,MX
Toluca,19.28786,-99.65324,MX
Tolcayuca,19.95814,-98.91941,MX
Tochtepec,18.83928,-97.82282,MX
Tocatlán,19.38865,-98.0274,MX
Tlayacapan,18.95556,-98.98111,MX
Tlaxco,19.61442,-98.11997,MX
Tlaxcoapan,20.09163,-99.22042,MX
San Bernardino Tlaxcalancingo,19.02867,-98.27698,MX
Tlatlauquitepec,19.84765,-97.49718,MX
Tlatenchi,18.59639,-99.18639,MX
Tlaquiltenango,18.63429,-99.1632,MX
Tlapanaloya,19.93619,-99.09664,MX
Tlapa de Comonfort,17.54528,-98.57599,MX
Tlapacoyan,19.96268,-97.21141,MX
Tlanchinol,20.9919,-98.65715,MX
Tlanalapa,19.81868,-98.60396,MX
Tlamacazapa,18.49649,-99.50037,MX
Tlaltizapán,18.6863,-99.11868,MX
Tlaltenango,19.17165,-98.34072,MX
Tlalpan,19.29513,-99.16206,MX
Tlalnepantla,19.54005,-99.19538,MX
Tlalmanalco,19.20521,-98.80115,MX
Tlalixtac de Cabrera,17.07066,-96.64657,MX
Tlahuelilpan,20.13076,-99.23145,MX
Tláhuac,19.28689,-99.00507,MX
Tlacotepec,18.81444,-98.74514,MX
Tlacotepec,18.68193,-97.65602,MX
Tlacotepec,17.78978,-99.97961,MX
Tlacotalpan,18.61333,-95.6589,MX
Tlacolula de Matamoros,16.95525,-96.47764,MX
Tlachichuca,19.11485,-97.41915,MX
Tizimín,21.14304,-88.15188,MX
Tizayuca,19.83721,-98.97607,MX
Tixtla de Guerrero,17.56732,-99.39799,MX
Tixkokob,21.0012,-89.39476,MX
Tila,17.30032,-92.42595,MX
Tihuatlan,20.71449,-97.53335,MX
Tierra Colorada,17.16571,-99.52791,MX
Ticul,20.39875,-89.53493,MX
Santiago Tianguistenco de Galeana,19.18024,-99.46644,MX
Tezontepec,19.88063,-98.81972,MX
Teziutlan,19.8173,-97.35992,MX
Texistepec,17.89476,-94.81711,MX
Texcoco de Mora,19.51194,-98.88293,MX
San Gabriel Tetzoyocán,18.75727,-97.70324,MX
Tetepango,20.10168,-99.15108,MX
Tetela del Volcán,18.89306,-98.72972,MX
Tequixquiac,19.90944,-99.14472,MX
Tequisquiapan,20.5225,-99.89167,MX
San Juan Tepulco,19.11709,-97.98847,MX
Cuautitlán Izcalli,19.64388,-99.21598,MX
Tepoztlán,18.98622,-99.10051,MX
Tepotzotlán,19.72116,-99.22391,MX
Tepetzintla,21.1641,-97.85236,MX
Tepetlaoxtoc de Hidalgo,19.57437,-98.81835,MX
Tepetitla,19.26531,-98.37645,MX
Tepeji del Río de Ocampo,19.90481,-99.34379,MX
Tepecoacuilco de Trujano,18.2875,-99.46423,MX
Tepeapulco,19.7884,-98.55266,MX
Tepeaca,18.96688,-97.8998,MX
Tepatlaxco de Hidalgo,19.08067,-97.97338,MX
Tepatepec,20.24568,-99.08981,MX
Tepalcingo,18.59498,-98.84537,MX
Teopisca,16.54144,-92.47288,MX
Teoloyucan,19.74423,-99.18113,MX
Teocelo,19.3856,-96.97371,MX
Tenosique,17.4729,-91.4236,MX
Tenango del Aire,19.15774,-98.85687,MX
Tenango de Arista,19.10446,-99.5898,MX
Tenancingo de Degollado,18.96136,-99.5903,MX
Tenabo,20.03981,-90.22573,MX
Tempoal de Sánchez,21.51998,-98.38829,MX
Temozon,20.80393,-88.20155,MX
Temoac,18.77222,-98.7775,MX
Temixco,18.85254,-99.22537,MX
Temax,21.15056,-88.93941,MX
Temascalcingo,19.91635,-100.00369,MX
Temascalapa,19.82766,-98.90171,MX
Temamatla,19.20306,-98.86921,MX
Teloloapan,18.36663,-99.87185,MX
Tekit,20.53601,-89.33404,MX
Tecax,20.2052,-89.28522,MX
Tehuixtla,18.55944,-99.27119,MX
Tehuacán,18.46422,-97.39735,MX
Tecozautla,20.53359,-99.63449,MX
Tecolutilla,18.28251,-93.33352,MX
Tekoh,20.74361,-89.47406,MX
Tecamachalco,18.88352,-97.73344,MX
Tecali,18.9006,-97.97064,MX
Teapa,17.55602,-92.94788,MX
Teabo,20.39951,-89.28299,MX
Taxco de Alarcón,18.55462,-99.60592,MX
Tatahuicapan,18.24621,-94.76124,MX
Tapilula,17.24933,-93.01682,MX
Tapachula,14.90541,-92.25891,MX
Tantoyuca,21.35064,-98.2257,MX
Tanquián de Escobedo,21.60587,-98.66275,MX
Tamulté de las Sabanas,18.16047,-92.78367,MX
Tamuín,22.00554,-98.77972,MX
Tampico,22.28519,-97.87777,MX
Tamiahua,21.27881,-97.4462,MX
Tamazunchale,21.25993,-98.78935,MX
Tamalín,21.33936,-97.81188,MX
Tacotalpa,17.59638,-92.82596,MX
Brisas Barra de Suchiate,14.53588,-92.22414,MX
Suchiapa,16.62473,-93.09894,MX
Sotuta,20.59666,-89.00798,MX
Soto la Marina,23.76922,-98.20525,MX
Soteapan,18.23391,-94.87296,MX
Soltepec,19.12111,-97.70861,MX
Soledad de Doblado,19.04637,-96.42142,MX
Soconusco,17.96315,-94.88097,MX
Simojovel de Allende,17.14012,-92.714,MX
Seyé,20.83759,-89.37221,MX
Seybaplaya,19.63994,-90.68706,MX
Sayula de Alemán,17.88191,-94.95986,MX
San Vicente Tancuayalab,21.71886,-98.58769,MX
Hueyotlipan,18.89148,-97.86575,MX
Chautla,18.96573,-98.15288,MX
Santo Domingo Zanatepec,16.48307,-94.34754,MX
Santo Domingo Tehuantepec,16.32463,-95.24104,MX
Santo Domingo Petapa,16.81817,-95.13955,MX
Santo Domingo de Guzmán,19.59306,-99.77972,MX
Santiago Tuxtla,18.46576,-95.3006,MX
Tetla,19.44204,-98.10325,MX
Santiago Suchilquitongo,17.24764,-96.87381,MX
Pinotepa Nacional,16.34014,-98.05297,MX
Miahuatlán,18.54983,-97.43953,MX
Santiago Juxtlahuaca,17.33462,-98.01147,MX
Santiago Jamiltepec,16.28141,-97.82277,MX
Santiago de la Peña,20.94461,-97.40714,MX
Santiago Alseseca,18.84511,-97.70716,MX
Santiago Acutzilapan,19.7864,-99.76569,MX
Santiago Acatlán,18.99334,-97.93375,MX
Santiago Tulantepec,20.03618,-98.35563,MX
Santa Rosalía,18.08851,-93.35806,MX
Santa Rita Tlahuapan,19.33211,-98.57688,MX
Santander Jiménez,24.2164,-98.48446,MX
Santa María Xonacatepec,19.08944,-98.10361,MX
Texcalac,19.42333,-98.08663,MX
Santa María Rayón,19.14808,-99.57974,MX
Moyotzingo,19.24811,-98.40486,MX
Santa María Magdalena Cahuacán,19.63804,-99.41349,MX
Santa María la Alta,18.59982,-97.65809,MX
Santa María Ixtiyucán,19.18688,-97.81094,MX
Santa María Huatulco,15.83288,-96.32076,MX
Santa María del Tule,17.0468,-96.63629,MX
Coronango,19.1209,-98.30594,MX
Santa María Chimalhuacán,19.42155,-98.95038,MX
Santa María Atzompa,17.10165,-96.77686,MX
Atarasquillo,19.32831,-99.46899,MX
Heroica Ciudad de Tlaxiaco,17.26868,-97.68032,MX
Santa María Ajoloapan,19.97694,-99.04472,MX
Santa María Citendejé,19.7819,-99.92863,MX
Santa Gertrudis,19.73333,-99.36667,MX
Guillermo Zúñiga,24.01982,-99.1927,MX
Santa Cruz Xoxocotlán,17.02958,-96.73518,MX
Tecámac,19.71288,-98.96895,MX
Santa Cruz Cuauhtenco,19.24907,-99.72939,MX
Santa Catarina Yecahuizotl,19.31205,-98.96461,MX
Pantelhó,17.0052,-92.47057,MX
Santa Catarina Juquila,16.23819,-97.29161,MX
Santa Catarina Ayotzingo,19.20948,-98.92985,MX
Santa Catarina del Monte,19.48404,-98.77239,MX
Santa Ana Tlacotenco,19.17569,-98.99788,MX
Santa Ana Nextlalpan,19.74171,-99.07496,MX
Santa Anita Huiloac,19.38841,-98.14362,MX
Santa Ana Hueytlalpan,20.17484,-98.31209,MX
Santa Ana Chiautempan,19.30661,-98.18773,MX
Santa Ana Ixtlahuatzingo (Santa Ana),18.97056,-99.62361,MX
Zinacatepec,18.33516,-97.24621,MX
Villanueva,19.06085,-97.71935,MX
San Sebastián,19.78431,-99.0556,MX
Huixcolotla,18.92073,-97.77166,MX
San Salvador El Seco,19.13325,-97.64167,MX
San Salvador Atenco,19.5517,-98.91867,MX
San Rafael,20.18862,-96.86737,MX
San Rafael,19.20959,-98.75636,MX
Villa de Etla,17.20615,-96.7989,MX
San Pedro Tlanixco,19.06259,-99.65237,MX
San Juan y San Pedro Tezompa,19.2068,-98.96073,MX
San Pedro Tapanatepec,16.37107,-94.19313,MX
San Pedro Pochutla,15.74555,-96.4657,MX
San Pedro Los Baños,19.62537,-99.8217,MX
San Pedro Buenavista,16.08333,-93.11667,MX
San Pedro Arriba,19.48641,-99.56253,MX
San Pablo Villa de Mitla,16.92168,-96.36288,MX
San Pablo Tecalco,19.67309,-98.95837,MX
San Pablo Huixtepec,16.82154,-96.78147,MX
San Pablo Huitzo,17.27738,-96.88527,MX
San Pablo de las Salinas,19.66658,-99.09477,MX
San Pablo Autopan,19.35638,-99.65724,MX
San Pablo Atlazalpan,19.21742,-98.90763,MX
Apetatitlán Antonio Carbajal,19.33622,-98.17912,MX
San Nicolás de los Ranchos,19.07139,-98.48601,MX
Coatepec,19.13735,-99.42948,MX
San Nicolás,20.47781,-99.93978,MX
Zinacantepec,19.28428,-99.73394,MX
San Miguel Xoxtla,19.16763,-98.30758,MX
San Miguel Contla,19.36111,-98.1325,MX
San Miguel Panixtlahuaca,16.26012,-97.3771,MX
San Miguel Coatlinchán,19.44999,-98.87274,MX
Chapultepec,19.20216,-99.56176,MX
San Miguel Canoa,19.15194,-98.10306,MX
San Miguel Ajusco,19.22201,-99.20242,MX
San Miguel Tenochtitlán,19.76028,-99.9225,MX
San Matias Tlalancaleca,19.32536,-98.49863,MX
San Mateo Xoloc,19.7065,-99.24818,MX
Tlaixpan,18.91217,-97.73818,MX
Mexicaltzingo,19.2113,-99.58469,MX
San Mateo Ixtacalco,19.6992,-99.17159,MX
San Mateo del Mar,16.21113,-94.98178,MX
San Mateo Atenco,19.26757,-99.53214,MX
San Martin Texmelucan de Labastida,19.28431,-98.43885,MX
San Martín de las Pirámides,19.70582,-98.83554,MX
San Marcos Tlacoyalco,18.67388,-97.60354,MX
San Marcos,20.03056,-99.33547,MX
San Marcos de León,19.42255,-96.96416,MX
San Marcos,16.79772,-99.38921,MX
Teolocholco,19.24333,-98.19083,MX
San Luis Acatlán,16.80901,-98.73331,MX
San Lucas Ojitlán,18.05767,-96.39825,MX
San Lorenzo Oyamel,19.43355,-99.57761,MX
San Lorenzo Chiautzingo,19.20432,-98.46747,MX
Almecatla,19.14286,-98.23597,MX
San Juan Zitlaltepec,19.81207,-99.14526,MX
San Juan Xiutetelco,19.79563,-97.32578,MX
Tianguismanalco,18.97624,-98.44861,MX
San Juan Tepa,20.21579,-99.06592,MX
Ixtenco,19.25146,-97.89412,MX
San Juan Ixtayopan,19.23187,-98.99867,MX
San Juan del Río,20.38897,-99.99637,MX
San Juan de las Huertas,19.24755,-99.75834,MX
San Juan Bautista Valle Nacional,17.7754,-96.3039,MX
Tuxtepec,18.0883,-96.12535,MX
Miahuatlán,18.29163,-97.28789,MX
San Joaquín Coapango,19.54043,-98.82739,MX
San Jerónimo,19.28279,-99.5929,MX
San Hipólito,18.94069,-97.87322,MX
San Gregorio Cuautzingo,19.25962,-98.85742,MX
San Gaspar Tonatico,18.80671,-99.66917,MX
San Gabriel Chilac,18.32596,-97.34697,MX
San Francisco Zacacalco,19.92875,-98.98279,MX
San Francisco Tlalcilalcalpan,19.29474,-99.76771,MX
San Francisco Tetlanohcan,19.2602,-98.1637,MX
San Francisco Telixtlahuaca,17.29627,-96.90478,MX
San Francisco Acuautla,19.34564,-98.86034,MX
San Fernando,16.87131,-93.20699,MX
Teotlaltzingo,19.23088,-98.50077,MX
San Felipe Jalapa de Díaz,18.0712,-96.53562,MX
Villa Mariano Matamoros,19.32659,-98.37827,MX
San Esteban Tizatlán,19.33911,-98.21374,MX
San Dionisio Ocotepec,16.79686,-96.39575,MX
Xochimanca,19.49052,-98.82433,MX
Sanctorum,19.09917,-98.25417,MX
San Pedro de los Baños,19.66873,-99.83533,MX
San Cristóbal de las Casas,16.73006,-92.63825,MX
San Ciro de Acosta,21.65072,-99.81916,MX
San Buenaventura,19.26595,-99.67332,MX
San Bernardino,19.47667,-98.89635,MX
Amaxac de Guerrero,19.34661,-98.17057,MX
Teontepec,18.49217,-97.52962,MX
San Bartolo Oxtotitlán,19.61902,-99.61347,MX
San Bartolo del Llano,19.59069,-99.74099,MX
San Bartolo Cuautlalpan,19.8151,-99.01044,MX
San Antonio la Isla,19.16441,-99.56685,MX
San Andrés Tuxtla,18.4487,-95.21327,MX
San Andrés Calpan,19.10356,-98.46188,MX
San Agustín Tlaxiaca,20.1151,-98.8864,MX
San Agustin de las Juntas,17.01211,-96.7118,MX
Salto de Agua,17.55442,-92.34034,MX
Salina Cruz,16.17535,-95.19424,MX
Sabancuy,18.9727,-91.17783,MX
El Rosario,17.04271,-96.69209,MX
Juan Rodríguez Clara,17.99283,-95.40099,MX
Rioverde,21.93115,-99.99488,MX
Río Grande,16.01108,-97.43557,MX
Río Frío de Juárez,19.35336,-98.67057,MX
Ciudad Río Bravo,25.98507,-98.08964,MX
Río Blanco,18.83036,-97.156,MX
Colonia Rincón Viejo,16.88678,-95.04731,MX
Rinconada,19.3565,-96.56798,MX
Reynosa,26.08005,-98.28456,MX
La Resurrección,19.10279,-98.13013,MX
Reforma,17.85904,-93.15381,MX
Rayón,21.84329,-99.64258,MX
Rayón,17.20113,-93.01079,MX
Grajales,19.22796,-97.80307,MX
Rafael Delgado,18.81014,-97.07172,MX
Quechultenango,17.41425,-99.24221,MX
Quecholac,18.95471,-97.65858,MX
Putla Villa de Guerrero,17.02622,-97.92843,MX
Puerto Madero,14.72076,-92.42146,MX
Puerto Escondido,15.86275,-97.06835,MX
Puente de Ixtla,18.61472,-99.31806,MX
Pueblo Nuevo,17.15996,-92.899,MX
Puebla,19.04778,-98.20723,MX
Progreso de Alvaro Obregon,20.24929,-99.18988,MX
Progreso,21.28217,-89.66289,MX
Progreso Industrial,19.63635,-99.35687,MX
Primero de Mayo,22.22784,-97.82048,MX
Poza Rica de Hidalgo,20.53315,-97.45946,MX
Pomuch,20.13727,-90.17488,MX
Polanco,19.43332,-99.19919,MX
Playa Vicente,17.83107,-95.81189,MX
Playa del Carmen,20.6274,-87.07987,MX
Platón Sánchez,21.27182,-98.37456,MX
Piste,20.69972,-88.58889,MX
Pinotepa de Don Luis,16.42759,-97.97668,MX
Pijijiapan,15.68618,-93.20938,MX
Piedras Negras,18.76937,-96.17321,MX
Pichucalco,17.51,-93.11591,MX
Peto,20.1261,-88.92302,MX
Petaquillas,17.48636,-99.45633,MX
Petalcingo,17.22715,-92.41511,MX
Perote,19.56233,-97.24235,MX
Paso de Ovejas,19.2845,-96.44037,MX
Paso del Toro,19.03129,-96.1358,MX
Paso del Macho,18.97098,-96.72419,MX
Paraiso,18.40116,-93.21406,MX
Papantla de Olarte,20.44655,-97.32494,MX
Pánuco,22.05378,-98.18192,MX
Panotla,19.31619,-98.27013,MX
Panabá,21.2965,-88.27021,MX
Palmarito Tochapan,18.90135,-97.63833,MX
Palenque,17.50914,-91.98125,MX
Pajapan,18.26267,-94.69172,MX
Pachuquilla,20.07099,-98.69572,MX
Pachuca de Soto,20.11697,-98.73329,MX
Ozumba de Alzate,19.03689,-98.79516,MX
San Pablo Oztotepec,19.18652,-99.07361,MX
Oxkutzkab,20.30734,-89.41809,MX
Oxchuc,16.78661,-92.34439,MX
Otumba,19.69985,-98.75638,MX
Oteapan,18.00173,-94.66615,MX
San Felipe Orizatlán,21.17109,-98.60744,MX
Orizaba,18.85195,-97.09957,MX
Oriental,19.37614,-97.62051,MX
Ometepec,16.69008,-98.40797,MX
Oluta,17.92972,-94.89662,MX
Olinalá,17.77861,-98.73944,MX
Ocozocoautla de Espinosa,16.7612,-93.37426,MX
Ocoyoacac,19.27127,-99.45787,MX
Ocotlán de Morelos,16.79183,-96.67504,MX
San Francisco Ocotlán,19.13411,-98.28345,MX
Santa María Magdalena Ocotitlán,19.23713,-99.62418,MX
Ocosingo,16.90634,-92.09349,MX
Ocampo,22.84585,-99.33566,MX
Oaxtepec,18.91825,-98.95644,MX
Oaxaca,17.06025,-96.72544,MX
Nunkiní,20.40046,-90.14803,MX
Nuevo Progreso,26.05378,-97.95149,MX
Nueva Villa de Padilla,24.0482,-98.90063,MX
Nuevo Laredo,27.47629,-99.51639,MX
Nopalucán,19.2184,-97.82272,MX
Nogales,18.82776,-97.16311,MX
Nicolás Romero,19.64177,-99.3068,MX
Necaxa,20.21271,-98.01188,MX
Nealtican,19.0499,-98.4272,MX
Naucalpan de Juárez,19.47851,-99.23963,MX
Naranjos,21.35087,-97.68656,MX
Naolinco de Victoria,19.65474,-96.8732,MX
Nanchital de Lázaro Cárdenas del Río,18.07117,-94.40756,MX
Ciudad de Nanacamilpa,19.49339,-98.53665,MX
Nacajuca,18.16963,-93.01837,MX
Muna,20.48831,-89.71441,MX
Motul,21.09571,-89.28332,MX
Motozintla,15.36615,-92.24673,MX
Moralillo,22.22585,-97.91254,MX
Montemorelos,25.18909,-99.82865,MX
Montecillo,19.45711,-98.90835,MX
Monte Blanco,18.9663,-97.01679,MX
Santiago Momoxpan,19.07361,-98.26694,MX
Mochitlán,17.47192,-99.37048,MX
San Andrés Mixquic,19.22512,-98.96408,MX
Mixquiahuala de Juarez,20.23031,-99.21396,MX
Misantla,19.92992,-96.85194,MX
Miramar,22.36094,-97.89997,MX
Mineral del Monte,20.1383,-98.67364,MX
Minatitlán,18.00011,-94.5569,MX
Milpa Alta,19.19251,-99.02317,MX
Miahuatlán de Porfirio Díaz,16.329,-96.59606,MX
Miacatlán,18.76203,-99.35944,MX
Metepec,19.25934,-99.60175,MX
Mérida,20.967,-89.62318,MX
Mecayapan,18.22001,-94.83794,MX
Mecatlán,20.21053,-97.68204,MX
Mazatlán,17.4362,-99.46483,MX
Mazatecochco,19.17865,-98.18677,MX
Mazatán,14.86313,-92.44939,MX
Maxcanú,20.58567,-90.002,MX
Matías Romero Avendaño,16.8774,-95.03819,MX
Heroica Matamoros,25.87972,-97.50417,MX
Martínez de la Torre,20.07082,-97.06078,MX
Mapastepec,15.43358,-92.90039,MX
Estación Manuel,22.72871,-98.32182,MX
Manlio Fabio Altamirano,19.09425,-96.33351,MX
Maltrata,18.81091,-97.27538,MX
Malinalco,18.94847,-99.49619,MX
La Magdalena Tetela Morelos,19.04922,-97.94131,MX
Magdalena Cuayucatepec,18.54972,-97.48472,MX
La Magdalena Chichicaspa,19.41237,-99.32555,MX
Magdalena Contreras,19.33212,-99.21118,MX
Macuspana,17.76052,-92.59539,MX
Macultepec,18.14326,-92.85962,MX
Luis Gil Pérez,17.87572,-93.07161,MX
Reyes Acozac,19.7755,-98.98079,MX
Los Reyes Acaquilpan,19.36357,-98.97707,MX
Los Reyes de Juárez,18.94918,-97.80379,MX
Linares,24.85798,-99.56768,MX
Libres,19.46574,-97.68737,MX
Lerma,19.80404,-90.60088,MX
Lerma de Villada,19.28881,-99.51163,MX
Lerdo de Tejada,18.62936,-95.51968,MX
La Trinitaria,16.11886,-92.05188,MX
Las Vigas de Ramírez,19.63722,-97.09821,MX
Las Rosas,16.36554,-92.37063,MX
Las Margaritas,16.31281,-91.98224,MX
Las Choapas,17.91177,-94.09646,MX
Magdalena Atlicpac,19.36906,-98.94935,MX
La Joya,18.66667,-99.46667,MX
La Isla,18.6,-96.15,MX
La Concordia,16.11801,-92.69089,MX
La Concepción de los Baños,19.68249,-99.86104,MX
San Antonio de la Cal,17.02921,-96.70094,MX
Kinchil,20.91354,-89.95018,MX
Kanasín,20.93485,-89.55822,MX
Juchitepec,19.10059,-98.8788,MX
Heroica Ciudad de Juchitán de Zaragoza,16.43375,-95.02181,MX
José Cardel,19.3681,-96.36951,MX
Jonuta,18.08984,-92.13807,MX
Jonacatepec,18.68081,-98.80336,MX
Jojutla,18.61472,-99.18028,MX
Jocotitlán,19.70991,-99.78867,MX
Jiutepec,18.88139,-99.17778,MX
Jiquipilas,16.66806,-93.64667,MX
Jilotzingo,19.86889,-99.06194,MX
Jilotepec de Molina Enríquez,19.95194,-99.53278,MX
Jaumave,23.40638,-99.37618,MX
Jaltocan,21.13284,-98.53898,MX
Jáltipan de Morelos,17.96542,-94.71396,MX
Jaltepec,20.11552,-98.41712,MX
Jaltepec,19.7296,-98.63456,MX
Jaltenco,19.75298,-99.0939,MX
Jalpan de Serra,21.21745,-99.47183,MX
Jalpa de Méndez,18.17678,-93.06376,MX
Ex-hacienda de Xalpa,19.8215,-99.18275,MX
Xalatlaco,19.18314,-99.41844,MX
Jalapilla,18.82555,-97.08878,MX
Xalapa de Enríquez,19.53124,-96.91589,MX
Jalacingo,19.80333,-97.3083,MX
Izúcar de Matamoros,18.60157,-98.46152,MX
Izamal,20.93315,-89.01887,MX
Ixtlahuaca de Rayón,19.56889,-99.76694,MX
Ixtepec,16.56052,-95.10375,MX
Ixtapan de la Sal,18.84369,-99.67671,MX
Ixtapaluca,19.31556,-98.88284,MX
Iztapalapa,19.35529,-99.06224,MX
Ixtapa,16.8031,-92.90534,MX
Ixtaczoquitlán,18.85364,-97.06229,MX
Iztacalco,19.39528,-99.09778,MX
Ixmiquilpan,20.47841,-99.21697,MX
Ixhuatlán del Café,19.05118,-96.98391,MX
San Francisco Ixhuatan,16.35109,-94.48402,MX
Isla Mujeres,21.23114,-86.73105,MX
Isla Aguada,18.78714,-91.49277,MX
Villa Independencia,20.05523,-97.05214,MX
Iguala de la Independencia,18.34536,-99.5413,MX
Paseos de Itzincab,20.91644,-89.69823,MX
Hunucmá,21.0164,-89.87716,MX
Huixtla,15.13924,-92.4634,MX
Huixquilucan de Degollado,19.36028,-99.3498,MX
Ciudad de Huitzuco,18.30334,-99.33376,MX
Huitzila,19.81137,-98.95583,MX
Huimanguillo,17.83498,-93.38902,MX
Huichapan,20.37593,-99.64869,MX
Hueytamalco,19.94029,-97.28848,MX
Hueyapan,18.8897,-98.682,MX
Huejutla de Reyes,21.14,-98.41944,MX
Huejotzingo,19.15892,-98.40824,MX
Huehuetoca,19.82819,-99.2037,MX
Huehuetán,15.01929,-92.38309,MX
Huayacocotla,20.53671,-98.4808,MX
Huautla de Jiménez,18.1315,-96.84088,MX
Huauchinango,20.17376,-98.05491,MX
Huatusco,19.14876,-96.9676,MX
Huamuxtitlán,17.80448,-98.56417,MX
Hualahuises,24.88295,-99.6749,MX
Ciudad de Huajuapan de León,17.80787,-97.77956,MX
Hopelchén,19.74671,-89.84437,MX
Homun,20.73918,-89.2849,MX
Hecelchakán,20.17735,-90.13357,MX
Halachó,20.4787,-90.08172,MX
Hacienda Blanca,17.13994,-96.7759,MX
Gutiérrez Zamora,20.45347,-97.08588,MX
Ciudad General Terán,25.25857,-99.68371,MX
Comalapa,15.65995,-92.14111,MX
Frontera,18.54326,-92.6453,MX
Fortín de las Flores,18.90806,-97.0,MX
Filomeno Mata,20.20004,-97.70392,MX
Felipe Carrillo Puerto,19.5775,-88.04529,MX
Ezequiel Montes,20.6657,-99.89872,MX
Espita,21.01062,-88.30672,MX
El Espinal,16.48573,-95.04007,MX
Esperanza,18.85853,-97.37641,MX
Escuintla,15.31944,-92.65833,MX
Escárcega,18.60891,-90.74544,MX
Villa Emilio Carranza,19.9702,-96.61162,MX
Emiliano Zapata,19.6549,-98.54497,MX
Emiliano Zapata,18.84065,-99.18463,MX
Emiliano Zapata,17.74058,-91.76635,MX
El Tejar,19.07497,-96.16089,MX
El Ocotito,17.24603,-99.51525,MX
Ciudad Mante,22.74277,-98.97172,MX
El Llano,20.06537,-99.31976,MX
El Higo,21.76708,-98.45186,MX
El Espinal,16.36862,-94.10449,MX
El Castillo,19.5472,-96.86513,MX
El Bosque,17.06247,-92.721,MX
Heroica Ciudad de Ejutla de Crespo,16.56516,-96.73185,MX
Ecatzingo de Hidalgo,18.95508,-98.75198,MX
Ecatepec de Morelos,19.60492,-99.06064,MX
Ébano,22.21808,-98.37706,MX
Dzitbalché,20.31857,-90.05611,MX
Dzilam González,21.28106,-88.92977,MX
Dzidzantun,21.24898,-89.04205,MX
Doxey,20.09169,-99.24362,MX
Domingo Arenas,19.13998,-98.45678,MX
Cunduacán,18.06557,-93.17302,MX
Cuitláhuac,18.81429,-96.72281,MX
Cuilápam de Guerrero,16.99626,-96.78003,MX
Cuetzalan,20.01766,-97.52277,MX
Cuernavaca,18.9261,-99.23075,MX
Cuautlapán,18.87747,-97.02291,MX
Cuautlancingo,19.08995,-98.27319,MX
Cuautla,18.8106,-98.93525,MX
Santiago Cuautlalpan,19.68417,-99.2887,MX
Cuautitlán,19.67052,-99.17989,MX
Cuautepec de Hinojosa,20.03557,-98.31015,MX
Cuapiaxtla de Madero,18.91544,-97.82382,MX
Cuapiaxtla,19.29588,-97.7688,MX
Cuanalá,19.10917,-98.32788,MX
Cuajinicuilapa,16.47347,-98.41389,MX
Delegación Cuajimalpa de Morelos,19.3692,-99.29089,MX
Cuacnopalan,18.81758,-97.51116,MX
Cruz Grande,16.72241,-99.12356,MX
Cozumel,20.50038,-86.94272,MX
Coyutla,20.2472,-97.65824,MX
Coyotepec,19.77722,-99.21295,MX
Coyoacán,19.3467,-99.16174,MX
Coxcatlán,18.26709,-97.15078,MX
Cosoleacaque,17.99913,-94.6359,MX
Cosolapa,18.60074,-96.6836,MX
Coscomatepec de Bravo,19.07275,-97.04685,MX
Cosamaloapan,18.36759,-95.79857,MX
Córdoba,18.8842,-96.92559,MX
Copoya,16.71191,-93.12089,MX
Copalillo,18.03427,-99.04124,MX
Copala,16.60774,-98.97821,MX
Copainalá,17.09331,-93.21063,MX
Contla,19.32932,-98.1664,MX
Conkal,21.07499,-89.51945,MX
Comoapan,18.40692,-95.17456,MX
Comitán,16.24004,-92.13668,MX
Comalcalco,18.26496,-93.22432,MX
Cocoyoc,18.88417,-98.98194,MX
Cocotitlán,19.23336,-98.86596,MX
Coatzintla,20.48699,-97.46823,MX
Coatzacoalcos,18.14905,-94.4447,MX
Coatetelco,18.72963,-99.32605,MX
Coatepec Harinas,18.89492,-99.72153,MX
Coatepec,19.45229,-96.96148,MX
Santa Maria Coatepec,19.10924,-97.59253,MX
San Juan Coajomulco,19.75306,-99.96861,MX
Coacoatzintla,19.65163,-96.94043,MX
Coacotla,17.9358,-94.66422,MX
Coacalco,19.62923,-99.10689,MX
Ciudad Victoria,23.74061,-99.14364,MX
Ciudad Serdán,18.98856,-97.44643,MX
Ciudad Sahagun,19.77557,-98.57471,MX
Pemex,17.88302,-92.47947,MX
Ciudad Nezahualcoyotl,19.40061,-99.01483,MX
Ciudad Miguel Alemán,26.39823,-99.02857,MX
Ciudad Mendoza,18.80645,-97.1787,MX
Ciudad Madero,22.2475,-97.83665,MX
Ciudad Hidalgo,14.68018,-92.15195,MX
Ciudad Fernández,21.94045,-100.01153,MX
Mexico City,19.42847,-99.12766,MX
Ciudad del Maíz,22.40187,-99.60468,MX
Ciudad del Carmen,18.64592,-91.82991,MX
Ciudad Camargo,26.31481,-98.83313,MX
Citlaltépec,21.32912,-97.87861,MX
Cintalapa de Figueroa,16.68393,-93.71814,MX
Chontalpa,17.6653,-93.48087,MX
San Pedro Chochula,19.26359,-99.4859,MX
Cholula,19.06406,-98.30352,MX
Cholul,21.04288,-89.55792,MX
Chocamán,19.01214,-97.03291,MX
Chinampa de Gorostiza,21.35959,-97.73484,MX
Chinameca,18.02195,-94.67945,MX
China,25.69997,-99.23454,MX
Chiná,19.76993,-90.49595,MX
San Francisco Chimalpa,19.44279,-99.34398,MX
Chilpancingo,17.55228,-99.50124,MX
Chilón,17.23333,-92.41667,MX
Chilapa de Álvarez,17.59917,-99.17389,MX
Chinautla,19.81996,-97.38859,MX
Chignahuapan,19.83866,-98.03171,MX
Chietla,18.52028,-98.57889,MX
Chicxulub Puerto,21.29618,-89.59867,MX
Chiconcuac,19.55939,-98.89884,MX
Chicomuselo,15.74171,-92.28576,MX
Chicoloapan,19.41687,-98.90202,MX
Chichimila,20.63176,-88.21689,MX
Chichihualco,17.65902,-99.67624,MX
Chichén-Itzá,20.66667,-88.56667,MX
Chiautla de Tapia,18.30149,-98.60339,MX
Chiautla,19.54895,-98.88236,MX
Chiapa de Corzo,16.7075,-93.01216,MX
Chetumal,18.51957,-88.30397,MX
Chemax,20.65562,-87.93693,MX
Chanal,16.71667,-92.4,MX
Champotón,19.34745,-90.72039,MX
Chalco,19.26174,-98.89775,MX
Chahuites,16.28824,-94.19491,MX
Chahuite,16.3,-94.18333,MX
Cerro Azul,21.192,-97.74088,MX
Ciudad Cerralvo,26.08499,-99.61508,MX
Celestún,20.86031,-90.39741,MX
Caucel,21.01589,-89.70682,MX
Catemaco,18.42131,-95.11398,MX
Carlos A. Carrillo,18.37477,-95.75444,MX
Cárdenas,22.00144,-99.64247,MX
Cárdenas,18.00135,-93.37559,MX
Capulhuac de Mirafuentes,19.19354,-99.46585,MX
Cancún,21.17429,-86.84656,MX
Campeche,19.84073,-90.51676,MX
San Martín Caltenco,18.88487,-97.81887,MX
Calpulalpan,19.58867,-98.56972,MX
Calkiní,20.36905,-90.05119,MX
Calixtlahuaca,19.33651,-99.68923,MX
Calimaya,19.16324,-99.6181,MX
Calderitas,18.55564,-88.25518,MX
Cadereyta Jiménez,25.58896,-100.00156,MX
Cadereyta de Montes,20.6948,-99.81511,MX
Cadereyta,25.58333,-99.98333,MX
San Lorenzo Cacaotepec,17.12774,-96.80244,MX
Cacalomacan,19.25311,-99.70623,MX
Cacalchen,20.98358,-89.22686,MX
Cacahoatán,14.99199,-92.16417,MX
Buenavista de Cuéllar,18.45958,-99.40868,MX
Buctzotz,21.20226,-88.79414,MX
Bochil,16.99618,-92.8947,MX
Boca del Rio,19.10464,-96.10405,MX
Berriozábal,16.79944,-93.27219,MX
Benito Juárez,17.83316,-92.5302,MX
Belén,17.78703,-92.61296,MX
Bécal,20.44172,-90.02738,MX
Banderilla,19.58893,-96.93727,MX
Balancán,17.80903,-91.53682,MX
Bajos del Ejido,16.96086,-99.97169,MX
Bachajón,17.03963,-92.18986,MX
Bacalar,18.68109,-88.39333,MX
Azcapotzalco,19.48698,-99.18594,MX
Ayutla de los Libres,16.96376,-99.09616,MX
Ayapango,19.12692,-98.79988,MX
Ayapa,18.22315,-93.1121,MX
Ciudad Ayala,18.76694,-98.98222,MX
Axochiapan,18.50246,-98.75358,MX
Atzacan,18.90724,-97.08307,MX
Atoyatempan,18.81925,-97.9139,MX
Atotonilco de Tula,20.0077,-99.21804,MX
Atotonilco el Grande,20.28632,-98.6685,MX
Atlixco,18.90815,-98.43613,MX
Atliaca,17.65168,-99.37471,MX
Atlautla,19.02188,-98.77859,MX
Atlatlahucan,18.93413,-98.8982,MX
San Bartolomé Atlatlahuca,19.06963,-99.60981,MX
Atlacomulco de Fabela,19.79919,-99.875,MX
Ciudad López Mateos,19.55793,-99.25675,MX
Atizapán,19.25,-99.55,MX
Atitalaquia,20.05964,-99.22163,MX
Atencingo,18.51347,-98.60542,MX
Atempan,19.83945,-97.45855,MX
Asunción Nochixtlán,17.4586,-97.22569,MX
Asunción Ixtaltepec,16.50328,-95.06045,MX
Apizaco,19.41333,-98.14358,MX
Apaxtla de Castrejón,18.13127,-99.93255,MX
Apaxco de Ocampo,19.97512,-99.17112,MX
San Pedro Apatlaco,18.79306,-98.95972,MX
Apan,19.71128,-98.45086,MX
Antón Lizardo,19.05962,-95.99272,MX
Ángel R. Cabada,18.59601,-95.4458,MX
Jaltenango de la Paz,15.87257,-92.72469,MX
Anenecuilco,18.77738,-98.98907,MX
Anahuac,22.20275,-97.85506,MX
Amozoc de Mota,19.04611,-98.045,MX
San Miguel Ameyalco,19.30681,-99.4588,MX
Amecameca,19.12384,-98.76649,MX
Amayuca,18.72408,-98.79812,MX
Amatlán de los Reyes,18.84658,-96.91595,MX
Amacuzac,18.59861,-99.36944,MX
Álvaro Obregón,14.92231,-92.37813,MX
Alvarado,18.77143,-95.76181,MX
Altotonga,19.76613,-97.24514,MX
Altepexi,18.37035,-97.29966,MX
Altamirano,16.88333,-92.15,MX
Altamira,22.39309,-97.93857,MX
Alpuyeca,18.74006,-99.25937,MX
Almoloya del Río,19.16046,-99.4874,MX
Allende,18.15401,-94.39425,MX
Axtla de Terrazas,21.43923,-98.87508,MX
Aldama,22.92096,-98.07523,MX
Aldama,18.24117,-93.35102,MX
Álamo,20.91154,-97.67554,MX
Akil,20.2654,-89.34726,MX
Ajalpan,18.37908,-97.25867,MX
Agua Dulce,20.36337,-97.29315,MX
Agua Dulce,18.13909,-94.14527,MX
Acultzingo,18.71894,-97.30367,MX
Acuitlapilco,19.27333,-98.23542,MX
Actopan,20.26961,-98.94377,MX
San Lorenzo Acopilco,19.33002,-99.32721,MX
Acolman de Netzahualcóyotl,19.63976,-98.90777,MX
Acayucan,17.94979,-94.91386,MX
Acayuca,20.02567,-98.8411,MX
Acatzingo,18.98196,-97.78363,MX
Acatlán de Pérez Figueroa,18.53881,-96.60514,MX
Acatlán de Osorio,18.2025,-98.04864,MX
Acapulco de Juárez,16.84942,-99.90891,MX
Acapetahua,15.28195,-92.68947,MX
Acanceh,20.81291,-89.45332,MX
Acamixtla,18.56512,-99.56599,MX
Acambay,19.95522,-99.84428,MX
Acala,16.5561,-92.80772,MX
Acajete,19.11154,-97.95231,MX
San Antonio Acahualco,19.274,-99.77169,MX
Acacoyagua,15.34252,-92.67579,MX
Abasolo,24.05896,-98.37427,MX
Ajacuba,20.0917,-99.12246,MX
Villa Avila Camacho,20.38593,-97.87989,MX
Miraflores,19.2221,-98.80741,MX
Concepción Jolalpan,19.58399,-98.84643,MX
Valente Diaz,19.16347,-96.21648,MX
Galeana,18.6381,-99.2124,MX
Santiago Tlacotepec,19.22708,-99.67083,MX
San Juan Colorado,16.46066,-97.95431,MX
Santos Reyes Nopala,16.10694,-97.14435,MX
Bajos de Chila,15.92314,-97.12093,MX
Tamazulapam Villa del Progreso,17.6771,-97.57315,MX
Teotitlán de Flores Magón,18.13066,-97.06947,MX
Tezonapa,18.60706,-96.68417,MX
Temascal,18.24186,-96.40312,MX
Isla Soyaltepec,18.20107,-96.48325,MX
Vicente Camalote,18.51385,-96.52825,MX
Tierra Blanca,18.44771,-96.35912,MX
San Jacinto Amilpas,17.10188,-96.76228,MX
San Antonino Castillo Velasco,16.80144,-96.68262,MX
Santa María Jalapa del Marqués,16.43993,-95.44374,MX
Heroica Villa de San Blas Atempa,16.32608,-95.22711,MX
Miguel Hidalgo,18.25476,-93.30589,MX
Quintín Arauz,18.36725,-93.21419,MX
Chichicapa,18.26122,-93.18156,MX
Vicente Guerrero,18.38932,-92.89549,MX
La Venta,18.09798,-94.0452,MX
Medellín y Madero Segunda Sección,18.11351,-92.854,MX
Río Viejo Primera Sección,17.93913,-92.98022,MX
Parrilla,17.91297,-92.91752,MX
Playas del Rosario,17.85289,-92.93243,MX
Río de Teapa,17.77473,-92.90217,MX
La Curva,17.86819,-92.48835,MX
Huitel,20.16707,-99.2786,MX
Presas,20.15946,-99.25242,MX
Cardonal,20.05689,-99.23025,MX
Benito Juárez,19.5859,-98.42827,MX
San Benito Xaltocan,19.40594,-98.16683,MX
Zimatepec,19.42131,-98.16462,MX
San José Tetel,19.43313,-98.15948,MX
San Luis Apizaquito,19.42524,-98.11709,MX
San José Teacalco,19.33558,-98.06455,MX
San Andrés Ahuashuatepec,19.37831,-98.10654,MX
San José Xicohténcatl,19.3544,-97.83081,MX
Villa de El Carmen Tequexquitla,19.32426,-97.6535,MX
Huamantla,19.31451,-97.9252,MX
Ignacio Zaragoza,19.29228,-97.92122,MX
Zitlaltépec,19.20389,-97.90722,MX
Tetlanohcán,19.2603,-98.16433,MX
Xicohtzinco,19.17371,-98.23377,MX
La Magdalena Tlaltelulco,19.28287,-98.19609,MX
Santa María Ixtulco,19.32529,-98.20843,MX
San Juan Huactzinco,19.23342,-98.25259,MX
Zacatelco,19.21583,-98.23972,MX
San Damián Texoloc,19.27833,-98.28544,MX
Tlaxcala,19.31777,-98.23846,MX
Totolac,19.3258,-98.25834,MX
Santa Ana Nopalucan,19.2981,-98.33321,MX
Villa Alta,19.29263,-98.4011,MX
Papalotla,19.16861,-98.20389,MX
Tenancingo,19.14725,-98.20132,MX
Villa Vicente Guerrero,19.12123,-98.16572,MX
San Isidro Buen Suceso,19.15489,-98.10492,MX
Juárez,17.60747,-93.19253,MX
Chilón,17.10604,-92.27302,MX
Rincón Chamula,17.20811,-92.939,MX
San Juan Cancuc,16.8928,-92.36973,MX
Altamirano,16.73369,-92.03882,MX
Benemérito de las Américas,16.51537,-90.65338,MX
Frontera Corozal,16.81473,-90.88351,MX
El Triunfo,16.202,-91.85916,MX
Venustiano Carranza,16.1902,-91.92749,MX
San Francisco Pujiltic,16.27922,-92.45319,MX
El Parral,16.37022,-93.00428,MX
Revolución Mexicana,16.17156,-93.07666,MX
Jesús María Garza,16.39669,-93.29368,MX
Tonalá,16.09007,-93.7546,MX
Arriaga,16.23557,-93.89972,MX
Paredón,16.05083,-93.86667,MX
Pilcaya,18.74691,-99.67501,MX
San Gaspar Tlahuelilpan,19.2429,-99.54568,MX
Santa Cruz Atizapán,19.17692,-99.48852,MX
Tepetlixpa,19.02893,-98.82129,MX
San Juan Tehuixtitlán,19.05428,-98.76718,MX
San Matías Cuijingo,19.08487,-98.85307,MX
La Candelaria Tlapala,19.24042,-98.84766,MX
San Mateo Huitzilzingo,19.22906,-98.92504,MX
Santa María Huexoculco,19.25804,-98.8205,MX
San Martín Cuautlalpan,19.27618,-98.83167,MX
San Marcos Huixtoco,19.29668,-98.86369,MX
Tecamachalco,19.35992,-98.95957,MX
Lomas de San Sebastián,19.38206,-98.9332,MX
San Sebastián Chimalpa,19.38151,-98.95505,MX
Coatepec,19.38485,-98.84546,MX
Santiago Cuautlalpan,19.43232,-98.90136,MX
Tequexquináhuac,19.47757,-98.82485,MX
Xocotlán,19.51633,-98.84633,MX
San Miguel Tlaixpan,19.50958,-98.81083,MX
San Jerónimo Amanalco,19.51791,-98.75673,MX
Tulantongo,19.53159,-98.87464,MX
San Cristóbal Nexquipayac,19.5801,-98.93053,MX
Tequisistlán,19.59642,-98.94105,MX
Tezoyuca,19.59283,-98.91084,MX
Tepexpan,19.61387,-98.9364,MX
San Bartolo,19.65533,-98.90215,MX
Santa Catarina,19.63659,-98.92651,MX
San Lorenzo Tlalmimilolpan,19.66731,-98.87221,MX
San Sebastián Xolalpa,19.67653,-98.84529,MX
Santa Ana Tlachiahualpa,19.76869,-98.90885,MX
San Luis Tecuhautitlán,19.76736,-98.88868,MX
Santa María Ajoloapan,19.7636,-98.95908,MX
Santiago Yancuitlalpan,19.38404,-99.30471,MX
Venustiano Carranza,20.50667,-97.66806,MX
Villa Lázaro Cárdenas,20.46193,-97.70024,MX
Hueyapán,19.88276,-97.44537,MX
Ciudad de Tlatlauquitepec,19.85278,-97.49528,MX
San Andrés Cholula,19.05144,-98.29526,MX
Guadalupe Victoria,19.2911,-97.3429,MX
Chapulco,18.62586,-97.40474,MX
Actipan de Morelos,18.96003,-97.79904,MX
Ciudad de Chiautla de Tapia,18.3,-98.60389,MX
Tehuitzingo,18.33186,-98.27587,MX
Jolalpan,18.32495,-98.84489,MX
Tres Palos,16.82959,-99.77813,MX
Marquelia,16.58335,-98.81686,MX
Kantunilkín,21.10182,-87.48644,MX
Alfredo V. Bonfil,21.08776,-86.84706,MX
Leona Vicario,20.9897,-87.20224,MX
José María Morelos,19.74887,-88.70866,MX
Cabezas,19.37167,-96.38278,MX
Las Amapolas,19.15194,-96.19778,MX
General Miguel Alemán,18.8921,-96.79665,MX
Peñuela,18.86421,-96.89449,MX
Mundo Nuevo,18.08755,-94.38881,MX
Zaragoza,17.95783,-94.64231,MX
Benito Juárez,22.20261,-97.84015,MX
Totolapa,20.55587,-97.47641,MX
Plan de Ayala,20.54745,-97.47482,MX
Alto Lucero,20.95361,-97.44194,MX
Loma Bonita,18.10766,-95.88053,MX
Isla,18.0278,-95.52946,MX
Juan Díaz Covarrubias,18.15964,-95.18675,MX
Villa Progreso,20.64241,-99.83562,MX
La Llave,20.46628,-99.99373,MX
Emiliano Zapata (Santo Domingo),19.57972,-99.78806,MX
San Francisco Tepeolulco,19.83291,-99.98834,MX
San Lorenzo Tlacotepec,19.8125,-99.91222,MX
San Pedro Abajo,19.48093,-99.567,MX
San Andrés Cuexcontitlán,19.35892,-99.62151,MX
La Cabecera,19.35611,-99.74806,MX
San Marcos Yachihuacaltepec,19.32319,-99.6791,MX
Santiaguito Tlalcilalcalli,19.34032,-99.72717,MX
San Mateo Otzacatipan,19.33273,-99.60345,MX
San Pedro Totoltepec,19.31108,-99.57197,MX
Santa María Totoltepec,19.30653,-99.59279,MX
El Cerrillo Vista Hermosa,19.32337,-99.5425,MX
San Antonio Buenavista,19.26083,-99.71194,MX
San Felipe Tlalmimilolpan,19.23934,-99.64215,MX
San Francisco Cuaxusco,19.26755,-99.61925,MX
San Miguel Totocuitlapilco,19.22889,-99.59417,MX
San Pedro Tultepec,19.26514,-99.50934,MX
San Bartolomé Tlaltelulco,19.22738,-99.62964,MX
San Juan Tilapa,19.22021,-99.66012,MX
Santa María Nativitas,19.21139,-99.62944,MX
San Pedro Tlaltizapan,19.19973,-99.49956,MX
San Andrés Ocotlán,19.19297,-99.58612,MX
San Pedro Zictepec,19.03659,-99.57771,MX
Santa María Jajalpa,19.11167,-99.53583,MX
Santiago Tílapa,19.18953,-99.42089,MX
Tres Marías,19.0549,-99.24301,MX
San Pedro Cholula,19.26444,-99.48639,MX
San Mateo Atarasquíllo,19.32304,-99.46156,MX
San Pedro Atocpan,19.2016,-99.04963,MX
San Salvador Cuauhtenco,19.19276,-99.08983,MX
Benito Juarez,19.3984,-99.15766,MX
Venustiano Carranza,19.44361,-99.10499,MX
Miguel Hidalgo,19.43411,-99.20024,MX
Cuauhtémoc,19.44506,-99.14612,MX
Huixquilucan,19.35985,-99.35016,MX
Zacamulpa,19.35565,-99.33145,MX
San Bartolomé Coatepec,19.39776,-99.31211,MX
Santa Ana Jilotzingo,19.45617,-99.48836,MX
San José el Vidrio,19.65333,-99.38417,MX
San Miguel Vindho,19.99447,-99.31782,MX
Salitrillo,19.82937,-99.21594,MX
San Bartolo,19.83292,-99.19272,MX
San Bartolo Tlaxihuicalco,19.73094,-99.15972,MX
Melchor Ocampo,19.70186,-99.14485,MX
Huilango,19.68056,-99.25639,MX
Santiago Teyahualco,19.65985,-99.12493,MX
Tonanitla,19.68794,-99.05342,MX
Ojo de Agua,19.68028,-99.01,MX
Santo Tomás Chiconautla,19.63894,-99.00755,MX
Buenavista,19.60833,-99.16944,MX
San Ignacio Río Muerto,27.41611,-110.24468,MX
Francisco Javier Mina,27.46136,-110.1085,MX
Vicam,27.64307,-110.29459,MX
Miguel Alemán (La Doce),28.84028,-111.4775,MX
Los Zacatones,22.96139,-102.05556,MX
Dulce Grande,23.00175,-102.17405,MX
Lázaro Cárdenas,28.39027,-105.62402,MX
Ejido Benito Juárez,30.14937,-106.88362,MX
Adolfo López Mateos,28.46667,-107.3,MX
Isla del Bosque,22.73306,-105.84556,MX
Concordia,23.28694,-106.06389,MX
Eldorado,24.32444,-107.36722,MX
Gabriel Leyva Solano,25.66157,-108.63657,MX
Adolfo Ruiz Cortines,25.70387,-108.71894,MX
Cihuatlán,19.2366,-104.56512,MX
Minas de Barroterán,27.65241,-101.28365,MX
Lázaro Cárdenas,30.52663,-115.93137,MX
Camalú,30.84355,-116.0623,MX
Progreso,32.58165,-115.58434,MX
Santa Isabel,32.63075,-115.57039,MX
Ciudad Coahuila,32.19351,-114.99959,MX
Doctor Alberto Oviedo Mota,32.22756,-115.16792,MX
Colonia Venustiano Carranza,32.23017,-115.16751,MX
Ciudad Guadalupe Victoria,32.28885,-115.1031,MX
Delta,32.3545,-115.19639,MX
Zinapécuaro de Figueroa,19.86005,-100.82731,MX
Ixtapa-Zihuatanejo,17.64344,-101.55212,MX
Zaragoza,28.4932,-100.9223,MX
Villa Zaragoza,22.03716,-100.73088,MX
Zapotlanejo,20.62268,-103.06813,MX
Zapotiltic,19.62749,-103.41752,MX
Zapopan,20.72111,-103.38742,MX
Zamora de Hidalgo,19.98404,-102.28634,MX
Zacoalco de Torres,20.22627,-103.56981,MX
Zacatecas,22.76843,-102.58141,MX
Zacapu,19.81523,-101.79198,MX
Yuriria,20.21075,-101.13194,MX
Yurécuaro,20.33954,-102.28219,MX
Yerbabuena,20.96319,-101.27448,MX
Yahualica de González Gallo,21.17978,-102.88611,MX
Vista Hermosa de Negrete,20.27297,-102.47426,MX
Villa Unión,28.22228,-100.72624,MX
Villa Union,28.21667,-100.71667,MX
Villa Unión,23.9753,-104.04462,MX
Villa Unión,23.18992,-106.21947,MX
Villanueva,22.35451,-102.88366,MX
Villa Madero,19.39177,-101.27871,MX
Villa Juárez,27.12981,-109.83707,MX
Villa Juárez,25.49203,-103.59389,MX
Villa Hidalgo,21.74119,-105.23149,MX
Villa Hidalgo,21.67616,-102.58803,MX
Villagrán,20.51364,-100.99636,MX
Villa González Ortega,22.51312,-101.91395,MX
Villa García,22.16244,-101.95488,MX
Frontera,26.92814,-101.45212,MX
Santa Clara del Cobre,19.40664,-101.63991,MX
Villa de Reyes,21.80309,-100.93418,MX
El Pueblito,20.54006,-100.44093,MX
García,25.81201,-100.59874,MX
Villa de Cos,23.294,-102.34665,MX
Ciudad de Villa de Álvarez,19.26722,-103.73778,MX
Villa Corona,20.41564,-103.66416,MX
Miguel Ahumada,30.61861,-106.51222,MX
San Pedro Cahro,20.11548,-102.65328,MX
Venado,22.92997,-101.09537,MX
Valtierrilla,20.53225,-101.12857,MX
Valparaíso,22.77094,-103.57045,MX
Valle de Santiago,20.39148,-101.19103,MX
Valle de Bravo,19.19501,-100.13132,MX
Valle de Banderas,20.8066,-105.24763,MX
Usmajac,19.87468,-103.54131,MX
Uruapan,19.41677,-102.05842,MX
Uriangato,20.14162,-101.17875,MX
Unión de Tula,19.95646,-104.26805,MX
Unión de San Antonio,21.12714,-102.00619,MX
Tuzantla,19.20289,-100.56679,MX
Tuxpan,21.94173,-105.29901,MX
Tuxpan,19.56787,-100.46406,MX
Tuxpan,19.55555,-103.37587,MX
Trancoso,22.73566,-102.36588,MX
Tototlán,20.54219,-102.7913,MX
Torreón,25.54389,-103.41898,MX
Topolobampo,25.60055,-109.0504,MX
Tonalá,20.62263,-103.24168,MX
Tomatlán,19.93664,-105.2501,MX
Todos Santos,23.44688,-110.22308,MX
Tlaquepaque,20.64121,-103.29342,MX
Tlapehuala,18.24101,-100.5379,MX
Tlajomulco de Zúñiga,20.47421,-103.44654,MX
Tlahualilo de Zaragoza,26.10743,-103.44259,MX
Tizapán el Alto,20.15942,-103.0447,MX
Tingüindín,19.73892,-102.48163,MX
Tingambato,19.50159,-101.85329,MX
Tijuana,32.5027,-117.00371,MX
Tierra Nueva,21.66904,-100.57287,MX
San Francisco Tesistán,20.79729,-103.47712,MX
Tequila,20.88205,-103.83599,MX
Tepic,21.50733,-104.89332,MX
Tepatitlán de Morelos,20.81692,-102.76347,MX
Tepalcatepec,19.18725,-102.84704,MX
Teocaltiche,21.43434,-102.57427,MX
Tejupilco de Hidalgo,18.90475,-100.15275,MX
Tecuala,22.39801,-105.45716,MX
Técpan de Galeana,17.21976,-100.63032,MX
Tecomán,18.91614,-103.87713,MX
Tecolotes,32.56667,-114.98333,MX
Tecolotlán,20.20144,-104.04834,MX
Tecate,32.566,-116.63187,MX
Tecalitlán,19.47156,-103.30708,MX
Tayoltita,24.10278,-105.93083,MX
Tarimoro,20.28744,-100.75605,MX
Taretan,19.33439,-101.91782,MX
Tarecuato,19.84365,-102.4652,MX
Tarandacuao,20.0013,-100.51832,MX
Tapalpa,19.94567,-103.75932,MX
Tanhuato de Guerrero,20.28492,-102.32813,MX
Tangancícuaro de Arista,19.88684,-102.20717,MX
Tancítaro,19.3368,-102.36281,MX
Tamazula de Gordiano,19.68006,-103.2514,MX
Talpa de Allende,20.38084,-104.82213,MX
Tala,20.65267,-103.70148,MX
Tacoaleche,22.82012,-102.4034,MX
Tacámbaro de Codallos,19.23606,-101.45803,MX
Tabasco,21.86315,-102.91108,MX
Sonoyta,31.86323,-112.85012,MX
Sombrerete,23.63138,-103.64134,MX
Soledad de Graciano Sánchez,22.18912,-100.93792,MX
Sinaloa de Leyva,25.82248,-108.22275,MX
Silao de la Victoria,20.94361,-101.42696,MX
Sayula,19.88372,-103.60073,MX
Saucillo,28.0299,-105.29276,MX
Santiago Tangamandapio,19.95579,-102.43534,MX
Santiago Papasquiaro,25.04389,-105.41917,MX
Santiago Ixcuintla,21.81109,-105.20842,MX
Santiago de Cuenda,20.59899,-100.99575,MX
Santiago,25.42533,-100.15205,MX
Santa Teresa,20.95971,-101.31732,MX
Santa Rosalía,27.34035,-112.26706,MX
Santa Rosa Jáuregui,20.7421,-100.44783,MX
Santa Rosa,25.82463,-100.22164,MX
Santa María del Río,21.79615,-100.73815,MX
Santa María del Oro,25.94944,-105.36444,MX
Santa Cruz del Valle,20.53333,-103.43333,MX
Santa Cruz de las Flores,20.48056,-103.50278,MX
Santa Clara de Valladares,19.63852,-102.49115,MX
Santa Catarina,25.67325,-100.45813,MX
Santa Bárbara,26.80257,-105.81961,MX
Santa Anita,20.55005,-103.4435,MX
Santa Ana Pacueco,20.34722,-102.01583,MX
Santa Ana Maya,20.00743,-101.02079,MX
Santa Ana,30.5412,-111.11882,MX
San Sebastián el Grande,20.53279,-103.42938,MX
San Pedro Piedra Gorda,22.45001,-102.34558,MX
San Pedro Itzicán,20.31724,-102.95406,MX
San Pedro,25.75602,-102.98385,MX
San Pedro,25.43333,-103.21667,MX
San Patricio,19.22534,-104.70447,MX
San Nicolás de los Garza,25.74167,-100.30222,MX
San Nicolás de los Agustinos,20.24639,-100.96598,MX
San Miguel Zapotitlán,25.9476,-109.04739,MX
San Miguel Octopan,20.57435,-100.74793,MX
San Miguel el Alto,21.03053,-102.40227,MX
San Miguel de Allende,20.91528,-100.74389,MX
San Martín Hidalgo,20.43538,-103.92878,MX
San Luis Río Colorado,32.4555,-114.77037,MX
San Luis Potosí,22.15234,-100.97135,MX
San Luis de la Paz,21.29845,-100.51485,MX
San Luis,28.43333,-113.75,MX
Cabo San Lucas,22.89088,-109.91238,MX
San Julián,21.01035,-102.17967,MX
San Juanito,27.97213,-107.60107,MX
San Juan de los Lagos,21.24893,-102.33036,MX
San Juan de la Vega,20.6242,-100.76087,MX
San Juan de Abajo,20.81501,-105.19303,MX
San Juan Cosalá,20.28756,-103.34109,MX
San José Temascatío,20.69183,-101.26028,MX
San José Iturbide,21.00022,-100.3858,MX
San José el Alto,20.65345,-100.38221,MX
San José del Castillo,20.51167,-103.23689,MX
San José del Cabo,23.05406,-109.70367,MX
San José de Gracia,20.67474,-102.56989,MX
San Jose de Lourdes,23.27645,-103.00973,MX
San José Agua Azul,20.48567,-100.65639,MX
San Jerónimo de Juárez,17.13915,-100.47067,MX
San Jeronimito,17.56818,-101.34562,MX
San Ignacio Cerro Gordo,20.74322,-102.53658,MX
San Francisco del Rincón,21.01889,-101.85844,MX
San Francisco de los Romo,22.07209,-102.27216,MX
San Felipe,31.02526,-114.84173,MX
San Felipe,21.47882,-101.21581,MX
San Diego de la Unión,21.46788,-100.87298,MX
San Diego de Alejandría,20.99306,-101.99322,MX
Tlaltenango de Sánchez Román,21.78129,-103.30436,MX
Puerto San Carlos,24.78874,-112.10504,MX
San Buenaventura,27.06193,-101.54891,MX
San Blas,26.08176,-108.76088,MX
San Blas,21.54076,-105.28797,MX
San Bartolo de Berrios,21.61215,-101.06753,MX
San Andrés Ixtlán,19.82044,-103.47028,MX
San Agustín,20.54772,-103.46714,MX
Salvatierra,20.21615,-100.88208,MX
Saltillo,25.42595,-100.97963,MX
Salinas Victoria,25.96329,-100.29091,MX
Salinas de Hidalgo,22.62795,-101.71417,MX
Salamanca,20.56979,-101.1977,MX
Sain Alto,23.5799,-103.24766,MX
Sahuayo de Morelos,20.057,-102.7164,MX
Ciudad Sabinas Hidalgo,26.50358,-100.18187,MX
Sabinas,27.85591,-101.11738,MX
Ruiz,21.95053,-105.1449,MX
Rosarito,32.36044,-117.04645,MX
El Rosario,22.99032,-105.85419,MX
Santa Cruz de Rosales,28.18717,-105.556,MX
Romita,20.87208,-101.517,MX
Río Grande,23.82733,-103.03408,MX
Rincón de Tamayo,20.42348,-100.75555,MX
Rincón de Romos,22.22923,-102.32245,MX
La Joya,32.44363,-117.00371,MX
Ramos Arizpe,25.53928,-100.94742,MX
Quiroga,19.66479,-101.52322,MX
Quilá,24.42273,-107.22139,MX
Santiago de Querétaro,20.58806,-100.38806,MX
Queréndaro,19.81007,-100.88508,MX
Puruarán,19.09748,-101.52204,MX
Puruándiro,20.08879,-101.5156,MX
Purísima de Bustos,21.02969,-101.87777,MX
Purépero de Echáiz,19.91025,-102.00691,MX
Puerto Vallarta,20.617,-105.23018,MX
Puerto Peñasco,31.31716,-113.53799,MX
Puerto Palomas de Villa,31.77781,-107.6351,MX
Pueblo Yaqui,27.35515,-110.034,MX
Pozo de Gamboa,22.94862,-102.57086,MX
Pótam,27.62579,-110.41774,MX
Poncitlán,20.38111,-102.92395,MX
Pitiquito,30.67664,-112.05454,MX
Pinos,22.29882,-101.57481,MX
Pihuamo,19.24991,-103.38275,MX
Piedras Negras,28.70007,-100.52353,MX
Petatlán,17.53768,-101.26798,MX
Pesquería,25.78543,-100.05098,MX
Pesqueira,29.37972,-110.89611,MX
Pericos,25.08093,-107.69966,MX
Peribán de Ramos,19.52032,-102.41526,MX
Peñón Blanco,24.79204,-104.03424,MX
Pénjamo,20.43134,-101.72403,MX
La Peñita de Jaltemba,21.03829,-105.25024,MX
Pedro Escobedo,20.50232,-100.14469,MX
Pedernales,19.14082,-101.46981,MX
Pátzcuaro,19.5132,-101.60995,MX
Parras de la Fuente,25.44185,-102.17808,MX
Paracho de Verduzco,19.64757,-102.04765,MX
Panindícuaro,19.98432,-101.76121,MX
Palo Alto,21.91709,-101.96277,MX
Palaú,27.89243,-101.42349,MX
Pajacuarán,20.11674,-102.56431,MX
Pabellón de Arteaga,22.1475,-102.27905,MX
San José de Gracia,19.98959,-103.02148,MX
Opopeo,19.41222,-101.60677,MX
Ojuelos de Jalisco,21.86367,-101.59336,MX
Ojinaga,29.56689,-104.54487,MX
Ocotlán,20.35116,-102.76832,MX
Ocampo,21.64761,-101.47923,MX
Nuevo San Juan Parangaricutiro,19.41751,-102.13064,MX
Nuevo México,20.7565,-103.44297,MX
Nuevo Ideal,24.88819,-105.07455,MX
Nuevo Casas Grandes,30.41552,-107.91166,MX
Nueva Rosita,27.93712,-101.21746,MX
Nueva Italia de Ruiz,19.02473,-102.09314,MX
Nombre de Dios,23.84891,-104.24712,MX
Nochistlán de Mejía,21.36355,-102.84754,MX
Nieves,23.99461,-103.02005,MX
Nazareno,25.39873,-103.41958,MX
Navolato,24.7668,-107.69768,MX
Navojoa,27.07057,-109.44345,MX
Nava,28.42071,-100.76565,MX
Estación Naranjo,25.80623,-108.48132,MX
Nahuatzen,19.65427,-101.91699,MX
Nacozari Viejo,30.4,-109.65,MX
Nacozari de García,30.37462,-109.68803,MX
Naco,31.32639,-109.94599,MX
Moroleón,20.13027,-101.1908,MX
Morelos,28.40676,-100.88854,MX
Morelos,22.86223,-102.6097,MX
Morelia,19.70078,-101.18443,MX
Monterrey,25.68435,-100.31721,MX
Monclova,26.90687,-101.42056,MX
Mocorito,25.48154,-107.92128,MX
Mochicahui,25.95134,-108.92966,MX
Misión de Chichimecas,21.28496,-100.48658,MX
Miguel Auza,24.29445,-103.45113,MX
Mezcales,20.73039,-105.283,MX
Mezcala,20.33572,-103.01795,MX
Mexicali,32.62781,-115.45446,MX
Pedro Meoqui,28.26847,-105.48051,MX
Ciudad Melchor Múzquiz,27.87933,-101.51615,MX
Medina,21.14972,-101.6225,MX
Mazatlán,23.22163,-106.41885,MX
Mazamitla,19.91605,-103.01994,MX
Matehuala,23.64824,-100.64334,MX
Matamoros,25.52699,-103.2285,MX
Mascota,20.52536,-104.78516,MX
Jesús Gómez Portugal,21.9988,-102.29087,MX
Marfil,20.99753,-101.2855,MX
Maravatío de Ocampo,19.8919,-100.44192,MX
Mapimí,25.83362,-103.84833,MX
Manzanillo,19.11695,-104.34214,MX
Rodolfo Sánchez Taboada,31.72294,-116.57196,MX
Magdalena de Kino,30.62681,-110.96151,MX
Magdalena,20.90686,-103.9769,MX
Madera,29.19269,-108.14334,MX
Luis Moya,22.43237,-102.24864,MX
Los Reyes de Salgado,19.58854,-102.47333,MX
Los Mochis,25.79097,-108.99825,MX
Loreto,26.01217,-111.34888,MX
Loreto,22.27194,-101.98602,MX
Lombardía,19.15806,-102.05111,MX
León de los Aldama,21.12183,-101.68253,MX
La Venta del Astillero,20.72652,-103.54632,MX
Las Varas,21.17968,-105.1363,MX
Las Pintas de Arriba,20.57573,-103.32442,MX
Las Juntas,20.70033,-105.24326,MX
La Ribera,20.34782,-102.27947,MX
La Reforma,25.08189,-108.05626,MX
Quesería,19.38708,-103.57243,MX
La Pila,22.03425,-100.86786,MX
La Piedad de Cabadas,20.34107,-102.02251,MX
La Paz,24.14231,-110.31316,MX
La Orilla,17.99583,-102.22694,MX
La Negreta,20.52744,-100.45109,MX
Lampazos de Naranjo,27.02554,-100.50512,MX
La Lira,20.47619,-100.16282,MX
La Junta,28.47921,-107.32972,MX
La Huerta,19.48438,-104.64237,MX
La Huacana,18.96222,-101.80786,MX
Lagos de Moreno,21.35875,-101.93311,MX
La Estancia,20.42156,-100.06817,MX
La Cruz,23.92126,-106.8925,MX
Constancia,25.96588,-108.9034,MX
La Cañada,20.60639,-100.33114,MX
La Barca,20.28988,-102.54198,MX
Puente Grande,20.56832,-103.15627,MX
Ascensión,31.09205,-107.99642,MX
La Aldea,20.90192,-101.47888,MX
Juventino Rosas,20.6435,-100.9952,MX
Juriquilla,20.7114,-100.45705,MX
Jungapeo de Juárez,19.45857,-100.4945,MX
Juchipila,21.41091,-103.11686,MX
Ciudad Benito Juárez,25.64724,-100.09582,MX
Juan Aldama,24.29072,-103.39339,MX
Juanacatlán,20.50873,-103.16761,MX
Jocotepec,20.28566,-103.42908,MX
Jiquilpan de Juárez,19.99173,-102.71843,MX
Jesús María,21.96111,-102.34333,MX
Jesús María,20.60744,-102.21974,MX
Jerez de García Salinas,22.6497,-102.98979,MX
Jerécuaro,20.15112,-100.51052,MX
Jaral del Progreso,20.37205,-101.06419,MX
Jamay,20.29479,-102.7094,MX
Jalpa,21.63241,-102.97906,MX
Jalostotitlán,21.16813,-102.46097,MX
Xalisco,21.44465,-104.8998,MX
Jala,21.10476,-104.43803,MX
Jacona de Plancarte,19.95625,-102.30557,MX
Ixtlán del Río,21.03514,-104.3688,MX
Ixtlahuacán del Río,20.8639,-103.23924,MX
Ixtlahuacán de los Membrillos,20.34869,-103.19206,MX
Ixtapa,20.71598,-105.20508,MX
Ixtapa,17.66782,-101.64165,MX
Irapuato,20.671,-101.35577,MX
Irámuco,19.96212,-100.92378,MX
Indaparapeo,19.78967,-100.96851,MX
Imuris,30.78955,-110.84596,MX
Huetamo de Núñez,18.62602,-100.90004,MX
Huatabampo,26.82649,-109.64206,MX
Huanímaro,20.36794,-101.49877,MX
Huandacareo,19.98864,-101.27607,MX
Higuera de Zaragoza,25.96861,-109.30219,MX
Hidalgo del Parral,26.92987,-105.66618,MX
Heróica Zitácuaro,19.43657,-100.35639,MX
Nogales,31.30862,-110.94217,MX
Heroica Caborca,30.71833,-112.15837,MX
Hermosillo,29.08874,-110.96677,MX
Heroica Guaymas,27.91989,-110.89888,MX
Guasave,25.56792,-108.46949,MX
Guanajuato,21.01858,-101.2591,MX
Guamúchil,25.4587,-108.07732,MX
Guadalupe y Calvo,26.09392,-106.96389,MX
Guadalupe Victoria,24.44676,-104.12336,MX
Guadalupe,25.67678,-100.25646,MX
Guadalupe,22.74678,-102.5188,MX
Guadalajara,20.67738,-103.34749,MX
Guachochi,26.82037,-107.0713,MX
Gómez Palacio,25.56871,-103.4996,MX
Valentín Gómez Farías,29.35786,-107.739,MX
General Zuazua,25.89491,-100.108,MX
Vicente Guerrero,23.73267,-103.98247,MX
Juan José Ríos,25.75714,-108.8242,MX
Ciudad General Escobedo,25.79698,-100.31791,MX
San Pedro Garza García,25.6604,-100.40651,MX
Galeana,24.82455,-100.07601,MX
Fresnillo,23.1749,-102.86785,MX
Francisco I. Madero,25.773,-103.27127,MX
Francisco I. Madero,21.58232,-104.82401,MX
Felipe Carrillo Puerto,19.16108,-102.70687,MX
Etzatlán,20.76652,-104.07899,MX
Etchojoa,26.91065,-109.62549,MX
Esqueda,30.7275,-109.58781,MX
Escuinapa de Hidalgo,22.83474,-105.77766,MX
Ensenada,31.87149,-116.60071,MX
Encarnación de Díaz,21.52631,-102.24024,MX
Empalme Escobedo,20.67174,-100.74892,MX
Empalme,27.96166,-110.81411,MX
San José el Verde,20.55541,-103.27837,MX
Tobarito,27.37057,-109.89603,MX
El Sauzal de Rodríguez,31.89491,-116.69323,MX
El Sauz,20.47836,-100.11537,MX
El Salto,23.77846,-105.36038,MX
Pueblo Nuevo,23.38359,-105.37084,MX
El Salto,20.51853,-103.18159,MX
El Salto,20.33333,-104.5,MX
El Rosario,24.25556,-107.18278,MX
El Refugio,20.67194,-103.73814,MX
San José del Quince,20.5417,-103.28416,MX
El Oro de Hidalgo,19.80272,-100.13081,MX
El Grullo,19.80665,-104.21626,MX
El Fuerte,26.41691,-108.61816,MX
San Antonio del Coyote,25.69682,-103.28436,MX
El Colomo,19.06015,-104.25727,MX
El Coacoyul,17.6381,-101.47571,MX
El Arenal,20.77629,-103.6935,MX
Puebla,32.56645,-115.35387,MX
Ciudad Insurgentes,25.26345,-111.77444,MX
Ejido Hermosillo,32.51158,-114.92304,MX
Esperanza,27.58046,-109.93119,MX
Victoria de Durango,24.02032,-104.65756,MX
Duarte,21.08714,-101.52397,MX
Doctor Arroyo,23.67211,-100.18134,MX
Degollado,20.46702,-102.14976,MX
San Miguel Cuyutlán,20.41739,-103.38936,MX
Culiacán,24.80209,-107.39421,MX
Cuitzeo del Porvenir,19.96912,-101.14053,MX
Cuitzeo (La Estancia),20.34278,-102.78389,MX
Cuerámaro,20.62586,-101.67173,MX
Cuencamé de Ceniceros,24.87116,-103.69731,MX
Cuauhtémoc,28.4063,-106.86667,MX
Cuauhtémoc,19.32861,-103.60284,MX
Cuatro Ciénegas de Carranza,26.98542,-102.06386,MX
Creel,27.75281,-107.63472,MX
Coyula,20.6614,-103.22846,MX
Coyuca de Catalán,18.32614,-100.69898,MX
Coyuca de Benítez,17.00895,-100.08714,MX
Cotija de la Paz,19.8101,-102.70212,MX
Costa Rica,24.5907,-107.38992,MX
Cosalá,24.41144,-106.69204,MX
Cortazar,20.48301,-100.96352,MX
Coquimatlán,19.20625,-103.80952,MX
Concordia,25.78034,-103.11588,MX
Concepción del Oro,24.61317,-101.42048,MX
Compostela,21.23733,-104.90064,MX
Comonfort,20.72005,-100.7612,MX
Comala,19.32717,-103.75926,MX
Colotlán,22.11316,-103.26658,MX
Colorines,19.17829,-100.21817,MX
Vicente Guerrero,30.73054,-115.98871,MX
Colonia Emiliano Zapata,28.37134,-105.61172,MX
Colón,20.78299,-100.05005,MX
Colima,19.24473,-103.7127,MX
Cojumatlán de Régules,20.11829,-102.85149,MX
Cofradía,19.43333,-103.55,MX
Cocula,20.36517,-103.82215,MX
Cócorit,27.5765,-109.95919,MX
Coalcomán de Vázquez Pallares,18.7775,-103.16,MX
Ciudad Obregón,27.48642,-109.94079,MX
Ciudad Manuel Doblado,20.72778,-101.95303,MX
Lerdo,25.53611,-103.52485,MX
Ciudad Juárez,31.72024,-106.46084,MX
José Mariano Jiménez,27.13076,-104.92391,MX
Ciudad Hidalgo,19.68957,-100.55502,MX
Ciudad Guzmán,19.70413,-103.46383,MX
Ciudad Guerrero,28.54929,-107.48403,MX
Ciudad Delicias,28.19013,-105.47012,MX
Ciudad Constitución,25.0321,-111.66256,MX
Santa Rosalía de Camargo,27.67891,-105.17158,MX
Anáhuac,27.24457,-100.13229,MX
Ciudad Altamirano,18.3582,-100.66965,MX
Ciudad Acuña,29.32322,-100.95217,MX
Ciénega de Flores,25.95467,-100.16695,MX
Choix,26.70901,-108.32545,MX
Chilchota,19.84738,-102.11788,MX
Chihuahua,28.63528,-106.08889,MX
Cherán,19.68621,-101.95403,MX
Chavinda,20.00669,-102.45994,MX
Charo,19.74772,-101.0461,MX
Charcas,23.12943,-101.11346,MX
Chapala,20.29246,-103.18963,MX
Cerro Gordo,20.59321,-101.12661,MX
Cerro de Ortega,18.7508,-103.72155,MX
Cerritos,22.42835,-100.28474,MX
Cerano,20.10803,-101.3869,MX
Celaya,20.52181,-100.81399,MX
Cedral,23.82099,-100.72527,MX
Castaños,26.78932,-101.43211,MX
La Resolana,19.6039,-104.43421,MX
Casas Grandes,30.3775,-107.95202,MX
Carmen,25.9365,-100.36396,MX
Carapan,19.85962,-102.0377,MX
Capulín,20.47802,-103.26947,MX
Capilla de Guadalupe,20.82718,-102.59136,MX
Capácuaro,19.54654,-102.05235,MX
Cañitas de Felipe Pescador,23.60684,-102.72627,MX
Canatlán,24.52653,-104.77397,MX
Cananea,30.98352,-110.29758,MX
Calvillo,21.84591,-102.71881,MX
Caltzontzin,19.42891,-102.00637,MX
Víctor Rosales,22.94889,-102.70222,MX
Cajititlán,20.43056,-103.30919,MX
Buenavista Tomatlán,19.21145,-102.58827,MX
San Buenaventura,29.84348,-107.46078,MX
Bucerías,20.75821,-105.3362,MX
Bermejillo,25.88848,-103.62139,MX
Benjamín Hill,30.16906,-111.11378,MX
Benito Juárez,29.75058,-107.93517,MX
Bellavista,20.43356,-103.63686,MX
Bacobampo,26.98239,-109.6535,MX
Bahía de Kino,28.82278,-111.94083,MX
Ayutla,20.1291,-104.34676,MX
Ayotlán,20.52943,-102.32778,MX
Autlán de Navarro,19.77189,-104.36644,MX
Atoyac de Álvarez,17.20667,-100.43306,MX
Atoyac,20.00943,-103.51674,MX
Atotonilquillo,20.39199,-103.12363,MX
Atotonilco el Alto,20.55084,-102.50822,MX
Atequiza,20.39519,-103.13882,MX
Atemajac de Brizuela,20.14069,-103.72763,MX
Ascención,31.1,-107.98333,MX
Arteaga,25.44528,-100.84667,MX
Arteaga,18.35679,-102.29113,MX
Villa de Arriaga,21.90917,-101.38223,MX
Ciudad de Armería,18.9378,-103.96417,MX
Villa de Arista,22.64252,-100.84808,MX
Ario de Rosales,19.2083,-101.70904,MX
Ario de Rayón,20.02632,-102.34698,MX
Arcelia,18.31847,-100.28148,MX
Arandas,20.72457,-101.37321,MX
Arandas,20.70551,-102.34514,MX
Santa Eulalia,28.59454,-105.88761,MX
Ciudad Apodaca,25.78195,-100.18839,MX
Apatzingán,19.08864,-102.35704,MX
Apaseo el Grande,20.54555,-100.68787,MX
Apaseo el Alto,20.45632,-100.62125,MX
Antúnez,19.01586,-102.20581,MX
Antonio Escobedo,20.8,-104.01667,MX
San Juanito de Escobedo,20.79816,-104.00162,MX
Angostura,25.36551,-108.16111,MX
Angamacutiro de la Unión,20.15062,-101.71024,MX
Angahuan,19.54775,-102.22483,MX
Colonia Anáhuac,28.48395,-106.74535,MX
Ameca,20.54783,-104.0461,MX
Amealco de Bonfil,20.18659,-100.14438,MX
Amatitán,20.83423,-103.73016,MX
Amazcala,20.70014,-100.26265,MX
Amanalco de Becerra,19.31667,-100.01667,MX
Álvaro Obregón,19.82498,-101.03936,MX
Altar,30.71627,-111.83804,MX
Allende,28.34124,-100.85111,MX
Ciudad de Allende,25.27673,-100.01442,MX
Juan Aldama,28.83778,-105.91232,MX
Álamos,27.0299,-108.93924,MX
Ajuchitlán del Progreso,18.15189,-100.48353,MX
Ajuchitlán,20.70751,-100.02093,MX
Ajijic,20.29992,-103.26138,MX
Ahualulco de Mercado,20.70137,-103.97461,MX
Ahuacatlán,21.0507,-104.48473,MX
Ahome,25.91985,-109.17338,MX
Aguililla,18.73696,-102.78853,MX
Aguascalientes,21.88262,-102.2843,MX
Agua Prieta,31.3224,-109.54251,MX
Adolfo Ruíz Cortínes,25.75,-108.75,MX
Acuitzio del Canje,19.49639,-101.33294,MX
Acatlán de Juárez,20.42238,-103.59098,MX
Acatic,20.78085,-102.91055,MX
Acaponeta,22.49046,-105.36074,MX
Acámbaro,20.03248,-100.72434,MX
Abasolo,20.45031,-101.53011,MX
Ojocaliente,21.87703,-102.67527,MX
Jesús Gómez Portugal (Margaritas),21.99917,-102.29139,MX
Guerrero Negro,27.96005,-114.05589,MX
Hidalgo,25.97205,-100.45029,MX
Doctor Mora,21.14204,-100.3211,MX
Dolores Hidalgo,21.15611,-100.9325,MX
Plan de Ayala,21.07129,-101.72319,MX
Urireo,20.21395,-100.84254,MX
Pastor Ortiz,20.3026,-101.59699,MX
Sarabia,20.52346,-101.06058,MX
Mexicanos,20.52966,-101.0715,MX
San Roque,20.59897,-101.34126,MX
Capula,19.67367,-101.39245,MX
Coahuayana de Hidalgo,18.70358,-103.66271,MX
La Mira,18.03658,-102.32586,MX
Las Guacamayas,18.01913,-102.21011,MX
Ciudad Lázaro Cárdenas,17.96256,-102.19887,MX
San Nicolás Guadalupe,19.61412,-100.0308,MX
San José Ixtapa (Barrio Viejo),17.70222,-101.61944,MX
San Luis de La Loma,17.27,-100.89369,MX
Cofradía de Juárez,18.96261,-103.95549,MX
San José del Valle,20.76376,-105.22813,MX
El Porvenir,20.75379,-105.24196,MX
San Vicente,20.74888,-105.25012,MX
Las Jarretaderas,20.6925,-105.27389,MX
San Pedro Mártir,20.61787,-100.47038,MX
Santa María Magdalena,20.5979,-100.44739,MX
Saldarriaga,20.62845,-100.29125,MX
La Valla,20.49649,-100.02821,MX
Huapinol,17.92285,-92.9109,MX
Puerto Aventuras,20.50075,-87.22647,MX
Benito Juárez,19.3727,-99.1564,MX
Colonia del Valle,19.38611,-99.16204,MX
Colonia Lindavista,19.49156,-99.12475,MX
Col. Bosques de las Lomas,19.37893,-99.26587,MX
Colonia Nativitas,19.38119,-99.13685,MX
San Luis,32.43167,-116.95361,MX
Las Delicias,32.40889,-116.94361,MX
Estación Santa Engracia,24.01528,-99.20194,MX
Ponciano Arriaga,22.26222,-98.58972,MX
Hacienda Santa Fe,20.51806,-103.38056,MX
Fuentes del Valle,19.6325,-99.13861,MX
San Salvador Tizatlalli,19.26028,-99.59083,MX
Jardines de la Silla,25.62944,-100.18778,MX
San Buenaventura,19.3025,-98.86306,MX
Santa Teresa,19.845,-99.23333,MX
San Jerónimo Cuatro Vientos,19.29306,-98.84167,MX
San Martín Azcatepec,19.68667,-98.97278,MX
Fraccionamiento Real Palmas,25.90417,-100.15972,MX
Pórticos de San Antonio,32.4425,-117.03417,MX
San Isidro,19.33972,-98.95056,MX
Centro Familiar la Soledad,21.135,-101.74972,MX
San José Guadalupe Otzacatipan,19.34472,-99.59194,MX
Las Pintitas,20.56444,-103.30222,MX
Emiliano Zapata,19.34361,-98.97472,MX
San Antonio Tecómitl,19.21778,-98.98806,MX
Licenciado Benito Juárez,24.65667,-107.545,MX
Teotihuacán de Arista,19.68972,-98.86083,MX
Jesús del Monte,19.375,-99.29444,MX
San Jorge Pueblo Nuevo,19.25417,-99.62778,MX
Manuel Ojinaga,29.56444,-104.41639,MX
Terrazas del Valle,32.4875,-116.82667,MX
La Ermita,21.15194,-101.73306,MX
Lomas del Sur,20.4925,-103.4175,MX
Parque Industrial Ciudad Mitras,25.78861,-100.44778,MX
Mitras Poniente,25.77583,-100.42583,MX
Villa del Prado 2da Sección,32.42389,-116.97167,MX
Tres de Mayo,18.86861,-99.20833,MX
Don Antonio,19.87444,-98.93472,MX
Casa Blanca,19.04222,-98.11889,MX
La Providencia Siglo XXI,20.06417,-98.71722,MX
Ampliación San Mateo,19.61639,-99.14722,MX
Fraccionamiento Ciudad Olmeca,18.15056,-94.5525,MX
San Rafael Tlanalapan,19.29167,-98.46806,MX
Tecámac de Felipe Villanueva,19.71306,-98.96833,MX
Venceremos,20.55083,-100.39806,MX
Alborada Jaltenco,19.66194,-99.06889,MX
Crucecita,15.76889,-96.135,MX
Progreso,18.88008,-99.1526,MX
Palmira,18.88278,-97.11139,MX
Real del Valle (El Paraíso) [Fraccionamiento],20.54556,-103.36972,MX
Villa del Campo,32.5075,-116.73833,MX
Vicente Guerrero,16.93306,-96.70139,MX
Morelos,19.64889,-101.23889,MX
Centro de Readaptación Social,20.55444,-103.19361,MX
Veintidós de Febrero,19.61139,-99.34667,MX
Fraccionamiento Geovillas los Pinos,19.21722,-96.22639,MX
Juan Morales,18.81139,-98.92194,MX
Santa María Zacatepec,19.12333,-98.36528,MX
La Tijera,20.58167,-103.44056,MX
Lomas de San Agustín,20.5275,-103.46778,MX
Córdoba (Santa Leticia),18.90861,-96.97889,MX
Las Palmas,22.93672,-109.94235,MX
San Francisco Tecoxpa,19.19167,-99.00639,MX
Villas de la Hacienda [Fraccionamiento],20.53111,-103.38278,MX
Conjunto Habitacional Villas del Pedregal,19.68361,-101.30361,MX
Pomoca,18.04972,-92.93056,MX
Puerto Escondido (Tepeolulco Puerto Escondido),19.55194,-99.09806,MX
Unidad Habitacional José María Morelos y Pavón,18.82028,-99.26222,MX
Nueva Palestina,16.81722,-91.26,MX
Las Veredas,23.15028,-109.70611,MX
Profesor Carlos Hank González,19.37222,-98.93889,MX
Fraccionamiento la Trinidad,19.82917,-99.08278,MX
Santa Cruz Amilpas,17.05833,-96.68333,MX
Paseos de San Juan,19.78194,-99.0175,MX
Valle Dorado Inn,20.52444,-103.36194,MX
Buenos Aires,18.02444,-102.28583,MX
General Ángel Flores (La Palma),24.81917,-107.65667,MX
Brisas de Zicatela,15.83694,-97.04194,MX
Jorge Jiménez Cantú,19.30972,-98.84667,MX
Galaxia Bonito Jalisco,20.505,-103.20472,MX
Antúnez (Morelos),19.01278,-102.20389,MX
La Alameda,20.49528,-103.24833,MX
El Niño,32.5075,-116.79194,MX
Fraccionamiento Lomas de Ahuatlán,18.95444,-99.25722,MX
Lomas de Barrillas,18.14806,-94.52639,MX
Marte R. Gómez (Tobarito),27.36778,-109.88583,MX
Fraccionamiento Misión del Valle,19.76556,-101.12167,MX
Colonia Santa Bárbara,19.50191,-96.87817,MX
Bosque de Saloya,18.01611,-92.95806,MX
San Lucas el Grande,19.30583,-98.47833,MX
San Andrés Azumiatla,18.90417,-98.25278,MX
Rancho Alegre [Fraccionamiento],20.47361,-103.25778,MX
Ex-Rancho San Dimas,19.17389,-99.56528,MX
Jacarandas,19.49556,-96.85278,MX
El Pino,19.35139,-98.94833,MX
Unión y Progreso,18.87278,-97.11917,MX
Misión San Pablo,25.74,-100.14417,MX
Tenextepango,18.72889,-98.95778,MX
Ejido San Lorenzo Cuauhtenco,19.30139,-99.75028,MX
Santa Catarina Ayometla,19.19833,-98.21361,MX
Cuichapa,17.93889,-94.28,MX
La Selva,18.02333,-92.96306,MX
Los Olivos,20.43917,-103.23778,MX
Villa Luvianos,18.92,-100.29833,MX
Los Ruiseñores,20.71083,-103.69139,MX
Barrio de México,19.2825,-99.82833,MX
Tenango de las Flores,20.20583,-97.98806,MX
Independencia,18.87716,-99.12237,MX
Maclovio Rojas,32.47306,-116.80278,MX
Chiconcuac,18.78278,-99.20722,MX
Chanal,16.6575,-92.2575,MX
El Súchil,17.22694,-100.63917,MX
El Campanario y Oradel,27.47306,-99.62,MX
El Diez,24.72389,-107.45194,MX
Villa Alberto Andrés Alvarado Arámburo,27.64444,-113.38472,MX
San Antonio Mihuacán,19.15333,-98.30472,MX
Raudales Malpaso,17.18833,-93.60583,MX
San Nicolás Tolentino,19.35889,-99.57167,MX
Santa Cruz del Monte,19.76702,-99.22867,MX
Arenal,19.38111,-98.94278,MX
San Sebastián de Aparicio,19.10333,-98.16083,MX
Fraccionamiento Colinas del Sol,19.37222,-99.74028,MX
La Pradera,20.65889,-100.34222,MX
Lomas de Santa Anita,32.54278,-116.65139,MX
Benito García (El Zorrillo),31.67111,-116.51139,MX
Lomas Verdes,19.50446,-96.88899,MX
Vida Mejor I,14.86972,-92.30778,MX
La Constitución Toltepec,19.34861,-99.54917,MX
Kilómetro 30,16.99778,-99.78,MX
Fraccionamiento los Ángeles,23.18833,-106.33,MX
Rincón de Nicolás Romero (Cedros Tercera Manzana),19.41361,-100.2975,MX
Campestre Villas del Álamo,20.10167,-98.70722,MX
Conjunto Urbano la Loma I,19.32639,-99.73194,MX
Javier Rojo Gómez,20.06972,-98.41778,MX
Emiliano Zapata,25.91028,-100.28056,MX
Parque Urbano Napateco,20.14278,-98.34083,MX
La Aldea,19.74306,-101.135,MX
Guadalupe Victoria,19.55472,-96.96056,MX
El Cóporo,19.28306,-99.83528,MX
Fraccionamiento Arboledas San Ramón,19.09417,-96.15667,MX
Fraccionamiento Galaxia Tarímbaro,19.76167,-101.19444,MX
Real del Sol,25.93833,-100.18111,MX
Fraccionamiento Metrópolis II,19.75639,-101.20444,MX
Ciudad de Cuetzalan,20.01861,-97.52111,MX
Colinas del Roble,20.50417,-103.39833,MX
Granjas Ampliación Santa Rosa,19.59278,-98.96667,MX
Héctor Caballero,25.63556,-100.12667,MX
Quinto Barrio (Ejido Cahuacán),19.62222,-99.41806,MX
Valle de Lincoln,25.79333,-100.47778,MX
Emiliano Zapata,30.75417,-116.00306,MX
Quinta del Cedro,32.4375,-117.06583,MX
Lomas de Altavista,19.36139,-98.94472,MX
Unidad Minera 11 de Julio,20.10472,-98.72278,MX
Galaxia la Noria,20.45722,-103.41889,MX
Monte Kristal,25.62611,-100.15694,MX
La Lima,17.91056,-92.93389,MX
Loma la Paz,25.71111,-100.13472,MX
Ciudad Coahuila (Kilómetro Cincuenta y Siete),32.19556,-115.0025,MX
Pedro Amaro,18.59639,-99.17306,MX
Adolfo López Mateos (El Tamarindo),24.89639,-107.63278,MX
Los Arcos,18.88722,-99.02417,MX
Villas de Alcalá,25.91528,-100.18528,MX
Calera Chica,18.85833,-99.18194,MX
El Rincón Citlaltépetl,19.15556,-97.89444,MX
San Francisco de Asís,20.59694,-102.56361,MX
Jicaltepec Autopan,19.37167,-99.64083,MX
Villas de Irapuato,20.68722,-101.40528,MX
Arbolada los Sauces,19.81583,-99.04417,MX
Atoluca,19.855,-97.35361,MX
Pocitos,21.92167,-102.33472,MX
Anacleto Canabal 2da. Sección,17.97556,-93.02417,MX
La Pastoría,19.54306,-98.91111,MX
Los Tuzos,20.05389,-98.75639,MX
Ex-Hacienda Santa Inés,19.70667,-99.0725,MX
San Lorenzo Axocomanitla,19.22389,-98.24861,MX
Estación Bamoa,25.7075,-108.31311,MX
San Juan Tuxco,19.25942,-98.45166,MX
Nuevo Necaxa,20.21049,-98.00657,MX
Villa Azueta,18.07418,-95.71225,MX
San José de los Olvera,20.55257,-100.41511,MX
San Miguel Totoltepec,19.32402,-99.57779,MX
Chalchihuapan,18.97183,-98.33698,MX
Estación Huehuetán,15.01091,-92.40662,MX
Zacapechpan,19.05441,-98.35109,MX
San Agustín Tlaxco,19.0563,-97.99158,MX
San Jerónimo Coyula,18.89438,-98.51706,MX
Colonia del Sol,22.91273,-109.92655,MX
La Joya,18.89064,-99.12337,MX
San José las Palmas,19.36724,-98.93368,MX
Tequisistlán Primero,19.60002,-98.95689,MX
Prados de Santa Rosa,25.79808,-100.22687,MX
Parrilla II,17.87702,-92.92468,MX
El Naranjito,18.00161,-94.60793,MX
El Pueblito,18.88639,-96.96946,MX
Candelaria,18.18574,-91.04534,MX
Tres Valles,18.23915,-96.13569,MX
Ixhuatlán del Sureste,18.02137,-94.3886,MX
Tarímbaro,19.79578,-101.17782,MX
Wiwilí,13.62679,-85.8254,NI
Waspán,14.74189,-83.9717,NI
Waslala,13.335,-85.37,NI
Villa Sandino,12.0483,-84.99362,NI
Tisma,12.08194,-86.01739,NI
Tipitapa,12.19732,-86.09706,NI
Ticuantepe,12.02263,-86.20493,NI
Telica,12.522,-86.85938,NI
Somoto,13.4841,-86.58229,NI
Somotillo,13.04387,-86.90506,NI
Siuna,13.73321,-84.77725,NI
Santo Tomás,12.06938,-85.09059,NI
Santo Domingo,12.26438,-85.08235,NI
San Rafael del Sur,11.84854,-86.43839,NI
San Rafael del Norte,13.21248,-86.11089,NI
San Marcos,11.90949,-86.20351,NI
San Lorenzo,12.3783,-85.66646,NI
San Juan del Sur,11.25292,-85.87049,NI
San Jorge,11.45584,-85.80308,NI
San Carlos,11.12711,-84.77794,NI
Rivas,11.43977,-85.82749,NI
Río Blanco,12.93435,-85.22354,NI
Rama,12.15965,-84.21952,NI
Quilalí,13.56695,-86.026,NI
Puerto Morazán,12.85079,-87.172,NI
Puerto Cabezas,14.03507,-83.38882,NI
Potosí,11.49416,-85.8568,NI
Posoltega,12.54422,-86.97982,NI
Ocotal,13.63222,-86.47399,NI
Nueva Guinea,11.68758,-84.45616,NI
Niquinohomo,11.90518,-86.09446,NI
Nindirí,12.00324,-86.12051,NI
Nandasmo,11.92411,-86.12072,NI
Nandaime,11.75696,-86.05286,NI
Nagarote,12.26593,-86.56474,NI
Matiguás,12.83734,-85.46218,NI
Mateare,12.23512,-86.42809,NI
Matagalpa,12.92795,-85.91906,NI
Masaya,11.97316,-86.09587,NI
Masatepe,11.91445,-86.14458,NI
Managua,12.13282,-86.2504,NI
León,12.43527,-86.87862,NI
Larreynaga,12.67612,-86.57117,NI
La Paz Centro,12.34,-86.67528,NI
Pearl City,12.34294,-83.67123,NI
La Concepción,11.93711,-86.18976,NI
Juigalpa,12.10591,-85.36549,NI
Jinotepe,11.84828,-86.19916,NI
Jinotega,13.09103,-86.00234,NI
Jalapa,13.92221,-86.12346,NI
Granada,11.93062,-85.95368,NI
Estelí,13.09291,-86.35589,NI
El Viejo,12.66348,-87.16663,NI
El Sauce,12.88687,-86.53903,NI
El Realejo,12.54333,-87.16517,NI
El Crucero,11.99008,-86.30954,NI
Los Copeles,12.20869,-85.31241,NI
Dolores,11.85624,-86.21582,NI
Diriomo,11.87631,-86.05184,NI
Diriamba,11.85812,-86.23922,NI
South End,12.17,-83.041,NI
Corinto,12.4825,-87.17304,NI
Condega,13.36502,-86.39846,NI
Ciudad Darío,12.73143,-86.12402,NI
Chinandega,12.62951,-87.13133,NI
Chichigalpa,12.57039,-87.02802,NI
Villa El Carmen,11.98009,-86.50571,NI
Camoapa,12.38383,-85.51277,NI
Bonanza,14.02885,-84.59103,NI
Bocana de Paiwas,12.78571,-85.12269,NI
Boaco,12.47255,-85.65956,NI
Bluefields,12.01292,-83.76449,NI
Belén,11.50299,-85.88935,NI
Acoyapa,11.97028,-85.17113,NI
Ciudad Sandino,12.15889,-86.34417,NI
Las Praderas,13.348,-85.944,NI
Volcán,8.78046,-82.63896,PA
Vista Alegre,8.92923,-79.69964,PA
Veracruz,8.89319,-79.62338,PA
Tocumen,9.08939,-79.3831,PA
Soná,8.00877,-81.31727,PA
San Vicente,9.11541,-79.59929,PA
Santiago de Veraguas,8.1,-80.98333,PA
San Pablo Viejo Abajo,8.45461,-82.50487,PA
San Miguelito,9.05032,-79.47068,PA
Sabanitas,9.34521,-79.80543,PA
Río Hato,8.3794,-80.16621,PA
Río Abajo,9.02397,-79.49361,PA
Puerto Pilón,9.36316,-79.79333,PA
Puerto Escondido,9.19419,-80.09566,PA
Puerto Armuelles,8.27775,-82.86206,PA
Pocrí,8.25639,-80.54626,PA
Penonomé,8.51889,-80.35727,PA
Pedregal,9.0661,-79.42577,PA
Pedregal,8.37698,-82.42947,PA
Parque Lefevre,9.02266,-79.47864,PA
Panama City,8.9936,-79.51973,PA
Pacora,9.08252,-79.28957,PA
Nuevo Arraiján,8.92643,-79.72023,PA
Natá,8.33588,-80.5213,PA
Monagrillo,7.98262,-80.43302,PA
Los Santos,7.93445,-80.41218,PA
Llano Tugrí,8.47927,-81.71211,PA
Llano Bonito,7.97404,-80.42091,PA
Las Tablas,7.7665,-80.27798,PA
Las Lomas,8.42897,-82.38901,PA
Las Cumbres,9.09211,-79.53895,PA
Altos de San Francisco,8.86167,-79.79,PA
La Palma,8.40498,-78.14041,PA
La Mitra,8.84261,-79.78445,PA
La Herradura,8.85182,-79.80612,PA
La Concepción,8.51667,-82.62393,PA
La Chorrera,8.87763,-79.78007,PA
La Cabima,9.118,-79.53324,PA
La Arena,7.9694,-80.46152,PA
Juan Díaz,9.04059,-79.44083,PA
Guadalupe,8.86064,-79.81184,PA
El Porvenir,9.55276,-78.9523,PA
El Empalme,9.41468,-82.52244,PA
El Coco,8.87692,-79.80806,PA
El Chorrillo,8.94964,-79.54715,PA
David,8.42729,-82.43085,PA
Curundú,8.97092,-79.54612,PA
Colón,9.36025,-79.90019,PA
Chitré,7.96011,-80.42876,PA
Chilibre,9.15403,-79.62019,PA
Chepo,9.17019,-79.10083,PA
Changuinola,9.43,-82.52,PA
Cativá,9.36218,-79.83232,PA
Canto del Llano,8.12307,-80.96422,PA
Boquete,8.78024,-82.44136,PA
Bocas del Toro,9.34031,-82.24204,PA
Arraiján,8.9398,-79.64038,PA
Antón,8.39677,-80.26499,PA
Ancón,8.96015,-79.5514,PA
Almirante,9.30091,-82.4018,PA
Alcalde Díaz,9.12273,-79.55667,PA
Aguadulce,8.24146,-80.53978,PA
Unión Chocó,8.08404,-77.53507,PA
San Juan Bautista,7.96466,-80.41622,PA
Villa Unida,9.19176,-79.62368,PA
Gonzalillo,9.09779,-79.51313,PA
Nuevo Belén,9.08929,-79.39177,PA
Nueva Esperanza,9.10538,-79.33258,PA
La Pesa,8.85371,-79.82462,PA
Adjuntas,18.16274,-66.72212,PR
Aguada,18.37939,-67.18824,PR
Aguadilla,18.42745,-67.15407,PR
Aguas Buenas,18.2569,-66.10294,PR
Aibonito,18.13996,-66.266,PR
Añasco,18.28273,-67.13962,PR
Arecibo,18.47245,-66.71573,PR
Arroyo,17.9658,-66.06128,PR
Barceloneta,18.4505,-66.53851,PR
Barranquitas,18.18662,-66.30628,PR
Bayamón,18.39856,-66.15572,PR
Cabo Rojo,18.08663,-67.14573,PR
Caguas,18.23412,-66.0485,PR
Campanilla,18.42134,-66.23683,PR
Camuy,18.48383,-66.8449,PR
Candelaria,18.40411,-66.20878,PR
Candelaria Arenas,18.41717,-66.21739,PR
Canovanas,18.3751,-65.89934,PR
Carolina,18.38078,-65.95739,PR
Cataño,18.44134,-66.11822,PR
Cayey,18.11191,-66.166,PR
Ceiba,18.26412,-65.6485,PR
Ceiba,18.44634,-66.35073,PR
Ciales,18.33606,-66.46878,PR
Cidra,18.17579,-66.16128,PR
Coamo,18.07996,-66.35795,PR
Coco,18.00719,-66.25933,PR
Comerío,18.21801,-66.226,PR
Corozal,18.34106,-66.31684,PR
Culebra,18.30301,-65.30099,PR
Dorado,18.45883,-66.26767,PR
Eleanor Roosevelt,18.41634,-66.06405,PR
Estancias de Florida,18.36662,-66.56962,PR
Fajardo,18.32579,-65.65238,PR
Florida,18.36245,-66.56128,PR
Guánica,17.97163,-66.90795,PR
Guayama,17.98413,-66.11378,PR
Guayanilla,18.01913,-66.79184,PR
Guaynabo,18.35745,-66.111,PR
Gurabo,18.2544,-65.97294,PR
Hatillo,18.48633,-66.82545,PR
Hormigueros,18.13968,-67.1274,PR
Ingenio,18.44217,-66.226,PR
Humacao,18.14968,-65.82738,PR
Isabel Segunda,18.14913,-65.44266,PR
Isabela,18.50078,-67.02435,PR
Jayuya,18.21857,-66.59156,PR
Juana Díaz,18.05246,-66.50656,PR
Juncos,18.22746,-65.921,PR
Lajas,18.04996,-67.05934,PR
Lares,18.29467,-66.87712,PR
Las Marías,18.2519,-66.99212,PR
Las Piedras,18.18301,-65.86627,PR
Levittown,18.44995,-66.18156,PR
Loíza,18.43134,-65.88016,PR
Luquillo,18.37245,-65.71655,PR
Manatí,18.42745,-66.49212,PR
Maricao,18.18079,-66.9799,PR
Maunabo,18.00719,-65.89933,PR
Moca,18.39467,-67.11324,PR
Morovis,18.32578,-66.40656,PR
Mayagüez,18.20107,-67.13962,PR
Naguabo,18.21162,-65.73488,PR
Naranjito,18.30079,-66.24489,PR
Orocovis,18.2269,-66.391,PR
Pájaros,18.36856,-66.21683,PR
Patillas,18.00635,-66.01572,PR
Peñuelas,18.05635,-66.72156,PR
Ponce,18.01031,-66.62398,PR
Puerto Real,18.07496,-67.18712,PR
Punta Santiago,18.16635,-65.74822,PR
Quebradillas,18.47383,-66.93851,PR
Rincón,18.34023,-67.2499,PR
Río Grande,18.38023,-65.83127,PR
Sabana Grande,18.07774,-66.96045,PR
Sabana Seca,18.42689,-66.18461,PR
Salinas,17.97747,-66.29795,PR
San Antonio,18.44884,-66.30267,PR
San Germán,18.08163,-67.0449,PR
San Isidro,18.39217,-65.88544,PR
San Juan,18.46633,-66.10572,PR
San Lorenzo,18.1894,-65.961,PR
San Sebastián,18.33662,-66.99018,PR
Santa Barbara,18.39356,-65.91878,PR
Santa Isabel,17.96608,-66.40489,PR
Toa Alta,18.38828,-66.24822,PR
Toa Baja,18.44384,-66.25961,PR
Trujillo Alto,18.35467,-66.00739,PR
Utuado,18.26551,-66.70045,PR
Vega Alta,18.41217,-66.33128,PR
Vega Baja,18.44439,-66.38767,PR
Villalba,18.12718,-66.49212,PR
Yabucoa,18.05052,-65.87933,PR
Yauco,18.03496,-66.8499,PR
Zaragoza,13.58944,-89.28889,SV
Zacatecoluca,13.50872,-88.87017,SV
Usulután,13.34467,-88.43994,SV
Turín,13.96639,-89.76611,SV
Tonacatepeque,13.78111,-89.11861,SV
Tacuba,13.90111,-89.92972,SV
Suchitoto,13.93806,-89.02778,SV
Soyapango,13.71024,-89.13989,SV
Sonzacate,13.73417,-89.71472,SV
Sonsonate,13.71726,-89.72304,SV
Sensuntepeque,13.87583,-88.62727,SV
San Vicente,13.64114,-88.78459,SV
Santo Tomás,13.64083,-89.13333,SV
Santiago Nonualco,13.51667,-88.95,SV
Santiago de María,13.48333,-88.46667,SV
Santa Rosa de Lima,13.62472,-87.89361,SV
Santa Elena,13.38333,-88.41667,SV
Santa Ana,13.98827,-89.55685,SV
San Sebastián,13.73333,-88.83333,SV
San Salvador,13.68935,-89.18718,SV
San Rafael Oriente,13.38333,-88.35,SV
San Miguel,13.48261,-88.18211,SV
San Martín,13.78333,-88.91667,SV
San Marcos,13.66108,-89.18252,SV
San Juan Opico,13.87611,-89.35972,SV
San Francisco,13.69408,-88.10407,SV
San Antonio del Monte,13.71639,-89.73833,SV
San Alejo,13.43139,-87.96306,SV
Rosario de Mora,13.57528,-89.20889,SV
Quezaltepeque,13.83124,-89.27221,SV
Puerto El Triunfo,13.28333,-88.55,SV
Panchimalco,13.61278,-89.18,SV
Olocuilta,13.56972,-89.11722,SV
Nuevo Cuscatlán,13.64861,-89.26528,SV
Santa Tecla,13.67741,-89.28335,SV
Nueva Guadalupe,13.53333,-88.35,SV
Nueva Concepción,14.13333,-89.3,SV
Nahuizalco,13.7775,-89.73667,SV
Metapán,14.33333,-89.45,SV
Mejicanos,13.72397,-89.188,SV
La Unión,13.33915,-87.84328,SV
La Libertad,13.48833,-89.32222,SV
Jucuapa,13.51667,-88.38333,SV
Juayúa,13.84139,-89.74556,SV
Jiquilisco,13.31667,-88.58333,SV
Izalco,13.74472,-89.67306,SV
Ilopango,13.70167,-89.10944,SV
Guazapa,13.87694,-89.17306,SV
Guatajiagua,13.66667,-88.2,SV
El Tránsito,13.35,-88.35,SV
El Rosario,13.49778,-89.02972,SV
El Congo,13.90889,-89.49583,SV
Delgado,13.72171,-89.16874,SV
Cuscatancingo,13.72702,-89.18161,SV
Concepción de Ataco,13.87028,-89.84861,SV
Cojutepeque,13.71971,-88.93309,SV
Coatepeque,13.92861,-89.50417,SV
Ciudad Barrios,13.76667,-88.26667,SV
Ciudad Arce,13.84028,-89.44722,SV
Chirilagua,13.22028,-88.13861,SV
Chinameca,13.5,-88.35,SV
Chalchuapa,13.98667,-89.68111,SV
Chalatenango,14.04138,-88.93951,SV
Candelaria de La Frontera,14.11667,-89.65,SV
Berlín,13.5,-88.53333,SV
Ayutuxtepeque,13.73538,-89.20221,SV
Atiquizaya,13.97694,-89.7525,SV
Armenia,13.74361,-89.49889,SV
Apopa,13.80722,-89.17917,SV
Apastepeque,13.66667,-88.78333,SV
Antiguo Cuscatlán,13.66492,-89.25319,SV
Ahuachapán,13.92403,-89.84344,SV
Aguilares,13.95722,-89.18972,SV
Acajutla,13.59278,-89.8275,SV
Philipsburg,18.026,-63.04582,SX
Lower Prince’s Quarter,18.04987,-63.03789,SX
Cul de Sac,18.04852,-63.06513,SX
Koolbaai,18.04048,-63.08397,SX
Little Bay,18.0264,-63.06461,SX
Tunapuna,10.65245,-61.38878,TT
Siparia,10.14525,-61.5074,TT
Scarborough,11.18229,-60.73525,TT
Sangre Grande,10.58705,-61.13008,TT
San Fernando,10.27969,-61.46835,TT
Rio Claro,10.30594,-61.17556,TT
Princes Town,10.27184,-61.37103,TT
Port of Spain,10.66668,-61.51889,TT
Point Fortin,10.17411,-61.68407,TT
Petit Valley,10.69974,-61.54717,TT
Peñal,10.16667,-61.46667,TT
Paradise,10.65298,-61.36298,TT
Mon Repos,10.27979,-61.4459,TT
Marabella,10.30618,-61.44671,TT
Laventille,10.64917,-61.49889,TT
Gasparillo,10.31704,-61.42603,TT
Diego Martin,10.72081,-61.56616,TT
Couva,10.42248,-61.46748,TT
Claxton Bay,10.36637,-61.45985,TT
Chaguanas,10.51667,-61.41667,TT
Arouca,10.62877,-61.33487,TT
Arima,10.63737,-61.28228,TT
Bay Minette,30.88296,-87.77305,US
Edna,28.97859,-96.64609,US
Henderson,32.15322,-94.79938,US
Fort Hunt,38.73289,-77.05803,US
Trinity,28.18085,-82.68177,US
Villas,26.55035,-81.8687,US
Bessemer,33.40178,-86.95444,US
Paducah,37.08339,-88.60005,US
Red Chute,32.55598,-93.61323,US
Jessup,39.14927,-76.77525,US
Birmingham,33.52066,-86.80249,US
Delhi Hills,39.09284,-84.61272,US
Turpin Hills,39.11006,-84.37994,US
Lugoff,34.22737,-80.68925,US
Cordova,35.15565,-89.7762,US
Buda,30.08521,-97.84028,US
Boaz,34.20065,-86.16637,US
Brewton,31.10518,-87.07219,US
Brook Highland,33.43566,-86.67388,US
Cahaba Heights,33.464,-86.73193,US
Calera,33.1029,-86.7536,US
Center Point,33.64566,-86.6836,US
Chelsea,33.34011,-86.63026,US
Chickasaw,30.7638,-88.07472,US
Childersburg,33.27817,-86.35498,US
Clanton,32.83874,-86.62943,US
Clay,33.7026,-86.59971,US
Cullman,34.17482,-86.84361,US
Daleville,31.31017,-85.71299,US
Danville,34.41454,-87.08751,US
Daphne,30.60353,-87.9036,US
Decatur,34.60593,-86.98334,US
Demopolis,32.51764,-87.8364,US
Dothan,31.22323,-85.39049,US
East Florence,34.80953,-87.64947,US
Enterprise,31.31517,-85.85522,US
Eufaula,31.89127,-85.14549,US
Fairfield,33.48594,-86.91194,US
Fairhope,30.52297,-87.90333,US
Florence,34.79981,-87.67725,US
Foley,30.40659,-87.6836,US
Forestdale,33.57011,-86.89638,US
Fort Payne,34.44425,-85.71969,US
Fultondale,33.60483,-86.79388,US
Gadsden,34.01434,-86.00639,US
Gardendale,33.6601,-86.81277,US
Glencoe,33.95704,-85.93247,US
Grayson Valley,33.64816,-86.63943,US
Greenville,31.8296,-86.61775,US
Gulf Shores,30.24604,-87.70082,US
Guntersville,34.35823,-86.29446,US
Hamilton,34.14232,-87.98864,US
Hartselle,34.44343,-86.93528,US
Harvest,34.85564,-86.75083,US
Helena,33.29622,-86.8436,US
Homewood,33.47177,-86.80082,US
Hoover,33.40539,-86.81138,US
Hueytown,33.45122,-86.99666,US
Huntsville,34.7304,-86.58594,US
Irondale,33.53816,-86.70721,US
Jacksonville,33.81382,-85.7613,US
Jasper,33.83122,-87.27751,US
Lake Purdy,33.43011,-86.68054,US
Lanett,32.86874,-85.1905,US
Leeds,33.54816,-86.54443,US
Lincoln,33.61316,-86.11831,US
Madison,34.69926,-86.74833,US
Meadowbrook,33.40205,-86.69665,US
Meridianville,34.85148,-86.57222,US
Midfield,33.4615,-86.90888,US
Millbrook,32.47986,-86.36192,US
Mobile,30.69436,-88.04305,US
Monroeville,31.52794,-87.32471,US
Montevallo,33.10067,-86.86416,US
Montgomery,32.36681,-86.29997,US
Moody,33.59094,-86.49082,US
Moores Mill,34.84398,-86.51832,US
Mountain Brook,33.50094,-86.75221,US
Muscle Shoals,34.74481,-87.66753,US
Northport,33.22901,-87.57723,US
Opelika,32.64541,-85.37828,US
Oneonta,33.94815,-86.47276,US
Opp,31.28267,-86.25551,US
Orange Beach,30.29437,-87.57359,US
Oxford,33.61427,-85.83496,US
Ozark,31.45906,-85.64049,US
Pelham,33.28567,-86.80999,US
Pell City,33.58621,-86.28609,US
Phenix City,32.47098,-85.00077,US
Pike Road,32.28431,-86.10302,US
Pinson,33.68899,-86.68332,US
Pleasant Grove,33.49094,-86.97027,US
Prattville,32.46402,-86.4597,US
Prichard,30.7388,-88.07889,US
Rainbow City,33.95482,-86.04192,US
Rainsville,34.49425,-85.84775,US
Roanoke,33.15123,-85.37217,US
Robertsdale,30.5538,-87.71193,US
Russellville,34.50787,-87.72864,US
Saks,33.69871,-85.83969,US
Saraland,30.82074,-88.07056,US
Satsuma,30.85324,-88.05611,US
Scottsboro,34.67231,-86.03415,US
Selma,32.40736,-87.0211,US
Sheffield,34.76509,-87.69864,US
Smiths Station,32.54014,-85.09855,US
Southside,33.92454,-86.02247,US
Spanish Fort,30.67491,-87.91527,US
Sylacauga,33.17317,-86.25164,US
Talladega,33.43594,-86.1058,US
Tarrant,33.58344,-86.77277,US
Theodore,30.54769,-88.17528,US
Tillmans Corner,30.59019,-88.17084,US
Troy,31.80877,-85.96995,US
Trussville,33.61983,-86.60888,US
Tuscaloosa,33.20984,-87.56917,US
Tuscumbia,34.7312,-87.70253,US
Tuskegee,32.42415,-85.69096,US
Valley,32.81874,-85.17939,US
Vestavia Hills,33.44872,-86.78777,US
Wetumpka,32.54374,-86.21191,US
Alma,35.47787,-94.22188,US
Arkadelphia,34.12093,-93.05378,US
Batesville,35.7698,-91.64097,US
Beebe,35.07064,-91.87959,US
Bella Vista,36.4807,-94.27134,US
Benton,34.56454,-92.58683,US
Bentonville,36.37285,-94.20882,US
Berryville,36.36479,-93.56797,US
Blytheville,35.9273,-89.91898,US
Bryant,34.59593,-92.48905,US
Cabot,34.97453,-92.01653,US
Camden,33.58456,-92.83433,US
Centerton,36.3598,-94.28521,US
Clarksville,35.47147,-93.46657,US
Conway,35.0887,-92.4421,US
Crossett,33.12818,-91.96124,US
De Queen,34.03789,-94.34132,US
East End,34.55065,-92.34099,US
El Dorado,33.20763,-92.66627,US
Farmington,36.04202,-94.24715,US
Fayetteville,36.06258,-94.15743,US
Forrest City,35.00815,-90.78983,US
Fort Smith,35.38592,-94.39855,US
Greenbrier,35.23397,-92.38765,US
Greenwood,35.21565,-94.25577,US
Harrison,36.22979,-93.10768,US
Heber Springs,35.49147,-92.03126,US
Helena,34.52955,-90.59177,US
Hope,33.66706,-93.59157,US
Hot Springs,34.5037,-93.05518,US
Hot Springs Village,34.67204,-92.99879,US
Jacksonville,34.8662,-92.11015,US
Jonesboro,35.8423,-90.70428,US
Little Rock,34.74648,-92.28959,US
Lowell,36.25535,-94.13076,US
Magnolia,33.26707,-93.23933,US
Malvern,34.36231,-92.81295,US
Marion,35.21453,-90.19648,US
Maumelle,34.86676,-92.40432,US
Mena,34.58622,-94.23966,US
Monticello,33.629,-91.79096,US
Morrilton,35.15092,-92.74405,US
Mountain Home,36.33534,-92.38516,US
Newport,35.6048,-91.2818,US
North Little Rock,34.76954,-92.26709,US
Osceola,35.70508,-89.96953,US
Paragould,36.0584,-90.49733,US
Pea Ridge,36.45396,-94.1152,US
Pine Bluff,34.22843,-92.0032,US
Pocahontas,36.26146,-90.97123,US
Prairie Grove,35.97591,-94.31771,US
Rogers,36.33202,-94.11854,US
Russellville,35.27842,-93.13379,US
Searcy,35.25064,-91.73625,US
Siloam Springs,36.18814,-94.5405,US
Springdale,36.18674,-94.12881,US
Stuttgart,34.50037,-91.55263,US
Texarkana,33.44179,-94.03769,US
Trumann,35.67369,-90.50733,US
Van Buren,35.43676,-94.34827,US
Warren,33.61261,-92.06458,US
West Helena,34.55066,-90.64177,US
West Memphis,35.14648,-90.18454,US
White Hall,34.27399,-92.09098,US
Wynne,35.22453,-90.78678,US
Adams Morgan,38.9215,-77.0422,US
Anacostia,38.8665,-76.98386,US
Bellevue,38.82678,-77.0197,US
Benning,38.89511,-76.94886,US
Brentwood Village,38.92094,-76.98442,US
Brightwood,38.96122,-77.02748,US
Brookland,38.93289,-76.98414,US
Capitol Hill,38.889,-77.00025,US
Chevy Chase,38.981,-77.083,US
Cleveland Park,38.93622,-77.06553,US
Columbia Heights,38.92567,-77.02942,US
Congress Heights,38.84289,-77.00025,US
Deanwood,38.89845,-76.92942,US
Dupont Circle,38.90844,-77.04414,US
Foggy Bottom,38.9015,-77.0622,US
Fort Lincoln,38.92233,-76.95636,US
Georgetown,38.90483,-77.06248,US
Glover Park,38.92094,-77.0772,US
Hillcrest,38.86206,-76.95803,US
Ivy City,38.91122,-76.9847,US
Kenilworth,38.90595,-76.94025,US
Lincoln Heights,38.89456,-76.92886,US
Mount Pleasant,38.93067,-77.04081,US
Park View,38.93206,-77.02359,US
Pennsylvania Avenue SE,38.86817,-76.95803,US
Petworth,38.94594,-77.02498,US
Pleasant Plains,38.93067,-77.03025,US
Riggs Park,38.95428,-76.99414,US
Shaw,38.91206,-77.02137,US
Tenleytown,38.94956,-77.08581,US
Washington,38.89511,-77.03637,US
Woodley Park,38.92872,-77.05581,US
Woodridge,38.93122,-76.97109,US
Bear,39.62928,-75.65826,US
Brookside,39.66706,-75.72688,US
Claymont,39.80067,-75.45964,US
Dover,39.15817,-75.52437,US
Edgemoor,39.75011,-75.49964,US
Elsmere,39.73928,-75.59798,US
Georgetown,38.69011,-75.38547,US
Glasgow,39.60483,-75.74521,US
Hockessin,39.78761,-75.6966,US
Middletown,39.44956,-75.71632,US
Milford,38.91261,-75.42797,US
New Castle,39.65948,-75.56359,US
Newark,39.68372,-75.74966,US
North Star,39.76122,-75.7191,US
Pike Creek,39.73095,-75.7041,US
Pike Creek Valley,39.73622,-75.69827,US
Seaford,38.64123,-75.61104,US
Smyrna,39.29983,-75.60465,US
Wilmington,39.74595,-75.54659,US
Wilmington Manor,39.68678,-75.58437,US
Alachua,29.75163,-82.42483,US
Allapattah,25.81454,-80.22394,US
Altamonte Springs,28.66111,-81.36562,US
Andover,25.96843,-80.21283,US
Apollo Beach,27.77308,-82.40759,US
Apopka,28.67617,-81.51186,US
Arcadia,27.21588,-81.85842,US
Asbury Lake,30.04913,-81.82149,US
Atlantic Beach,30.33441,-81.3987,US
Auburndale,28.0653,-81.78869,US
Ave Maria,26.33667,-81.43806,US
Aventura,25.95648,-80.13921,US
Avon Park,27.59587,-81.50619,US
Azalea Park,28.54111,-81.30062,US
Bartow,27.89641,-81.84314,US
Bay Harbor Islands,25.88759,-80.13116,US
Bayonet Point,28.32667,-82.68343,US
Bayshore Gardens,27.42532,-82.59038,US
Beacon Square,28.20862,-82.75538,US
Bee Ridge,27.28394,-82.48065,US
Belle Glade,26.68451,-80.66756,US
Belle Isle,28.45834,-81.35924,US
Bellview,30.46159,-87.31497,US
Beverly Hills,28.91692,-82.45815,US
Bithlo,28.55472,-81.10645,US
Bloomingdale,27.89364,-82.24037,US
Boca Del Mar,26.34508,-80.14671,US
Boca Raton,26.35869,-80.0831,US
Bonita Springs,26.33981,-81.7787,US
Boyette,27.81753,-82.22259,US
Boynton Beach,26.52535,-80.06643,US
Bradenton,27.49893,-82.57482,US
Brandon,27.9378,-82.28592,US
Brent,30.46881,-87.23608,US
Broadview Park,26.09953,-80.20866,US
Brooksville,28.55554,-82.38991,US
Brownsville,25.82176,-80.24116,US
Buenaventura Lakes,28.33584,-81.35313,US
Callaway,30.15298,-85.56993,US
Cantonment,30.60853,-87.33998,US
Cape Canaveral,28.40584,-80.60477,US
Cape Coral,26.56285,-81.94953,US
Carol City,25.94065,-80.2456,US
Carrollwood,28.05002,-82.49287,US
Carrollwood Village,28.06752,-82.52093,US
Casselberry,28.67778,-81.32785,US
Celebration,28.32529,-81.53313,US
Cheval,28.14862,-82.51454,US
Citra,29.41192,-82.10982,US
Citrus Hills,28.88831,-82.4326,US
Citrus Park,28.07835,-82.56982,US
Citrus Ridge,28.33385,-81.64232,US
Citrus Springs,28.99748,-82.47065,US
Clearwater,27.96585,-82.8001,US
Clermont,28.54944,-81.77285,US
Clewiston,26.75423,-80.93368,US
Cocoa,28.38612,-80.742,US
Cocoa Beach,28.32055,-80.60922,US
Coconut Creek,26.25175,-80.17894,US
Coconut Grove,25.7126,-80.25699,US
Combee Settlement,28.05835,-81.90536,US
Conway,28.50278,-81.33062,US
Cooper City,26.05731,-80.27172,US
Coral Gables,25.72149,-80.26838,US
Coral Springs,26.27119,-80.2706,US
Coral Terrace,25.74593,-80.3045,US
Country Walk,25.63399,-80.43228,US
Country Club,25.94815,-80.317,US
Crestview,30.76213,-86.57051,US
Crystal Lake,28.03558,-81.90841,US
Cutler,25.6151,-80.31061,US
Cutler Ridge,25.58066,-80.34672,US
Cypress Gardens,27.99391,-81.69008,US
Cypress Lake,26.53813,-81.89925,US
Dade City,28.36472,-82.19592,US
Dania Beach,26.05231,-80.14393,US
Davie,26.06287,-80.2331,US
Daytona Beach,29.21081,-81.02283,US
DeFuniak Springs,30.72102,-86.11522,US
DeLand,29.02832,-81.30312,US
DeBary,28.88305,-81.30868,US
Deerfield Beach,26.31841,-80.09977,US
Delray Beach,26.46146,-80.07282,US
Deltona,28.90054,-81.26367,US
Destin,30.39353,-86.49578,US
Doctor Phillips,28.44945,-81.49229,US
Doral,25.81954,-80.35533,US
Dunedin,28.0199,-82.77323,US
East Lake,28.11085,-82.69482,US
East Milton,30.61519,-87.02163,US
East Naples,26.13842,-81.76648,US
East Pensacola Heights,30.42881,-87.17997,US
East Perrine,25.60872,-80.33894,US
Edgewater,28.98888,-80.90228,US
Eglin Village,30.46298,-86.5394,US
Egypt Lake-Leto,28.01769,-82.50619,US
Elfers,28.21668,-82.72232,US
Eloise,27.99474,-81.73813,US
Englewood,26.96201,-82.3526,US
Ensley,30.51881,-87.27275,US
Estero,26.43814,-81.80675,US
Eustis,28.85277,-81.68535,US
Fairview Shores,28.59111,-81.39424,US
Fellsmere,27.76781,-80.60144,US
Fern Park,28.64916,-81.35118,US
Fernandina Beach,30.66968,-81.46259,US
Ferry Pass,30.5102,-87.21247,US
Fish Hawk,27.85058,-82.21092,US
Flagami,25.76232,-80.31616,US
Fleming Island,30.0933,-81.71898,US
Floral City,28.74999,-82.29676,US
Florida City,25.44789,-80.47922,US
Florida Ridge,27.58031,-80.38672,US
Forest City,28.66678,-81.44334,US
Fort Lauderdale,26.12231,-80.14338,US
Fort Meade,27.75225,-81.80175,US
Fort Myers,26.62168,-81.84059,US
Fort Myers Beach,26.45271,-81.95011,US
Fort Myers Shores,26.70924,-81.74592,US
Fort Pierce,27.44671,-80.32561,US
Fort Walton Beach,30.42059,-86.61707,US
Fountainebleau,25.77288,-80.34783,US
Fruit Cove,30.11107,-81.64176,US
Fruitville,27.32977,-82.4576,US
Fuller Heights,27.90919,-81.99814,US
Fussels Corner,28.05419,-81.86064,US
Gainesville,29.65163,-82.32483,US
Gateway,26.57757,-81.75036,US
Gibsonton,27.85364,-82.38259,US
Gifford,27.67531,-80.40922,US
Gladeview,25.83926,-80.2356,US
Glenvar Heights,25.7076,-80.32561,US
Golden Gate,26.18787,-81.69509,US
Golden Glades,25.91176,-80.20033,US
Goldenrod,28.61028,-81.28868,US
Gonzalez,30.58158,-87.29136,US
Goulds,25.56261,-80.38228,US
Green Cove Springs,29.99191,-81.67815,US
Greenacres City,26.62368,-80.12532,US
Groveland,28.55805,-81.85119,US
Gulf Breeze,30.35714,-87.16386,US
Gulf Gate Estates,27.25173,-82.51471,US
Gulfport,27.74836,-82.70343,US
Haines City,28.1145,-81.62009,US
Hallandale Beach,25.9812,-80.14838,US
Heathrow,28.76333,-81.37225,US
Hernando,28.89998,-82.37454,US
Hialeah,25.8576,-80.27811,US
Hialeah Gardens,25.8651,-80.3245,US
High Springs,29.82691,-82.59678,US
Highland City,27.9653,-81.87786,US
Hobe Sound,27.0595,-80.13643,US
Holiday,28.18779,-82.73955,US
Holly Hill,29.24359,-81.03756,US
Hollywood,26.0112,-80.14949,US
Homestead,25.46872,-80.47756,US
Homosassa Springs,28.80359,-82.57593,US
Hudson,28.36445,-82.69343,US
Hunters Creek,28.36056,-81.42229,US
Immokalee,26.41869,-81.4173,US
Indian Harbour Beach,28.1489,-80.58839,US
Indian River Estates,27.36449,-80.30977,US
Indiantown,27.02728,-80.48561,US
Inverness,28.83582,-82.33037,US
Inwood,28.03697,-81.76508,US
Iona,26.52036,-81.96398,US
Islamorada,24.9243,-80.62784,US
Isle of Normandy,25.85287,-80.13505,US
Ives Estates,25.96231,-80.17671,US
Jacksonville,30.33218,-81.65565,US
Jacksonville Beach,30.29469,-81.39314,US
Jan-Phyl Village,28.01474,-81.77175,US
Jasmine Estates,28.29306,-82.6901,US
Jensen Beach,27.25449,-80.22977,US
Jupiter,26.93422,-80.09421,US
Kathleen,28.12085,-82.02314,US
Kendale Lakes,25.70816,-80.407,US
Kendall,25.67927,-80.31727,US
Kenneth City,27.81558,-82.7201,US
Key Biscayne,25.69371,-80.16282,US
Key Largo,25.08652,-80.44728,US
Key West,24.55524,-81.78163,US
Keystone,28.15585,-82.62121,US
Kings Point,26.44535,-80.13977,US
Kissimmee,28.30468,-81.41667,US
Lady Lake,28.91749,-81.92286,US
Lake Alfred,28.09196,-81.72341,US
Lake Butler,28.50167,-81.54091,US
Lake City,30.18968,-82.63929,US
Lake Forest,25.97759,-80.1831,US
Lake Lorraine,30.44159,-86.56523,US
Lake Lucerne,25.96509,-80.24144,US
Lake Magdalene,28.07418,-82.47176,US
Lake Park,26.80034,-80.06643,US
Lake Mary,28.75888,-81.31784,US
Lake Wales,27.90141,-81.58591,US
Lake Worth Beach,26.61708,-80.07231,US
Lake Worth Corridor,26.61649,-80.10102,US
Lakeland,28.03947,-81.9498,US
Lakeland Highlands,27.95975,-81.95008,US
Lakes by the Bay,25.57233,-80.32533,US
Lakeside,30.12996,-81.76815,US
Lakewood Park,27.54309,-80.40227,US
Land O' Lakes,28.2189,-82.45759,US
Lantana,26.58674,-80.05199,US
Largo,27.90979,-82.78842,US
Lauderdale Lakes,26.16647,-80.20838,US
Lauderdale-by-the-Sea,26.19203,-80.09643,US
Lauderhill,26.14036,-80.21338,US
Laurel,27.14378,-82.46158,US
Lealman,27.82114,-82.67927,US
Lecanto,28.85165,-82.4876,US
Leesburg,28.81082,-81.87786,US
Lehigh Acres,26.62535,-81.6248,US
Leisure City,25.49539,-80.42922,US
Lighthouse Point,26.27564,-80.08727,US
Live Oak,30.29495,-82.98402,US
Lockhart,28.61944,-81.44257,US
Longboat Key,27.41254,-82.65899,US
Longwood,28.70305,-81.3384,US
Lutz,28.15112,-82.46148,US
Lynn Haven,30.24548,-85.64826,US
Macclenny,30.28218,-82.12206,US
Maitland,28.62778,-81.36312,US
Mango,27.97974,-82.30648,US
Marathon,24.71375,-81.09035,US
Marco,25.9726,-81.72898,US
Marco Island,25.94121,-81.71842,US
Margate,26.24453,-80.20644,US
Marianna,30.77436,-85.22687,US
Marion Oaks,29.00859,-82.18315,US
Mascotte,28.57833,-81.88675,US
McGregor,26.56091,-81.91453,US
Meadow Woods,28.38556,-81.36646,US
Medulla,27.9678,-81.97342,US
Melbourne,28.08363,-80.60811,US
Melrose Park,26.11342,-80.19338,US
Memphis,27.53587,-82.56121,US
Merritt Island,28.359,-80.69,US
Miami,25.77427,-80.19366,US
Miami Beach,25.79065,-80.13005,US
Miami Gardens,25.94204,-80.2456,US
Miami Lakes,25.90871,-80.30866,US
Miami Shores,25.86315,-80.19283,US
Miami Springs,25.82232,-80.2895,US
Micco,27.88058,-80.50033,US
Middleburg,30.06885,-81.86038,US
Milton,30.63241,-87.03969,US
Mims,28.66527,-80.84478,US
Minneola,28.57444,-81.74619,US
Miramar,25.98731,-80.23227,US
Miramar Beach,30.37437,-86.35856,US
Mount Dora,28.80249,-81.64452,US
Myrtle Grove,30.42103,-87.30747,US
Naples,26.14234,-81.79596,US
Naples Manor,26.0887,-81.7262,US
Naples Park,26.26175,-81.80925,US
Naranja,25.51816,-80.42283,US
Navarre,30.40159,-86.86357,US
Neptune Beach,30.31191,-81.39647,US
New Port Richey,28.24418,-82.71927,US
New Smyrna Beach,29.02582,-80.927,US
Newberry,29.64635,-82.6065,US
Niceville,30.51686,-86.48217,US
Norland,25.94898,-80.21227,US
North Andrews Gardens,26.19147,-80.14421,US
North Bay Village,25.84621,-80.15394,US
North Fort Myers,26.66729,-81.88009,US
North Lauderdale,26.2173,-80.22588,US
North Miami,25.89009,-80.18671,US
North Miami Beach,25.93315,-80.16255,US
North Palm Beach,26.81756,-80.08199,US
North Port,27.04422,-82.23593,US
North Sarasota,27.37393,-82.51843,US
Oak Ridge,28.47112,-81.42452,US
Oakland Park,26.17231,-80.13199,US
Ocala,29.1872,-82.14009,US
Ocean City,30.44103,-86.61356,US
Ocoee,28.56917,-81.54396,US
Odessa,28.1939,-82.59176,US
Ojus,25.94843,-80.1506,US
Okeechobee,27.24393,-80.82978,US
Oldsmar,28.03418,-82.6651,US
Olympia Heights,25.72677,-80.35533,US
Opa-locka,25.90232,-80.25033,US
Orange City,28.94888,-81.29867,US
Orange Park,30.16607,-81.70648,US
Orlando,28.53834,-81.37924,US
Orlovista,28.53834,-81.46035,US
Ormond Beach,29.28581,-81.05589,US
Ormond-by-the-Sea,29.34914,-81.06645,US
Osprey,27.19616,-82.49037,US
Oviedo,28.67,-81.20812,US
Pace,30.59936,-87.16108,US
Pahokee,26.82006,-80.66534,US
Palatka,29.64858,-81.63758,US
Palm Bay,28.03446,-80.58866,US
Palm Beach,26.70562,-80.03643,US
Palm Beach Gardens,26.82339,-80.13865,US
Palm City,27.16783,-80.26616,US
Palm Coast,29.58497,-81.20784,US
Palm Harbor,28.07807,-82.76371,US
Palm Springs,26.6359,-80.09615,US
Palm Springs North,25.9351,-80.33383,US
Palm Valley,30.17746,-81.38758,US
Palmetto,27.52143,-82.57232,US
Palmetto Bay,25.62177,-80.32477,US
Palmetto Estates,25.62149,-80.362,US
Panama City,30.15946,-85.65983,US
Panama City Beach,30.17659,-85.80549,US
Parkland,26.31008,-80.23727,US
Pebble Creek,28.14835,-82.34565,US
Pelican Bay,26.2312,-81.80564,US
Pembroke Park,25.98787,-80.17477,US
Pembroke Pines,26.00315,-80.22394,US
Pensacola,30.42131,-87.21691,US
Perry,30.11766,-83.58274,US
Pine Castle,28.47195,-81.36785,US
Pine Hills,28.55778,-81.4534,US
Pine Island Ridge,26.09481,-80.27394,US
Pine Ridge,28.93831,-82.47343,US
Pinecrest,25.66705,-80.30811,US
Pinellas Park,27.8428,-82.69954,US
Pinewood,25.86898,-80.21699,US
Plant City,28.01888,-82.11469,US
Plantation,26.13421,-80.23184,US
Poinciana,28.14029,-81.45841,US
Pompano Beach,26.23786,-80.12477,US
Pompano Beach Highlands,26.28286,-80.10699,US
Ponte Vedra Beach,30.23969,-81.38564,US
Port Charlotte,26.97617,-82.09064,US
Port Orange,29.13832,-80.99561,US
Port Saint John,28.47695,-80.78867,US
Port Saint Lucie,27.29393,-80.35033,US
Port Salerno,27.14422,-80.2006,US
Princeton,25.53844,-80.40894,US
Progress Village,27.9003,-82.36454,US
Punta Gorda,26.92978,-82.04537,US
Punta Gorda Isles,26.91756,-82.07842,US
Quincy,30.58714,-84.58325,US
Richmond Heights,25.63149,-80.36894,US
Richmond West,25.6105,-80.42971,US
River Park,27.31421,-80.34727,US
Riverview,27.86614,-82.32648,US
Riviera Beach,26.77534,-80.0581,US
Rockledge,28.35084,-80.72533,US
Rotonda West,26.88368,-82.29009,US
Royal Palm Beach,26.7084,-80.2306,US
Ruskin,27.72086,-82.43315,US
Safety Harbor,27.99085,-82.69316,US
Saint Augustine,29.89469,-81.31452,US
Saint Augustine Beach,29.85053,-81.26535,US
Saint Augustine Shores,29.8108,-81.31035,US
Saint Cloud,28.2489,-81.28118,US
Saint Pete Beach,27.72531,-82.74121,US
St. Petersburg,27.77086,-82.67927,US
San Carlos Park,26.4673,-81.80147,US
Sanibel,26.44897,-82.02231,US
Sanford,28.80055,-81.27312,US
Santa Rosa Beach,30.39603,-86.22883,US
Sarasota,27.33643,-82.53065,US
Sarasota Springs,27.30894,-82.47954,US
Satellite Beach,28.17612,-80.59005,US
Scott Lake,25.94148,-80.23199,US
Sebastian,27.81641,-80.47061,US
Sebring,27.49559,-81.44091,US
Seffner,27.98363,-82.27565,US
Seminole,27.83975,-82.79121,US
Shady Hills,28.41,-82.54288,US
Siesta Key,27.26785,-82.54526,US
Silver Springs,29.21664,-82.05759,US
Silver Springs Shores,29.10442,-82.02064,US
Sky Lake,28.45723,-81.39146,US
South Bay,26.66396,-80.71617,US
South Bradenton,27.4631,-82.58176,US
South Apopka,28.66194,-81.50952,US
South Daytona,29.16582,-81.0045,US
South Gate Ridge,27.28644,-82.49676,US
South Highpoint,27.91697,-82.71288,US
South Miami,25.7076,-80.29338,US
South Miami Heights,25.59761,-80.38061,US
South Pasadena,27.75503,-82.7376,US
South Patrick Shores,28.20223,-80.6095,US
South Venice,27.05311,-82.42426,US
Southchase,28.39306,-81.3834,US
Southgate,27.3081,-82.50982,US
Southwest Ranches,26.0587,-80.33727,US
Spring Hill,28.47688,-82.52546,US
Springfield,30.15326,-85.61132,US
Starke,29.94413,-82.10983,US
Stuart,27.19755,-80.25283,US
Sugarmill Woods,28.73221,-82.50621,US
Sun City Center,27.71809,-82.35176,US
Sunny Isles Beach,25.95065,-80.12282,US
Sunrise,26.13397,-80.1131,US
Sunset,25.70594,-80.35228,US
Surfside,25.87843,-80.1256,US
Sweetwater,25.76343,-80.37311,US
Tallahassee,30.43826,-84.28073,US
Tamarac,26.21286,-80.24977,US
Tamiami,25.75871,-80.39839,US
Tampa,27.94752,-82.45843,US
Tarpon Springs,28.14612,-82.75677,US
Tavares,28.80416,-81.72563,US
Temple Terrace,28.0353,-82.38926,US
Tequesta,26.959,-80.088,US
The Crossings,25.67066,-80.40117,US
The Hammocks,25.67149,-80.4445,US
The Villages,28.93408,-81.95994,US
Thonotosassa,28.06141,-82.30231,US
Three Lakes,25.64205,-80.39839,US
Timber Pines,28.47028,-82.60316,US
Titusville,28.61222,-80.80755,US
Town 'n' Country,28.01057,-82.57732,US
Treasure Island,27.76919,-82.76899,US
Union Park,28.56806,-81.28618,US
University Park,25.74649,-80.36755,US
Upper Grand Lagoon,30.16326,-85.74076,US
Valparaiso,30.50853,-86.50273,US
Valrico,27.93789,-82.23644,US
Venice,27.09978,-82.45426,US
Venice Gardens,27.07311,-82.4076,US
Vero Beach,27.63864,-80.39727,US
Wahneta,27.9528,-81.72702,US
Warm Mineral Springs,27.05978,-82.26009,US
Warrington,30.38409,-87.27497,US
Wedgefield,28.48778,-81.07729,US
Wekiwa Springs,28.69861,-81.42563,US
Wellington,26.65868,-80.24144,US
Wesley Chapel,28.23973,-82.32787,US
Westchase,28.05502,-82.60982,US
West Gate,26.70257,-80.0981,US
West Hollywood,26.02065,-80.18394,US
West Little River,25.85704,-80.23699,US
West Melbourne,28.07168,-80.65339,US
West Miami,25.76343,-80.29616,US
West Palm Beach,26.71534,-80.05337,US
West Park,25.98454,-80.19894,US
West Pensacola,30.42659,-87.27969,US
West Perrine,25.60594,-80.36283,US
West Samoset,27.46948,-82.55676,US
West Vero Corridor,27.63775,-80.48576,US
West and East Lealman,27.81993,-82.68944,US
Westchester,25.75482,-80.32727,US
Weston,26.10037,-80.39977,US
Westview,25.88204,-80.24199,US
Westwood Lake,25.72927,-80.37283,US
Wildwood,28.86542,-82.04058,US
Williamsburg,28.41445,-81.44285,US
Willow Oak,27.91614,-82.01786,US
Wilton Manors,26.16036,-80.13893,US
Wimauma,27.71253,-82.29898,US
Winston,28.03169,-82.01481,US
Winter Garden,28.56528,-81.58618,US
Winter Haven,28.02224,-81.73286,US
Winter Park,28.6,-81.33924,US
Winter Springs,28.69889,-81.30812,US
Wright,30.45575,-86.63829,US
Yulee,30.6319,-81.60649,US
Zephyrhills,28.23362,-82.18119,US
Acworth,34.06635,-84.67837,US
Adel,31.13727,-83.42408,US
Albany,31.57851,-84.15574,US
Alpharetta,34.07538,-84.29409,US
Americus,32.07239,-84.23269,US
Athens,33.96095,-83.37794,US
Atlanta,33.749,-84.38798,US
Auburn,34.01372,-83.82768,US
Augusta,33.47097,-81.97484,US
Austell,33.81261,-84.63438,US
Bainbridge,30.9038,-84.57547,US
Barnesville,33.05457,-84.15575,US
Belvedere Park,33.75483,-84.26742,US
Braselton,34.10927,-83.76267,US
Bremen,33.72122,-85.1455,US
Brookhaven,33.85844,-84.3402,US
Brunswick,31.15013,-81.49147,US
Buford,34.12066,-84.00435,US
Byron,32.65376,-83.75963,US
Cairo,30.87751,-84.20214,US
Calhoun,34.50259,-84.95105,US
Camilla,31.23129,-84.21046,US
Canton,34.23676,-84.49076,US
Carrollton,33.58011,-85.07661,US
Cartersville,34.16533,-84.80231,US
Cedartown,34.01123,-85.25593,US
Centerville,32.63014,-83.68963,US
Chamblee,33.89205,-84.29881,US
Clarkston,33.80955,-84.23964,US
College Park,33.65344,-84.44937,US
Columbus,32.46098,-84.98771,US
Commerce,34.204,-83.45711,US
Conley,33.64483,-84.32576,US
Conyers,33.66761,-84.01769,US
Cordele,31.96351,-83.78239,US
Country Club Estates,33.98928,-83.4096,US
Country Club Estates,31.21273,-81.46427,US
Covington,33.59678,-83.86018,US
Cumming,34.20732,-84.14019,US
Cusseta,32.30543,-84.7727,US
Dacula,33.98872,-83.89796,US
Dahlonega,34.53259,-83.98491,US
Dalton,34.7698,-84.97022,US
Dallas,33.92371,-84.84077,US
Decatur,33.77483,-84.29631,US
Dock Junction,31.20245,-81.51677,US
Doraville,33.89816,-84.28326,US
Douglas,31.50881,-82.84987,US
Douglasville,33.7515,-84.74771,US
Druid Hills,33.78038,-84.33604,US
Dublin,32.54044,-82.90375,US
Duluth,34.00288,-84.14464,US
Dunwoody,33.94621,-84.33465,US
East Point,33.67955,-84.43937,US
Eastman,32.19767,-83.17765,US
Eatonton,33.3268,-83.3885,US
Evans,33.53375,-82.13067,US
Fair Oaks,33.91649,-84.54465,US
Fairburn,33.56706,-84.58104,US
Fairview,34.94563,-85.2844,US
Fayetteville,33.44873,-84.45493,US
Fitzgerald,31.71491,-83.25265,US
Flowery Branch,34.1851,-83.92518,US
Folkston,30.83095,-82.01131,US
Forest Park,33.62205,-84.36909,US
Fort Oglethorpe,34.94896,-85.2569,US
Fort Valley,32.55376,-83.88741,US
Gainesville,34.29788,-83.82407,US
Garden City,32.11437,-81.154,US
Georgetown,31.98326,-81.22733,US
Glennville,31.93659,-81.92845,US
Gresham Park,33.70344,-84.31437,US
Griffin,33.24678,-84.26409,US
Grovetown,33.45042,-82.19818,US
Hampton,33.38706,-84.28298,US
Hapeville,33.66011,-84.4102,US
Hawkinsville,32.28377,-83.47212,US
Hinesville,31.84688,-81.59595,US
Holly Springs,34.17399,-84.50132,US
Irondale,33.48067,-84.35881,US
Jefferson,34.11705,-83.57239,US
Jesup,31.60785,-81.88634,US
Kennesaw,34.02343,-84.61549,US
Kingsland,30.79996,-81.68983,US
LaGrange,33.03929,-85.03133,US
LaFayette,34.7048,-85.2819,US
Lawrenceville,33.95621,-83.98796,US
Lilburn,33.8901,-84.14297,US
Lithia Springs,33.794,-84.66049,US
Locust Grove,33.34595,-84.10908,US
Loganville,33.839,-83.90074,US
Lovejoy,33.43622,-84.31437,US
Mableton,33.81872,-84.58243,US
Macon,32.84069,-83.6324,US
Marietta,33.9526,-84.54993,US
Martinez,33.51736,-82.07567,US
McDonough,33.44734,-84.14686,US
McRae,32.06795,-82.9007,US
Milledgeville,33.08014,-83.2321,US
Monroe,33.79484,-83.71323,US
Morrow,33.58317,-84.33937,US
Moultrie,31.17991,-83.78906,US
Mountain Park,33.84427,-84.12936,US
Newnan,33.38067,-84.79966,US
Norcross,33.94121,-84.21353,US
North Decatur,33.79038,-84.30603,US
North Druid Hills,33.81677,-84.31326,US
Panthersville,33.70733,-84.27187,US
Peachtree City,33.39678,-84.59576,US
Peachtree Corners,33.9701,-84.22159,US
Perry,32.45821,-83.73157,US
Pooler,32.11548,-81.24706,US
Port Wentworth,32.14909,-81.16317,US
Powder Springs,33.85955,-84.68382,US
Redan,33.74538,-84.13158,US
Richmond Hill,31.93827,-81.30344,US
Rincon,32.29603,-81.23539,US
Riverdale,33.57261,-84.41326,US
Rome,34.25704,-85.16467,US
Roswell,34.02316,-84.36159,US
St. Marys,30.73051,-81.54649,US
Saint Simon Mills,31.17079,-81.40732,US
Saint Simons Island,31.15051,-81.36954,US
Sandersville,32.98154,-82.81014,US
Sandy Springs,33.92427,-84.37854,US
Savannah,32.08354,-81.09983,US
Scottdale,33.78983,-84.26409,US
Skidaway Island,31.93494,-81.04705,US
Smyrna,33.88399,-84.51438,US
Snellville,33.85733,-84.01991,US
Statesboro,32.44879,-81.78317,US
Stockbridge,33.54428,-84.23381,US
Stone Mountain,33.80816,-84.1702,US
Sugar Hill,34.10649,-84.03352,US
Suwanee,34.05149,-84.0713,US
Swainsboro,32.59739,-82.33374,US
Sylvester,31.53092,-83.83693,US
Thomasville,30.83658,-83.97878,US
Thomaston,32.88819,-84.32659,US
Thomson,33.47069,-82.50457,US
Tifton,31.45046,-83.5085,US
Toccoa,34.57732,-83.33239,US
Tucker,33.85455,-84.21714,US
Tyrone,33.47123,-84.59715,US
Union City,33.58706,-84.54243,US
Valdosta,30.83334,-83.28032,US
Vidalia,32.21769,-82.41346,US
Villa Rica,33.73205,-84.91911,US
Vinings,33.86483,-84.46437,US
Warner Robins,32.61574,-83.62664,US
Waycross,31.21368,-82.3557,US
Waynesboro,33.08987,-82.01567,US
Whitemarsh Island,32.02882,-81.01678,US
Wilmington Island,32.00355,-80.97372,US
Winder,33.99261,-83.72017,US
Woodstock,34.10149,-84.51938,US
Alton,38.8906,-90.18428,US
Benton,37.99672,-88.92007,US
Bethalto,38.90921,-90.04066,US
Belleville,38.52005,-89.98399,US
Cahokia,38.57088,-90.19011,US
Carbondale,37.72727,-89.21675,US
Carlinville,39.27977,-89.88177,US
Carmi,38.09088,-88.15865,US
Carterville,37.76005,-89.0773,US
Centralia,38.52505,-89.1334,US
Centreville,38.58338,-90.12511,US
Charleston,39.49615,-88.17615,US
Chatham,39.67616,-89.70454,US
Chester,37.91366,-89.82205,US
Collinsville,38.67033,-89.98455,US
Columbia,38.44366,-90.20122,US
Decatur,39.84031,-88.9548,US
Du Quoin,38.01144,-89.23619,US
East Alton,38.88033,-90.11122,US
East Saint Louis,38.6245,-90.15094,US
Edwardsville,38.81144,-89.95316,US
Effingham,39.12004,-88.54338,US
Fairfield,38.37894,-88.35977,US
Fairview Heights,38.58894,-89.99038,US
Glen Carbon,38.74838,-89.98316,US
Godfrey,38.9556,-90.18678,US
Granite City,38.70144,-90.14872,US
Greenville,38.89227,-89.41314,US
Harrisburg,37.73838,-88.54061,US
Herrin,37.80311,-89.02757,US
Highland,38.73949,-89.6712,US
Hillsboro,39.16128,-89.4954,US
Jacksonville,39.73394,-90.22901,US
Jerseyville,39.12005,-90.32845,US
Litchfield,39.17533,-89.65426,US
Marion,37.73061,-88.93313,US
Maryville,38.72366,-89.95593,US
Mascoutah,38.49033,-89.79315,US
Mattoon,39.48309,-88.37283,US
Metropolis,37.15117,-88.732,US
Mount Carmel,38.41088,-87.76142,US
Mount Vernon,38.31727,-88.90312,US
Mount Zion,39.77143,-88.87424,US
Murphysboro,37.7645,-89.33509,US
O'Fallon,38.59227,-89.91121,US
Olney,38.73088,-88.08532,US
Pana,39.38893,-89.08008,US
Paris,39.61115,-87.69614,US
Pinckneyville,38.08033,-89.38203,US
Pontoon Beach,38.73172,-90.08038,US
Quincy,39.9356,-91.40987,US
Robinson,39.00532,-87.73919,US
Salem,38.62699,-88.94562,US
Shiloh,38.56144,-89.89732,US
Springfield,39.80172,-89.64371,US
Staunton,39.01227,-89.79121,US
Swansea,38.53394,-89.98899,US
Taylorville,39.54894,-89.29453,US
Troy,38.72921,-89.88315,US
Upper Alton,38.91144,-90.15066,US
Vandalia,38.9606,-89.09368,US
Waterloo,38.33589,-90.14983,US
West Frankfort,37.89783,-88.93146,US
Wood River,38.86116,-90.09761,US
Avon,39.76282,-86.39972,US
Bargersville,39.52088,-86.16777,US
Batesville,39.30005,-85.22218,US
Bedford,38.86116,-86.48721,US
Beech Grove,39.72199,-86.08998,US
Bloomington,39.16533,-86.52639,US
Boonville,38.04921,-87.27417,US
Brazil,39.52365,-87.12502,US
Bright,39.21839,-84.85606,US
Broad Ripple,39.86671,-86.14165,US
Brownsburg,39.84338,-86.39777,US
Carmel,39.97837,-86.11804,US
Charlestown,38.45312,-85.67024,US
Clarksville,38.29674,-85.75996,US
Columbus,39.20144,-85.92138,US
Connersville,39.64116,-85.14107,US
Cumberland,39.77615,-85.9572,US
Danville,39.7606,-86.52639,US
Ellettsville,39.23393,-86.625,US
Evansville,37.97476,-87.55585,US
Fishers,39.95559,-86.01387,US
Greencastle,39.64449,-86.86473,US
Greenfield,39.78504,-85.76942,US
Greensburg,39.33727,-85.48358,US
Greenwood,39.61366,-86.10665,US
Hidden Valley,39.16228,-84.84301,US
Huntingburg,38.29894,-86.955,US
Indianapolis,39.76838,-86.15804,US
Jasper,38.39144,-86.93111,US
Jeffersonville,38.27757,-85.73718,US
Lawrence,39.83865,-86.02526,US
Linton,39.03477,-87.16585,US
Madison,38.73589,-85.37996,US
Martinsville,39.42783,-86.42833,US
McCordsville,39.9081,-85.92276,US
Mooresville,39.61282,-86.37416,US
Mount Vernon,37.93227,-87.89503,US
New Albany,38.28562,-85.82413,US
New Castle,39.92894,-85.37025,US
New Whiteland,39.5581,-86.09526,US
North Madison,38.76784,-85.39663,US
North Vernon,39.00617,-85.62358,US
Oak Park,38.30562,-85.69635,US
Plainfield,39.70421,-86.39944,US
Princeton,38.35532,-87.56752,US
Richmond,39.82894,-84.89024,US
Rushville,39.60921,-85.44636,US
Salem,38.60561,-86.10109,US
Scottsburg,38.68561,-85.77025,US
Sellersburg,38.39812,-85.75496,US
Seymour,38.95922,-85.89025,US
Shelbyville,39.52144,-85.77692,US
Speedway,39.80227,-86.26721,US
Tell City,37.95144,-86.76777,US
Terre Haute,39.4667,-87.41391,US
Vincennes,38.67727,-87.52863,US
Washington,38.65922,-87.17279,US
Whitestown,39.99726,-86.34583,US
Zionsville,39.95087,-86.26194,US
Abilene,38.91722,-97.21391,US
Andover,37.7139,-97.13643,US
Arkansas City,37.06197,-97.03837,US
Atchison,39.56305,-95.12164,US
Augusta,37.68668,-96.9767,US
Basehor,39.14167,-94.93858,US
Bonner Springs,39.05973,-94.88358,US
Chanute,37.67921,-95.4572,US
Coffeyville,37.0373,-95.61637,US
Concordia,39.57084,-97.66254,US
De Soto,38.97917,-94.96858,US
Derby,37.54557,-97.26893,US
El Dorado,37.81724,-96.86225,US
Emporia,38.4039,-96.18166,US
Eudora,38.94334,-95.09858,US
Fort Scott,37.83976,-94.7083,US
Gardner,38.81084,-94.92719,US
Great Bend,38.36446,-98.76481,US
Hays,38.87918,-99.32677,US
Haysville,37.56446,-97.35227,US
Hutchinson,38.06084,-97.92977,US
Independence,37.22424,-95.70831,US
Iola,37.92448,-95.39998,US
Junction City,39.02861,-96.8314,US
Kansas City,39.11417,-94.62746,US
Lansing,39.24861,-94.90024,US
Lawrence,38.97167,-95.23525,US
Leavenworth,39.31111,-94.92246,US
Leawood,38.96667,-94.6169,US
Lenexa,38.95362,-94.73357,US
Manhattan,39.18361,-96.57167,US
McPherson,38.37084,-97.66421,US
Merriam,39.02362,-94.69357,US
Mission,39.02778,-94.65579,US
Mulvane,37.47446,-97.24393,US
Newton,38.04668,-97.34504,US
Olathe,38.8814,-94.81913,US
Ottawa,38.61557,-95.26775,US
Overland Park,38.98223,-94.67079,US
Paola,38.57224,-94.87913,US
Park City,37.80001,-97.31838,US
Parsons,37.34034,-95.26108,US
Pittsburg,37.41088,-94.70496,US
Prairie Village,38.99167,-94.63357,US
Pratt,37.64391,-98.73759,US
Roeland Park,39.03751,-94.63218,US
Salina,38.84028,-97.61142,US
Shawnee,39.04167,-94.72024,US
Spring Hill,38.74306,-94.82552,US
Tonganoxie,39.10972,-95.08775,US
Topeka,39.04833,-95.67804,US
Valley Center,37.83473,-97.37338,US
Wellington,37.2653,-97.37171,US
Wichita,37.69224,-97.33754,US
Winfield,37.23975,-96.99559,US
Alexandria,38.95951,-84.38799,US
Ashland,38.47841,-82.63794,US
Bardstown,37.80923,-85.4669,US
Bellevue,39.10645,-84.47883,US
Berea,37.56869,-84.29632,US
Bowling Green,36.99032,-86.4436,US
Buckner,38.38368,-85.43996,US
Buechel,38.19507,-85.6519,US
Burlington,39.02756,-84.72411,US
Campbellsville,37.3434,-85.34191,US
Central City,37.29393,-87.12333,US
Cold Spring,39.02173,-84.43994,US
Corbin,36.9487,-84.09688,US
Covington,39.08367,-84.50855,US
Cynthiana,38.39035,-84.2941,US
Danville,37.64563,-84.77217,US
Dayton,39.11284,-84.47272,US
Douglass Hills,38.23785,-85.55274,US
Edgewood,39.01867,-84.58189,US
Elizabethtown,37.69395,-85.85913,US
Elsmere,39.01256,-84.60467,US
Erlanger,39.01673,-84.60078,US
Fairdale,38.10507,-85.75885,US
Fern Creek,38.15979,-85.58774,US
Flatwoods,38.52258,-82.71711,US
Florence,38.99895,-84.62661,US
Fort Mitchell,39.0595,-84.54744,US
Fort Thomas,39.07506,-84.44716,US
Fort Wright,39.05173,-84.53411,US
Francisville,39.10506,-84.72439,US
Frankfort,38.20091,-84.87328,US
Franklin,36.72226,-86.57722,US
Georgetown,38.2098,-84.55883,US
Glasgow,36.99588,-85.91192,US
Harrodsburg,37.7623,-84.84329,US
Hazard,37.24954,-83.19323,US
Hebron,39.06589,-84.70106,US
Henderson,37.83615,-87.59001,US
Highland Heights,39.03312,-84.45189,US
Highview,38.14285,-85.62413,US
Hillview,38.06979,-85.68551,US
Hopkinsville,36.86561,-87.49117,US
Independence,38.94312,-84.54411,US
Jeffersontown,38.19424,-85.5644,US
Knottsville,37.77172,-86.90416,US
La Grange,38.40757,-85.37885,US
Lawrenceburg,38.0373,-84.89662,US
Lebanon,37.56979,-85.25274,US
Leitchfield,37.48005,-86.29386,US
Lexington,37.98869,-84.47772,US
Lexington-Fayette,38.0498,-84.45855,US
London,37.12898,-84.08326,US
Louisville,38.25424,-85.75941,US
Lyndon,38.25674,-85.60163,US
Madisonville,37.3281,-87.49889,US
Mayfield,36.74172,-88.63672,US
Maysville,38.64119,-83.74437,US
Meads,38.41258,-82.70905,US
Middlesboro,36.60842,-83.71658,US
Middletown,38.24535,-85.53885,US
Monticello,36.82979,-84.84911,US
Morehead,38.18397,-83.43268,US
Morehead,37.27115,-87.17638,US
Mount Sterling,38.05647,-83.94326,US
Mount Washington,38.05006,-85.54579,US
Murray,36.61033,-88.31476,US
Newburg,38.16007,-85.65968,US
Newport,39.09145,-84.49578,US
Nicholasville,37.88063,-84.573,US
Oak Grove,36.66505,-87.44279,US
Oak Grove,37.34421,-86.75471,US
Oakbrook,38.99978,-84.68522,US
Okolona,38.14118,-85.68774,US
Owensboro,37.77422,-87.11333,US
Paris,38.2098,-84.25299,US
Pikeville,37.47927,-82.51876,US
Pleasure Ridge Park,38.14535,-85.8583,US
Princeton,37.10922,-87.88196,US
Radcliff,37.84035,-85.94913,US
Richmond,37.74786,-84.29465,US
Russellville,36.84532,-86.88722,US
Saint Matthews,38.25285,-85.65579,US
Shelbyville,38.21201,-85.22357,US
Shepherdsville,37.9884,-85.71579,US
Shively,38.20007,-85.82274,US
Somerset,37.09202,-84.60411,US
Saint Dennis,38.1884,-85.8458,US
Taylor Mill,38.99756,-84.49633,US
Union,38.9459,-84.6805,US
Valley Station,38.11118,-85.87024,US
Versailles,38.05258,-84.72995,US
Villa Hills,39.06339,-84.593,US
Vine Grove,37.81007,-85.98135,US
Williamsburg,36.74342,-84.15966,US
Wilmore,37.86202,-84.66161,US
Winchester,37.99008,-84.17965,US
Abbeville,29.97465,-92.13429,US
Alexandria,31.31129,-92.44514,US
Baker,30.58824,-91.16816,US
Bastrop,32.77828,-91.91144,US
Baton Rouge,30.44332,-91.18747,US
Bayou Boeuf,29.86937,-90.59675,US
Bayou Cane,29.6241,-90.7512,US
Belle Chasse,29.85493,-89.99063,US
Bogalusa,30.79102,-89.84869,US
Bossier City,32.51599,-93.73212,US
Breaux Bridge,30.27353,-91.89928,US
Bridge City,29.93326,-90.17007,US
Broussard,30.14715,-91.96123,US
Brownsfield,30.54658,-91.12066,US
Carencro,30.31714,-92.04901,US
Central,30.55435,-91.03677,US
Chackbay,29.88354,-90.79732,US
Chalmette,29.94296,-89.96537,US
Claiborne,32.51598,-92.1918,US
Covington,30.47549,-90.10042,US
Crowley,30.21409,-92.37458,US
Cut Off,29.54272,-90.33814,US
DeRidder,30.84631,-93.28905,US
Denham Springs,30.4874,-90.95753,US
Destrehan,29.94322,-90.35345,US
Donaldsonville,30.10114,-90.99412,US
Eden Isle,30.22853,-89.79867,US
Estelle,29.84576,-90.10674,US
Eunice,30.49437,-92.41763,US
Franklin,29.79604,-91.5015,US
Galliano,29.44216,-90.29925,US
Gardere,30.34575,-91.14011,US
Gonzales,30.23853,-90.9201,US
Grambling,32.52765,-92.71404,US
Gray,29.69771,-90.78648,US
Gretna,29.91465,-90.05396,US
Hammond,30.50463,-90.46293,US
Harahan,29.94048,-90.20313,US
Harvey,29.90354,-90.07729,US
Houma,29.59577,-90.71953,US
Inniswold,30.40491,-91.08344,US
Jeanerette,29.91104,-91.66345,US
Jefferson,29.96604,-90.15313,US
Jennings,30.22243,-92.65708,US
Kenner,29.99409,-90.24174,US
Lacombe,30.31353,-89.94313,US
Lafayette,30.22409,-92.01984,US
Lake Charles,30.21309,-93.2044,US
Laplace,30.06698,-90.48147,US
Larose,29.57244,-90.38175,US
Leesville,31.14352,-93.261,US
Luling,29.93215,-90.36647,US
Mandeville,30.35825,-90.06563,US
Marksville,31.12797,-92.06624,US
Marrero,29.89937,-90.10035,US
Meraux,29.93017,-89.91623,US
Merrydale,30.5013,-91.10844,US
Metairie,29.98409,-90.15285,US
Metairie Terrace,29.97854,-90.16396,US
Minden,32.61543,-93.28684,US
Monroe,32.50931,-92.1193,US
Monticello,30.48908,-91.04872,US
Morgan City,29.69937,-91.20677,US
Moss Bluff,30.3027,-93.19071,US
Natchitoches,31.76072,-93.08627,US
New Iberia,30.00354,-91.81873,US
New Orleans,29.95465,-90.07507,US
Oak Hills Place,30.35992,-91.0876,US
Oakdale,30.81603,-92.66042,US
Old Jefferson,30.38269,-91.01705,US
Opelousas,30.53353,-92.08151,US
Patterson,29.69326,-91.30205,US
Pineville,31.3224,-92.4343,US
Plaquemine,30.29005,-91.23497,US
Ponchatoula,30.4388,-90.44148,US
Port Allen,30.45214,-91.21011,US
Prairieville,30.30297,-90.97205,US
Prien,30.18187,-93.27377,US
Raceland,29.72743,-90.59898,US
Rayne,30.23493,-92.26846,US
Reserve,30.05381,-90.55175,US
River Ridge,29.9602,-90.21563,US
Ruston,32.52321,-92.63793,US
Saint Gabriel,30.2577,-91.09927,US
Saint Martinville,30.1252,-91.83345,US
Saint Rose,29.94687,-90.32313,US
Schriever,29.74215,-90.81037,US
Scott,30.23576,-92.09457,US
Shenandoah,30.4013,-91.00094,US
Shreveport,32.52515,-93.75018,US
Slidell,30.27519,-89.78117,US
Springhill,33.00597,-93.46684,US
Sulphur,30.23659,-93.37738,US
Tallulah,32.40848,-91.18678,US
Terrytown,29.91021,-90.03257,US
Thibodaux,29.79576,-90.82287,US
Timberlane,29.87743,-90.03202,US
Village Saint George,30.36214,-91.06733,US
Ville Platte,30.68797,-92.27152,US
Waggaman,29.91854,-90.21091,US
Walker,30.48797,-90.86149,US
West Monroe,32.51848,-92.14764,US
Westwego,29.90604,-90.1423,US
Woodmere,29.85798,-90.08035,US
Zachary,30.64852,-91.1565,US
Youngsville,30.09965,-91.99012,US
Aberdeen,39.50956,-76.16412,US
Accokeek,38.66762,-77.02831,US
Adelphi,39.00317,-76.97192,US
Annapolis,38.97859,-76.49184,US
Arbutus,39.25455,-76.69997,US
Arnold,39.03206,-76.50274,US
Aspen Hill,39.07955,-77.07303,US
Baltimore,39.29038,-76.61219,US
Baltimore Highlands,39.23316,-76.63663,US
Ballenger Creek,39.3726,-77.43526,US
Bel Air,39.53594,-76.34829,US
Beltsville,39.03483,-76.90747,US
Bennsville,38.60929,-77.0122,US
Berlin,38.32262,-75.21769,US
Bethesda,38.98067,-77.10026,US
Bladensburg,38.93928,-76.93386,US
Bowie,38.94278,-76.73028,US
Bowleys Quarters,39.33539,-76.39024,US
Brandywine,38.69678,-76.84775,US
Brock Hall,38.85011,-76.76108,US
Brooklyn,39.23039,-76.60219,US
Brooklyn Park,39.22844,-76.61636,US
Brunswick,39.31427,-77.62777,US
Bryans Road,38.62706,-77.07303,US
Burtonsville,39.11122,-76.93248,US
California,38.3004,-76.50745,US
Calverton,39.05761,-76.93581,US
Cambridge,38.56317,-76.07883,US
Camp Springs,38.804,-76.90664,US
Canton,39.28039,-76.56663,US
Cape Saint Claire,39.04317,-76.44496,US
Carney,39.39427,-76.52358,US
Catonsville,39.27205,-76.73192,US
Charles Village,39.32316,-76.6133,US
Cherry Hill,39.25483,-76.63441,US
Chesapeake Beach,38.68623,-76.53468,US
Chesapeake Ranch Estates,38.34624,-76.41773,US
Chestertown,39.209,-76.06661,US
Cheswolde,39.364,-76.68914,US
Cheverly,38.92817,-76.91581,US
Chevy Chase,39.00287,-77.07115,US
Chillum,38.96372,-76.99081,US
Clarksburg,39.23872,-77.27943,US
Cloverly,39.10816,-76.99775,US
Clinton,38.76511,-76.89831,US
Cockeysville,39.48122,-76.64386,US
Colesville,39.07566,-77.00192,US
College Park,38.98067,-76.93692,US
Columbia,39.24038,-76.83942,US
Coral Hills,38.87039,-76.92108,US
Crofton,39.00178,-76.68747,US
Cumberland,39.65287,-78.76252,US
Damascus,39.28844,-77.20387,US
Darnestown,39.10344,-77.29082,US
Davidsonville,38.92289,-76.6283,US
District Heights,38.85761,-76.88942,US
Dundalk,39.25066,-76.52052,US
East Riverdale,38.958,-76.911,US
Easton,38.77428,-76.07633,US
Edgemere,39.24205,-76.44802,US
Edgewater,38.938,-76.557,US
Edgewood,39.41872,-76.2944,US
Eldersburg,39.40371,-76.95026,US
Elkton,39.60678,-75.83327,US
Elkridge,39.21261,-76.71358,US
Ellicott City,39.26733,-76.79831,US
Essex,39.30927,-76.47496,US
Fairland,39.07622,-76.95775,US
Fallston,39.51455,-76.41107,US
Fells Point,39.28261,-76.5933,US
Ferndale,39.18316,-76.64024,US
Forest Glen,39.01455,-77.0547,US
Forestville,38.84511,-76.87497,US
Fort George G Mead Junction,39.12594,-76.78914,US
Fort Washington,38.70734,-77.02303,US
Four Corners,39.02039,-77.01275,US
Frederick,39.41427,-77.41054,US
Friendly,38.75178,-76.97859,US
Frostburg,39.65814,-78.92836,US
Fruitland,38.32206,-75.6202,US
Gaithersburg,39.14344,-77.20137,US
Garrison,39.40594,-76.76053,US
Germantown,39.17316,-77.27165,US
Glassmanor,38.819,-76.99859,US
Glen Burnie,39.16261,-76.62469,US
Glenarden,38.92928,-76.86164,US
Glenmont,39.05789,-77.0497,US
Glenn Dale,38.98761,-76.82053,US
Goddard,38.98955,-76.85331,US
Green Haven,39.13955,-76.54774,US
Green Valley,39.30927,-77.29721,US
Greenbelt,39.00455,-76.87553,US
Gwynn Oak,39.33261,-76.69275,US
Hagerstown,39.64176,-77.71999,US
Halfway,39.62065,-77.75888,US
Hampden,39.33094,-76.63497,US
Hampstead,39.60483,-76.84998,US
Hampton,39.42288,-76.58469,US
Hanover,39.19289,-76.72414,US
Havre de Grace,39.54928,-76.09162,US
Hillandale,39.0265,-76.97414,US
Hillcrest Heights,38.83289,-76.95942,US
Howard Park,39.33122,-76.69469,US
Hunt Valley,39.49983,-76.64108,US
Hyattsville,38.95594,-76.94553,US
Ilchester,39.25094,-76.76469,US
Joppatowne,39.414,-76.358,US
Kemp Mill,39.039,-77.01914,US
Kettering,38.88456,-76.81469,US
La Plata,38.52929,-76.97525,US
Lake Arbor,38.90789,-76.82969,US
Lake Shore,39.10705,-76.48496,US
Landover,38.934,-76.89664,US
Langley Park,38.98872,-76.98136,US
Lanham,38.96875,-76.8634,US
Lansdowne,39.24511,-76.66052,US
Largo,38.89761,-76.83025,US
Laurel,39.09928,-76.84831,US
Layhill,39.09233,-77.04442,US
Lexington Park,38.26679,-76.45384,US
Linganore,39.411,-77.302,US
Linthicum,39.20511,-76.65275,US
Lochearn,39.34066,-76.72219,US
Londontowne,38.93345,-76.54941,US
Lutherville,39.42122,-76.62608,US
Manchester,39.66121,-76.88498,US
Marlow Heights,38.83345,-76.95164,US
Marlton,38.77373,-76.78997,US
Maryland City,39.09205,-76.81775,US
Mayo,38.88761,-76.5119,US
Mays Chapel,39.43316,-76.64941,US
Middle River,39.33427,-76.43941,US
Milford Mill,39.34788,-76.76997,US
Mitchellville,38.92,-76.808,US
Montgomery Village,39.17677,-77.19526,US
Mount Airy,39.37621,-77.1547,US
Mount Rainier,38.9415,-76.96498,US
New Carrollton,38.96983,-76.87997,US
North Bel Air,39.53983,-76.35496,US
North Bethesda,39.04455,-77.11887,US
North Kensington,39.039,-77.071,US
North Potomac,39.08289,-77.26498,US
Ocean City,38.3365,-75.08491,US
Ocean Pines,38.39539,-75.15574,US
Odenton,39.084,-76.70025,US
Olney,39.15316,-77.06692,US
Overlea,39.36344,-76.52052,US
Owings Mills,39.41955,-76.78025,US
Oxon Hill,38.80345,-76.9897,US
Parkville,39.37733,-76.53969,US
Parole,38.981,-76.545,US
Pasadena,39.119,-76.57108,US
Perry Hall,39.41261,-76.46357,US
Pikesville,39.37427,-76.72247,US
Poolesville,39.14594,-77.41693,US
Potomac,39.01817,-77.20859,US
Pumphrey,39.21733,-76.63719,US
Randallstown,39.36733,-76.79525,US
Redland,39.14539,-77.14415,US
Reisterstown,39.46976,-76.8319,US
Riverdale Park,38.96344,-76.93164,US
Riverside,39.47372,-76.24134,US
Riverside,39.17344,-76.88525,US
Riviera Beach,39.16678,-76.50802,US
Robinwood,38.95428,-76.51468,US
Robinwood,39.63704,-77.65694,US
Rockville,39.084,-77.15276,US
Rosaryville,38.75678,-76.80969,US
Rosedale,39.32011,-76.51552,US
Rossmoor,39.10372,-77.07109,US
Rossville,39.33844,-76.47968,US
Saint Charles,38.60317,-76.93858,US
Salisbury,38.36067,-75.59937,US
Savage,39.13789,-76.82386,US
Scaggsville,39.14511,-76.90025,US
Seabrook,38.974,-76.849,US
Severn,39.13705,-76.6983,US
Severna Park,39.07039,-76.54524,US
Shady Side,38.84178,-76.51218,US
Silver Hill,38.84178,-76.94581,US
Silver Spring,38.99067,-77.02609,US
South Bel Air,39.53316,-76.33746,US
South Gate,39.129,-76.6258,US
South Kensington,39.013,-77.071,US
South Laurel,39.06983,-76.85025,US
Spring Ridge,39.40149,-77.35248,US
Stevensville,38.98067,-76.3144,US
Suitland,38.84872,-76.92386,US
Takoma Park,38.97789,-77.00748,US
Taneytown,39.65788,-77.17443,US
Temple Hills,38.814,-76.94553,US
Thurmont,39.62371,-77.41082,US
Timonium,39.43705,-76.61969,US
Towson,39.4015,-76.60191,US
Travilah,39.069,-77.26304,US
Urbana,39.32594,-77.35137,US
Waldorf,38.62456,-76.93914,US
Walker Mill,38.87539,-76.88831,US
Walkersville,39.48621,-77.35193,US
Waltherson,39.3465,-76.56274,US
West Elkridge,39.20705,-76.72692,US
Westminster,39.57538,-76.99581,US
Westphalia,38.84539,-76.81108,US
Wheaton,39.03983,-77.05526,US
White Marsh,39.38372,-76.43218,US
White Oak,39.03983,-76.99303,US
Woodlawn,39.32288,-76.72803,US
Woodlawn,38.94956,-76.89136,US
Affton,38.55061,-90.33317,US
Arnold,38.43283,-90.37762,US
Aurora,36.97089,-93.71798,US
Ballwin,38.59505,-90.54623,US
Barnhart,38.34422,-90.39345,US
Battlefield,37.11561,-93.37019,US
Bellefontaine Neighbors,38.74033,-90.2265,US
Belton,38.81195,-94.5319,US
Berkeley,38.7545,-90.33123,US
Black Jack,38.79338,-90.26733,US
Blue Springs,39.01695,-94.28161,US
Bolivar,37.61448,-93.41047,US
Bonne Terre,37.92311,-90.5554,US
Boonville,38.97364,-92.74324,US
Bowling Green,39.34199,-91.19514,US
Branson,36.64367,-93.21851,US
Brentwood,38.61755,-90.34928,US
Bridgeton,38.767,-90.41151,US
Cameron,39.74028,-94.24106,US
Cape Girardeau,37.30588,-89.51815,US
Carl Junction,37.17672,-94.56551,US
Carthage,37.17645,-94.31022,US
Caruthersville,36.19312,-89.65564,US
Charleston,36.92089,-89.35063,US
Chesterfield,38.66311,-90.57707,US
Chillicothe,39.79529,-93.55244,US
Clayton,38.64255,-90.32373,US
Clinton,38.36863,-93.77827,US
Columbia,38.95171,-92.33407,US
Concord,38.5245,-90.35734,US
Crestwood,38.557,-90.38178,US
Creve Coeur,38.66089,-90.42262,US
Dardenne Prairie,38.7695,-90.72902,US
De Soto,38.1395,-90.55513,US
Dellwood,38.7495,-90.28567,US
Des Peres,38.60089,-90.4329,US
Dexter,36.79589,-89.95787,US
East Independence,39.09556,-94.35523,US
Ellisville,38.59255,-90.58707,US
Eureka,38.50255,-90.6279,US
Excelsior Springs,39.33917,-94.22606,US
Farmington,37.78088,-90.42179,US
Ferguson,38.74422,-90.30539,US
Festus,38.22061,-90.39595,US
Flat River,37.85005,-90.51679,US
Florissant,38.78922,-90.32261,US
Fulton,38.84671,-91.94796,US
Gladstone,39.20389,-94.55468,US
Glasgow Village,38.75366,-90.19844,US
Glendale,38.59589,-90.37706,US
Grain Valley,39.01501,-94.19856,US
Grandview,38.88584,-94.53301,US
Greenwood,38.85168,-94.34384,US
Hannibal,39.70838,-91.35848,US
Harrisonville,38.65334,-94.34884,US
Hazelwood,38.77144,-90.37095,US
Independence,39.09112,-94.41551,US
Jackson,37.38227,-89.66621,US
Jefferson City,38.5767,-92.17352,US
Jennings,38.71922,-90.26039,US
Joplin,37.08423,-94.51328,US
Kansas City,39.09973,-94.57857,US
Kearney,39.36778,-94.36217,US
Kennett,36.23618,-90.05565,US
Kirkwood,38.58339,-90.40678,US
Ladue,38.64977,-90.38067,US
Lake Saint Louis,38.79755,-90.78568,US
Lebanon,37.6806,-92.66379,US
Lee's Summit,38.91084,-94.38217,US
Lemay,38.53339,-90.27928,US
Liberty,39.24611,-94.41912,US
Macon,39.74226,-92.47269,US
Manchester,38.597,-90.50929,US
Maplewood,38.61255,-90.32456,US
Marshall,39.12308,-93.19687,US
Marshfield,37.33866,-92.90712,US
Maryland Heights,38.71311,-90.42984,US
Mehlville,38.50839,-90.32289,US
Mexico,39.16976,-91.88295,US
Moberly,39.41837,-92.43824,US
Monett,36.92895,-93.92771,US
Murphy,38.49033,-90.48707,US
Neosho,36.86896,-94.368,US
Nevada,37.83921,-94.35467,US
Nixa,37.04339,-93.29435,US
O'Fallon,38.81061,-90.69985,US
Oak Grove,39.00501,-94.12939,US
Oakville,38.47005,-90.30456,US
Odessa,38.99917,-93.95356,US
Olivette,38.66533,-90.37595,US
Overland,38.70116,-90.36234,US
Ozark,37.02089,-93.20602,US
Pacific,38.482,-90.74152,US
Park Hills,37.85422,-90.51818,US
Parkville,39.195,-94.68218,US
Perryville,37.72422,-89.86122,US
Pevely,38.28339,-90.39512,US
Pleasant Hill,38.78751,-94.26939,US
Poplar Bluff,36.757,-90.39289,US
Raymore,38.80195,-94.45273,US
Raytown,39.00862,-94.46356,US
Republic,37.12005,-93.48019,US
Richmond,39.27862,-93.97689,US
Richmond Heights,38.62866,-90.31956,US
Rolla,37.95143,-91.77127,US
Saint Ann,38.72727,-90.38317,US
Saint Charles,38.78394,-90.48123,US
Saint John,38.71484,-90.34627,US
Saint Johns,38.71338,-90.34317,US
Saint Joseph,39.76861,-94.84663,US
St. Louis,38.62727,-90.19789,US
Saint Peters,38.80033,-90.62651,US
Sappington,38.537,-90.37984,US
Savannah,39.94166,-94.83025,US
Sedalia,38.70446,-93.22826,US
Shrewsbury,38.59033,-90.33678,US
Sikeston,36.87672,-89.58786,US
Smithville,39.38694,-94.58107,US
Spanish Lake,38.78783,-90.21594,US
Springfield,37.21533,-93.29824,US
Sullivan,38.2081,-91.16042,US
Sunset Hills,38.53894,-90.40734,US
Town and Country,38.61228,-90.46345,US
Troy,38.97949,-90.9807,US
Union,38.45005,-91.00848,US
University City,38.65588,-90.30928,US
Valley Park,38.54922,-90.49262,US
Warrensburg,38.76279,-93.73605,US
Warrenton,38.81144,-91.14154,US
Washington,38.55811,-91.01209,US
Waynesville,37.82865,-92.20072,US
Webb City,37.14645,-94.463,US
Webster Groves,38.59255,-90.35734,US
Weldon Spring,38.71339,-90.68929,US
Wentzville,38.81144,-90.85291,US
West Plains,36.72812,-91.85237,US
Wildwood,38.58283,-90.6629,US
Willard,37.30505,-93.42853,US
Aberdeen,33.82511,-88.54366,US
Amory,33.98428,-88.4881,US
Batesville,34.3115,-89.94426,US
Bay Saint Louis,30.30881,-89.33005,US
Biloxi,30.39603,-88.88531,US
Booneville,34.65815,-88.56672,US
Brandon,32.2732,-89.98592,US
Brookhaven,31.57906,-90.44065,US
Byram,32.17932,-90.24537,US
Canton,32.61264,-90.03675,US
Carriere,30.61686,-89.65256,US
Clarksdale,34.20011,-90.57093,US
Cleveland,33.744,-90.72482,US
Clinton,32.34153,-90.32176,US
Columbus,33.49567,-88.42726,US
Columbia,31.25184,-89.83758,US
Corinth,34.93425,-88.52227,US
D'Iberville,30.42631,-88.89086,US
Diamondhead,30.39464,-89.36394,US
Flowood,32.30959,-90.13898,US
Forest,32.36459,-89.47423,US
Gautier,30.38575,-88.61169,US
Greenville,33.40898,-91.05978,US
Greenwood,33.51623,-90.17953,US
Grenada,33.769,-89.80842,US
Gulf Hills,30.43048,-88.84225,US
Gulf Park Estates,30.39187,-88.76114,US
Gulfport,30.36742,-89.09282,US
Hattiesburg,31.32712,-89.29034,US
Hernando,34.82399,-89.9937,US
Holly Springs,31.31573,-89.97786,US
Holly Springs,34.7676,-89.44869,US
Horn Lake,34.95537,-90.03481,US
Indianola,33.45095,-90.65509,US
Jackson,32.29876,-90.18481,US
Kosciusko,33.058,-89.58956,US
Latimer,30.53464,-88.8667,US
Laurel,31.69405,-89.13061,US
Long Beach,30.35048,-89.15282,US
Louisville,33.12374,-89.05506,US
Madison,32.46181,-90.11536,US
McComb,31.24379,-90.45315,US
Meridian,32.36431,-88.70366,US
Moss Point,30.41159,-88.53446,US
Natchez,31.56017,-91.40329,US
New Albany,34.49427,-89.00784,US
Ocean Springs,30.41131,-88.82781,US
Olive Branch,34.96176,-89.82953,US
Oxford,34.3665,-89.51925,US
Pascagoula,30.36576,-88.55613,US
Pass Christian,30.31575,-89.24754,US
Pearl,32.27459,-90.13203,US
Petal,31.34656,-89.26006,US
Philadelphia,32.77152,-89.11673,US
Picayune,30.52556,-89.67788,US
Pontotoc,34.24788,-88.99867,US
Richland,32.23904,-90.15842,US
Ridgeland,32.42848,-90.13231,US
Ripley,34.72982,-88.95062,US
Saltillo,34.37649,-88.68172,US
Senatobia,34.6176,-89.9687,US
Southaven,34.98898,-90.01259,US
Saint Martin,30.43798,-88.86809,US
Starkville,33.45049,-88.81961,US
Tupelo,34.25807,-88.70464,US
Vancleave,30.54047,-88.68752,US
Vicksburg,32.35265,-90.87788,US
Waveland,30.28686,-89.37616,US
West Gulfport,30.40409,-89.0942,US
West Hattiesburg,31.31906,-89.37506,US
West Point,33.60762,-88.65033,US
Yazoo City,32.85513,-90.40565,US
Aberdeen,35.13155,-79.42948,US
Albemarle,35.35014,-80.20006,US
Apex,35.73265,-78.85029,US
Archdale,35.91458,-79.97198,US
Asheboro,35.70791,-79.81364,US
Asheville,35.60095,-82.55402,US
Ayden,35.47266,-77.41552,US
Belmont,35.24292,-81.0373,US
Bessemer City,35.28486,-81.28397,US
Black Mountain,35.6179,-82.32123,US
Boiling Spring Lakes,34.03045,-78.06721,US
Boone,36.21679,-81.67455,US
Brevard,35.23345,-82.73429,US
Burlington,36.09569,-79.4378,US
Butner,36.13209,-78.75667,US
Carolina Beach,34.03517,-77.8936,US
Carrboro,35.91014,-79.07529,US
Cary,35.79154,-78.78112,US
Chapel Hill,35.9132,-79.05584,US
Charlotte,35.22709,-80.84313,US
Cherryville,35.37874,-81.37897,US
Clayton,35.65071,-78.45639,US
Clemmons,36.02153,-80.382,US
Clinton,34.99795,-78.32333,US
Concord,35.40888,-80.58158,US
Conover,35.70652,-81.21869,US
Cornelius,35.4868,-80.86007,US
Cullowhee,35.31371,-83.17653,US
Davidson,35.50233,-80.83912,US
Dunn,35.30627,-78.6089,US
Durham,35.99403,-78.89862,US
Eden,36.48847,-79.7667,US
Elizabeth City,36.2946,-76.25105,US
Elon,36.10291,-79.50669,US
Etowah,35.31762,-82.59429,US
Fayetteville,35.05266,-78.87836,US
Fletcher,35.43067,-82.50123,US
Forest City,35.33401,-81.8651,US
Fuquay-Varina,35.58432,-78.80001,US
Garner,35.71126,-78.61417,US
Gastonia,35.26208,-81.1873,US
Gibsonville,36.10569,-79.54225,US
Goldsboro,35.38488,-77.99277,US
Graham,36.06903,-79.40058,US
Greensboro,36.07264,-79.79198,US
Greenville,35.61266,-77.36635,US
Half Moon,34.826,-77.45941,US
Hamlet,34.88488,-79.69422,US
Harrisburg,35.32395,-80.65784,US
Havelock,34.87905,-76.90133,US
Henderson,36.32959,-78.39916,US
Hendersonville,35.31873,-82.46095,US
Hickory,35.73319,-81.3412,US
High Point,35.95569,-80.00532,US
Hillsborough,36.07542,-79.09973,US
Holly Springs,35.65127,-78.83362,US
Hope Mills,34.97044,-78.94531,US
Huntersville,35.41069,-80.84285,US
Indian Trail,35.07681,-80.66924,US
Jacksonville,34.75405,-77.43024,US
James City,35.08877,-77.03495,US
Kannapolis,35.48736,-80.62173,US
Kernersville,36.11986,-80.07365,US
Kill Devil Hills,36.03072,-75.67601,US
King,36.28069,-80.35922,US
Kings Grant,34.26295,-77.8636,US
Kings Mountain,35.24513,-81.34119,US
Kinston,35.26266,-77.58164,US
Knightdale,35.78765,-78.48056,US
Lake Norman of Catawba,35.5868,-80.95952,US
Laurinburg,34.77405,-79.46282,US
Leland,34.25628,-78.04471,US
Lenoir,35.91402,-81.53898,US
Lewisville,36.09708,-80.41922,US
Lexington,35.82403,-80.25338,US
Lincolnton,35.47375,-81.25453,US
Long Beach,33.91045,-78.11777,US
Lumberton,34.61834,-79.01045,US
Marion,35.68401,-82.00927,US
Marvin,34.99182,-80.81479,US
Masonboro,34.17934,-77.84748,US
Matthews,35.11681,-80.72368,US
Mebane,36.09597,-79.26696,US
Mills River,35.38845,-82.56679,US
Mint Hill,35.17959,-80.64729,US
Mocksville,35.89403,-80.56145,US
Monroe,34.98543,-80.54951,US
Mooresville,35.58486,-80.81007,US
Morehead City,34.72294,-76.72604,US
Morganton,35.74541,-81.68482,US
Morrisville,35.82348,-78.82556,US
Mount Airy,36.4993,-80.60729,US
Mount Holly,35.29819,-81.01591,US
Murraysville,34.29572,-77.84748,US
Myrtle Grove,34.13462,-77.88165,US
Nashville,35.9746,-77.96554,US
New Bern,35.10849,-77.04411,US
Newton,35.66986,-81.22147,US
Oak Island,33.91656,-78.16111,US
Oak Ridge,36.17347,-79.98893,US
Ogden,34.27239,-77.81859,US
Oxford,36.3107,-78.59083,US
Pinehurst,35.19543,-79.46948,US
Pineville,35.0832,-80.8923,US
Piney Green,34.716,-77.32024,US
Raleigh,35.7721,-78.63861,US
Reidsville,36.35486,-79.66447,US
Roanoke Rapids,36.46154,-77.65415,US
Rockingham,34.93932,-79.77395,US
Rocky Mount,35.93821,-77.79053,US
Rolesville,35.92321,-78.4575,US
Roxboro,36.39375,-78.98279,US
Salisbury,35.67097,-80.47423,US
Sanford,35.47988,-79.1803,US
Sawmills,35.82485,-81.47454,US
Selma,35.53655,-78.28444,US
Shelby,35.29235,-81.53565,US
Siler City,35.72347,-79.46224,US
Silver Lake,34.14878,-77.9136,US
Smithfield,35.50849,-78.33945,US
South Gastonia,35.2193,-81.20563,US
Southern Pines,35.17405,-79.39225,US
Spring Lake,35.16794,-78.97281,US
Saint Stephens,35.76458,-81.27314,US
Stallings,35.0907,-80.68618,US
Statesville,35.78264,-80.8873,US
Stokesdale,36.23708,-79.97948,US
Summerfield,36.20875,-79.90476,US
Tarboro,35.89682,-77.5358,US
Thomasville,35.88264,-80.08199,US
Trinity,35.89458,-79.99087,US
Unionville,35.08737,-80.50896,US
Wadesboro,34.96821,-80.07673,US
Wake Forest,35.97987,-78.50972,US
Washington,35.54655,-77.05217,US
Waxhaw,34.92459,-80.7434,US
Waynesville,35.48871,-82.98875,US
Weddington,35.02237,-80.7609,US
Wesley Chapel,35.00709,-80.67451,US
Wendell,35.78099,-78.36972,US
West Raleigh,35.78682,-78.66389,US
Whiteville,34.33878,-78.70307,US
Williamston,35.8546,-77.05551,US
Wilmington,34.23556,-77.94604,US
Wilson,35.72127,-77.91554,US
Winston-Salem,36.09986,-80.24422,US
Winterville,35.52905,-77.40108,US
Woodfin,35.63344,-82.58207,US
Absecon,39.42845,-74.49571,US
Ashland,39.86317,-75.006,US
Atco,39.76984,-74.88739,US
Atlantic City,39.36415,-74.42306,US
Audubon,39.89095,-75.07295,US
Barrington,39.86484,-75.05517,US
Bayville,39.90929,-74.15486,US
Beachwood,39.93901,-74.19292,US
Bellmawr,39.86761,-75.09462,US
Berlin,39.79123,-74.92905,US
Brigantine,39.41012,-74.36459,US
Bridgeton,39.42734,-75.23408,US
Browns Mills,39.97261,-74.58293,US
Camden,39.92595,-75.11962,US
Cape May Court House,39.08261,-74.82378,US
Carneys Point,39.71122,-75.4702,US
Cherry Hill,39.93484,-75.03073,US
Cherry Hill Mall,39.93595,-75.00906,US
Cinnaminson,39.99678,-74.99267,US
Clayton,39.66011,-75.09212,US
Collingswood,39.91817,-75.07128,US
Crestwood Village,39.94817,-74.3607,US
Echelon,39.84845,-74.99572,US
Forked River,39.83984,-74.19014,US
Glassboro,39.70289,-75.11184,US
Gloucester City,39.89281,-75.12041,US
Greentree,39.89706,-74.95572,US
Haddon Heights,39.87734,-75.06462,US
Haddonfield,39.8915,-75.03767,US
Hammonton,39.63651,-74.80239,US
Jackson,39.7765,-74.86238,US
Kingston Estates,39.92372,-74.98795,US
Lindenwold,39.82428,-74.99767,US
Linwood,39.33984,-74.57516,US
Lumberton,39.96595,-74.80516,US
Maple Shade,39.95261,-74.99239,US
Margate City,39.32789,-74.50349,US
Marlton,39.89122,-74.92183,US
Millville,39.40206,-75.03934,US
Mount Holly,39.99289,-74.78766,US
Mount Laurel,39.934,-74.891,US
Mystic Island,39.54428,-74.38237,US
Northfield,39.37039,-74.55015,US
Ocean Acres,39.74345,-74.28098,US
Ocean City,39.27762,-74.5746,US
Paulsboro,39.83039,-75.24046,US
Pennsauken,39.95622,-75.05795,US
Pennsville,39.65345,-75.51659,US
Pine Hill,39.78428,-74.99211,US
Pitman,39.73289,-75.13157,US
Pleasantville,39.38984,-74.52404,US
Pomona,39.47845,-74.57516,US
Ramblewood,39.92872,-74.94378,US
Runnemede,39.85234,-75.06795,US
Sewell,39.7665,-75.14434,US
Sicklerville,39.71734,-74.96933,US
Smithville,39.49401,-74.45709,US
Somerdale,39.844,-75.02267,US
Somers Point,39.31762,-74.5946,US
South Vineland,39.44595,-75.02879,US
Springdale,39.881,-74.97,US
Stratford,39.82678,-75.01545,US
Toms River,39.95373,-74.19792,US
Ventnor City,39.34039,-74.47737,US
Villas,39.02872,-74.93851,US
Vincentown,39.934,-74.74849,US
Vineland,39.48623,-75.02573,US
Wildwood,38.99178,-74.81489,US
Williamstown,39.68623,-74.99517,US
Woodbury,39.83817,-75.15268,US
Athens,39.32924,-82.10126,US
Beavercreek,39.70923,-84.06327,US
Beckett Ridge,39.347,-84.43522,US
Bellbrook,39.63562,-84.07077,US
Belpre,39.27396,-81.5729,US
Bexley,39.96895,-82.93768,US
Blacklick Estates,39.90506,-82.86434,US
Blue Ash,39.232,-84.37827,US
Bridgetown,39.15311,-84.63717,US
Brookville,39.83672,-84.41134,US
Canal Winchester,39.84284,-82.80462,US
Carlisle,39.582,-84.32022,US
Centerville,39.62839,-84.15938,US
Cheviot,39.157,-84.61328,US
Cincinnati,39.12711,-84.51439,US
Circleville,39.60062,-82.94601,US
Clayton,39.86311,-84.3605,US
Columbus,39.96118,-82.99879,US
Covedale,39.12117,-84.60633,US
Dayton,39.75895,-84.19161,US
Deer Park,39.20534,-84.39466,US
Dent,39.18589,-84.65134,US
Dry Run,39.10423,-84.33049,US
Eaton,39.74394,-84.63662,US
Englewood,39.87756,-84.30217,US
Fairborn,39.82089,-84.01938,US
Fairfield,39.34589,-84.5605,US
Finneytown,39.20034,-84.5205,US
Forest Park,39.29034,-84.50411,US
Forestville,39.07506,-84.34494,US
Franklin,39.55895,-84.30411,US
Geneva,39.66201,-82.43349,US
Germantown,39.62617,-84.36939,US
Goshen,39.23339,-84.16132,US
Grandview Heights,39.97979,-83.04074,US
Groesbeck,39.22311,-84.58689,US
Grove City,39.88145,-83.09296,US
Groveport,39.8784,-82.88379,US
Hamilton,39.3995,-84.56134,US
Harrison,39.262,-84.81995,US
Hillsboro,39.20229,-83.61159,US
Huber Heights,39.84395,-84.12466,US
Ironton,38.53675,-82.68294,US
Jackson,39.05202,-82.63655,US
Kenwood,39.21061,-84.36716,US
Kettering,39.6895,-84.16883,US
Lancaster,39.71368,-82.59933,US
Landen,39.312,-84.28299,US
Lebanon,39.43534,-84.20299,US
Lincoln Village,39.95479,-83.13074,US
Logan,39.54007,-82.4071,US
London,39.88645,-83.44825,US
Loveland,39.26895,-84.26383,US
Mack,39.15811,-84.64967,US
Madeira,39.19089,-84.36355,US
Marietta,39.41535,-81.45484,US
Mason,39.36006,-84.30994,US
Miamisburg,39.64284,-84.28661,US
Middletown,39.51506,-84.39828,US
Milford,39.17534,-84.29438,US
Monroe,39.44034,-84.36216,US
Monfort Heights,39.18839,-84.59522,US
Montgomery,39.22811,-84.35411,US
Moraine,39.70617,-84.21938,US
Mount Healthy,39.23367,-84.54578,US
Nelsonville,39.45868,-82.23182,US
New Burlington,39.2595,-84.55717,US
New Carlisle,39.93617,-84.02549,US
North College Hill,39.21839,-84.55078,US
Northbrook,39.24645,-84.58356,US
Northgate,39.25283,-84.59245,US
Northridge,39.99173,-83.77854,US
Northridge,39.80756,-84.19689,US
Norwood,39.15561,-84.45966,US
Oakwood,39.72534,-84.17411,US
Oxford,39.507,-84.74523,US
Pataskala,39.99562,-82.67433,US
Pickerington,39.88423,-82.7535,US
Portsmouth,38.73174,-82.99767,US
Reading,39.22367,-84.44216,US
Reynoldsburg,39.95479,-82.81212,US
Riverside,39.77978,-84.1241,US
Sharonville,39.26811,-84.41327,US
Shiloh,39.81867,-84.22855,US
Springboro,39.55228,-84.23327,US
Springdale,39.287,-84.48522,US
Springfield,39.92423,-83.80882,US
Summerside,39.10478,-84.28827,US
The Village of Indian Hill,39.17949,-84.33517,US
Tipp City,39.95839,-84.17216,US
Trenton,39.48089,-84.45772,US
Trotwood,39.79728,-84.31133,US
Union,39.89783,-84.30633,US
Upper Arlington,39.99451,-83.06241,US
Vandalia,39.89061,-84.19883,US
Walnut Hills,39.127,-84.48411,US
Washington Court House,39.53645,-83.43908,US
Wellston,39.12341,-82.53294,US
West Carrollton City,39.67228,-84.25216,US
Wheelersburg,38.73035,-82.85545,US
White Oak,39.21311,-84.59939,US
Whitehall,39.96673,-82.88546,US
Wilmington,39.44534,-83.82854,US
Withamsville,39.06228,-84.28827,US
Wyoming,39.23117,-84.46578,US
Xenia,39.68478,-83.92965,US
Zanesville,39.94035,-82.01319,US
Ada,34.77453,-96.67834,US
Altus,34.63813,-99.33398,US
Alva,36.80499,-98.66718,US
Anadarko,35.07256,-98.24366,US
Ardmore,34.17426,-97.14363,US
Bartlesville,36.74731,-95.98082,US
Bethany,35.51867,-97.63226,US
Bixby,35.94204,-95.88332,US
Blackwell,36.80448,-97.28282,US
Blanchard,35.13784,-97.65809,US
Broken Arrow,36.0526,-95.79082,US
Catoosa,36.18899,-95.74582,US
Chickasha,35.05257,-97.93643,US
Choctaw,35.49756,-97.26892,US
Claremore,36.3126,-95.61609,US
Clinton,35.51561,-98.96731,US
Collinsville,36.36454,-95.83888,US
Coweta,35.95177,-95.65081,US
Cushing,35.98506,-96.76697,US
Del City,35.44201,-97.44087,US
Duncan,34.5023,-97.95781,US
Durant,33.99399,-96.37082,US
Edmond,35.65283,-97.4781,US
El Reno,35.53227,-97.95505,US
Elk City,35.41199,-99.40426,US
Enid,36.39559,-97.87839,US
Glenpool,35.95537,-96.00888,US
Grove,36.59369,-94.76912,US
Guthrie,35.87894,-97.42532,US
Harrah,35.48951,-97.16364,US
Henryetta,35.43983,-95.98194,US
Holdenville,35.08036,-96.39918,US
Hugo,34.01066,-95.50968,US
Idabel,33.89566,-94.82633,US
Jenks,36.02287,-95.96833,US
Lawton,34.60869,-98.39033,US
Lone Grove,34.17537,-97.26279,US
McAlester,34.93343,-95.76971,US
Miami,36.87451,-94.87746,US
Midwest City,35.44951,-97.3967,US
Moore,35.33951,-97.4867,US
Muskogee,35.74788,-95.36969,US
Mustang,35.38423,-97.72449,US
Newcastle,35.24729,-97.59976,US
Noble,35.13924,-97.39475,US
Norman,35.22257,-97.43948,US
Oklahoma City,35.46756,-97.51643,US
Okmulgee,35.62344,-95.96055,US
Owasso,36.26954,-95.85471,US
Pauls Valley,34.74008,-97.22225,US
Perry,36.28949,-97.2881,US
Piedmont,35.642,-97.74643,US
Ponca City,36.70698,-97.08559,US
Poteau,35.05371,-94.62356,US
Pryor,36.30843,-95.31691,US
Purcell,35.01368,-97.36114,US
Sallisaw,35.46037,-94.78745,US
Sand Springs,36.13981,-96.10889,US
Sapulpa,35.9987,-96.11417,US
Seminole,35.22452,-96.67057,US
Shawnee,35.32729,-96.9253,US
Skiatook,36.36842,-96.00138,US
Stillwater,36.11561,-97.05837,US
Sulphur,34.50787,-96.96835,US
Tahlequah,35.91537,-94.96996,US
Tecumseh,35.25785,-96.93669,US
The Village,35.56089,-97.55143,US
Tulsa,36.15398,-95.99277,US
Tuttle,35.29089,-97.81227,US
Vinita,36.63869,-95.15413,US
Wagoner,35.95954,-95.36941,US
Warr Acres,35.52256,-97.61893,US
Weatherford,35.52616,-98.70757,US
Woodward,36.43365,-99.39039,US
Yukon,35.50672,-97.76254,US
Angora,39.944,-75.23768,US
Bell Road (historical),39.90678,-75.23379,US
Bella Vista,39.93539,-75.15712,US
Brewerytown,39.97706,-75.18185,US
Brookhaven,39.86928,-75.38241,US
Broomall,39.9815,-75.35658,US
Carroll Park,39.97095,-75.23657,US
Cedar Park,39.95039,-75.2274,US
Chambersburg,39.93759,-77.6611,US
Chester,39.84753,-75.35785,US
Clifton Heights,39.92928,-75.2963,US
Coatesville,39.98316,-75.82384,US
Cobbs Creek,39.94761,-75.24018,US
Collingdale,39.91178,-75.27713,US
Darby,39.91845,-75.25907,US
Drexel Hill,39.94706,-75.29213,US
East York,39.97371,-76.68636,US
Eastwick,39.89039,-75.2424,US
Elmwood,39.91789,-75.22796,US
Fairmount,39.97233,-75.18101,US
Fishtown,39.96511,-75.13545,US
Folsom,39.88983,-75.32519,US
Folcroft,39.89095,-75.2838,US
Gettysburg,39.83093,-77.2311,US
Girard Estate,39.92345,-75.18462,US
Glenolden,39.90011,-75.28907,US
Grays Ferry,39.93511,-75.19212,US
Haddington,39.96578,-75.23764,US
Hanover,39.80066,-76.98304,US
Hartranft,39.98483,-75.14712,US
Havertown,39.98095,-75.30852,US
Kennett Square,39.84678,-75.7116,US
Kensington,39.98595,-75.13184,US
Kingsessing,39.93678,-75.22963,US
Landenberg,39.77733,-75.77133,US
Lansdowne,39.93817,-75.27185,US
Mantua,39.96261,-75.19129,US
Media,39.91678,-75.38769,US
Mill Creek,39.96622,-75.21546,US
Millersville,39.99788,-76.35413,US
Northern Liberties,39.96595,-75.14629,US
Norwood,39.89178,-75.29963,US
Old City,39.9465,-75.14684,US
Overbrook,39.98928,-75.24324,US
Oxford,39.78539,-75.97883,US
Parkville,39.78121,-76.96331,US
Paschall,39.92428,-75.23852,US
Penn Wynne,39.98622,-75.27546,US
Pennsport,39.92761,-75.15045,US
Philadelphia,39.95238,-75.16362,US
Point Breeze,39.93345,-75.17796,US
Prospect Park,39.88789,-75.30824,US
Queen Village,39.93428,-75.14851,US
Red Lion,39.90093,-76.6058,US
Port Richmond,39.99345,-75.10017,US
Ridley Park,39.88122,-75.3238,US
Rittenhouse,39.94845,-75.17212,US
Sharon Hill,39.9065,-75.27157,US
Shiloh,39.97815,-76.79719,US
Southwest Center City Philadelphia,39.94281,-75.18086,US
Southwest Schuylkill,39.94483,-75.20379,US
Springfield,39.93067,-75.32019,US
Spruce Hill,39.95273,-75.21034,US
Strawberry Mansion,39.98345,-75.18268,US
Swarthmore,39.90206,-75.34991,US
Uniontown,39.90008,-79.71643,US
University City,39.95071,-75.19476,US
Waynesboro,39.75593,-77.57777,US
Weigelstown,39.98371,-76.82247,US
West Chester,39.96097,-75.60804,US
West Kensington,39.9865,-75.13907,US
Wharton,39.92678,-75.15712,US
Whitman,39.91678,-75.15546,US
Willow Street,39.97927,-76.27635,US
Woodlyn,39.87233,-75.33713,US
York,39.9626,-76.72774,US
Yeadon,39.939,-75.25546,US
Yorktown,39.97345,-75.15296,US
Abbeville,34.17817,-82.37901,US
Aiken,33.56042,-81.71955,US
Anderson,34.50344,-82.65013,US
Batesburg-Leesville,33.91014,-81.53733,US
Beaufort,32.4317,-80.66993,US
Belvedere,33.53097,-81.94484,US
Bennettsville,34.61738,-79.68478,US
Berea,34.8854,-82.45596,US
Bluffton,32.23715,-80.86039,US
Boiling Springs,33.13515,-81.43122,US
Boiling Springs,35.04651,-81.98177,US
Burton,32.43575,-80.724,US
Camden,34.24654,-80.60702,US
Cayce,33.96571,-81.07398,US
Centerville,34.53205,-82.70402,US
Centerville,32.99573,-80.17037,US
Central,34.72427,-82.78125,US
Charleston,32.77632,-79.93275,US
Cheraw,34.69766,-79.8834,US
Chester,34.70486,-81.21426,US
Clemson,34.68344,-82.83737,US
Clinton,34.47263,-81.88066,US
Clover,35.11125,-81.22646,US
Columbia,34.00071,-81.03481,US
Conway,33.836,-79.04781,US
Darlington,34.29988,-79.87617,US
Dentsville,34.06404,-80.95815,US
Dillon,34.41655,-79.37116,US
Easley,34.82984,-82.60152,US
Five Forks,34.80484,-82.22956,US
Florence,34.19543,-79.76256,US
Forest Acres,34.01932,-80.98981,US
Fort Mill,35.00737,-80.94508,US
Fountain Inn,34.68901,-82.19567,US
Gaffney,35.07179,-81.64982,US
Gantt,34.80012,-82.42429,US
Garden City,33.59295,-79.00865,US
Georgetown,33.37683,-79.2945,US
Goose Creek,32.98101,-80.03259,US
Greenville,34.85262,-82.39401,US
Greenwood,34.1954,-82.16179,US
Greer,34.93873,-82.22706,US
Hanahan,32.91851,-80.02203,US
Hardeeville,32.28714,-81.08067,US
Hartsville,34.37404,-80.0734,US
Hilton Head Island,32.19382,-80.73816,US
Hilton Head,32.21632,-80.75261,US
Homeland Park,34.47066,-82.67069,US
Irmo,34.08598,-81.18315,US
Ladson,32.98573,-80.10981,US
Lake City,33.871,-79.75535,US
Lake Wylie,35.10848,-81.04285,US
Lancaster,34.72043,-80.7709,US
Laurel Bay,32.45019,-80.78483,US
Laurens,34.49901,-82.01426,US
Lexington,33.98154,-81.23621,US
Little River,33.87323,-78.61418,US
Marion,34.17822,-79.40061,US
Mauldin,34.77873,-82.31012,US
Moncks Corner,33.19632,-80.01429,US
Mount Pleasant,32.79407,-79.86259,US
Murrells Inlet,33.551,-79.04143,US
Myrtle Beach,33.68906,-78.88669,US
Newberry,34.27458,-81.61872,US
North Augusta,33.5018,-81.96512,US
North Charleston,32.85462,-79.97481,US
North Myrtle Beach,33.81601,-78.68002,US
Oak Grove,33.77821,-80.96676,US
Orangeburg,33.49182,-80.85565,US
Parker,34.85067,-82.45346,US
Piedmont,34.70234,-82.46457,US
Port Royal,32.37896,-80.69265,US
Powdersville,34.79178,-82.49291,US
Red Bank,33.93209,-81.23843,US
Red Hill,33.99961,-79.2581,US
Red Hill,33.82073,-79.01892,US
Rock Hill,34.92487,-81.02508,US
Saint Andrews,34.043,-81.101,US
Sangaree,33.03545,-80.12787,US
Sans Souci,34.8779,-82.42401,US
Seneca,34.68566,-82.9532,US
Seven Oaks,34.04876,-81.14648,US
Simpsonville,34.73706,-82.25428,US
Socastee,33.6835,-78.99837,US
Spartanburg,34.94957,-81.93205,US
Summerville,33.0185,-80.17565,US
Sumter,33.92044,-80.34147,US
Taylors,34.92039,-82.29623,US
Tega Cay,35.02431,-81.02785,US
Union,34.71541,-81.62371,US
Valley Falls,35.01595,-81.97483,US
Wade Hampton,34.90373,-82.33317,US
Walterboro,32.90517,-80.66677,US
Welcome,34.82651,-82.43901,US
West Columbia,33.99349,-81.07398,US
Woodfield,34.05932,-80.93092,US
York,34.9943,-81.24202,US
Alcoa,35.78953,-83.97379,US
Arlington,35.2962,-89.66147,US
Athens,35.44285,-84.59299,US
Atoka,35.44119,-89.77814,US
Bartlett,35.20453,-89.87398,US
Bloomingdale,36.58455,-82.48932,US
Bolivar,35.25619,-88.98784,US
Brentwood,36.03312,-86.78278,US
Brentwood Estates,36.02506,-86.77917,US
Bristol,36.59511,-82.18874,US
Brownsville,35.59397,-89.26229,US
Chattanooga,35.04563,-85.30968,US
Christiana,35.71007,-86.39944,US
Chuckey,36.21594,-82.68821,US
Church Hill,36.52232,-82.71349,US
Clarksville,36.52977,-87.35945,US
Cleveland,35.15952,-84.87661,US
Clinton,36.10341,-84.13186,US
Collegedale,35.05313,-85.05023,US
Collierville,35.04204,-89.66453,US
Colonial Heights,36.4851,-82.5032,US
Columbia,35.61507,-87.03528,US
Cookeville,36.16284,-85.50164,US
Covington,35.56425,-89.64647,US
Crossville,35.94896,-85.0269,US
Dayton,35.49396,-85.01245,US
Dickson,36.077,-87.38779,US
Dunlap,35.37146,-85.39052,US
Dyersburg,36.03452,-89.38563,US
Eagleton Village,35.79508,-83.93185,US
East Brainerd,34.99591,-85.15023,US
East Chattanooga,35.06535,-85.24912,US
East Ridge,35.01424,-85.2519,US
Elizabethton,36.34872,-82.21069,US
Ellendale,35.23064,-89.82592,US
Erwin,36.14511,-82.41681,US
Fairfield Glade,36.00035,-84.88634,US
Fairview,35.98201,-87.1214,US
Farragut,35.88452,-84.15353,US
Fayetteville,35.15203,-86.57055,US
Forest Hills,36.06839,-86.84417,US
Franklin,35.92506,-86.86889,US
Gallatin,36.38838,-86.44666,US
Germantown,35.08676,-89.81009,US
Goodlettsville,36.32311,-86.71333,US
Green Hill,36.22283,-86.54944,US
Greenbrier,36.42755,-86.80472,US
Greeneville,36.16316,-82.83099,US
Harriman,35.93396,-84.55244,US
Harrison,35.11368,-85.13801,US
Henderson,35.43924,-88.64144,US
Hendersonville,36.30477,-86.62,US
Hermitage,36.19617,-86.6225,US
Humboldt,35.81979,-88.9159,US
Jackson,35.61452,-88.81395,US
Jefferson City,36.12231,-83.4924,US
Johnson City,36.31344,-82.35347,US
Jonesborough,36.29427,-82.47348,US
Kingsport,36.54843,-82.56182,US
Kingston,35.88091,-84.50854,US
Knoxville,35.96064,-83.92074,US
La Vergne,36.01562,-86.58194,US
LaFollette,36.38286,-84.11993,US
Lakeland,35.23064,-89.74036,US
Lawrenceburg,35.2423,-87.33474,US
Lebanon,36.20811,-86.2911,US
Lenoir City,35.7973,-84.25603,US
Lewisburg,35.44924,-86.78889,US
Lexington,35.6509,-88.39338,US
Loudon,35.73285,-84.33381,US
Lynchburg,35.28314,-86.37416,US
Manchester,35.48174,-86.0886,US
Martin,36.3434,-88.85034,US
Maryville,35.75647,-83.97046,US
McKenzie,36.13256,-88.51866,US
McMinnville,35.6834,-85.76998,US
Memphis,35.14953,-90.04898,US
Middle Valley,35.1959,-85.18468,US
Milan,35.91979,-88.75895,US
Millersville,36.37116,-86.71,US
Millington,35.34147,-89.89731,US
Morristown,36.21398,-83.29489,US
Mount Carmel,35.49785,-88.00781,US
Mount Carmel,36.54538,-82.66099,US
Mount Juliet,36.20005,-86.51861,US
Munford,35.44925,-89.81508,US
Murfreesboro,35.84562,-86.39027,US
Nashville,36.16589,-86.78444,US
New South Memphis,35.08676,-90.05676,US
Newport,35.96704,-83.18766,US
Nolensville,35.95229,-86.66944,US
Oak Ridge,36.01036,-84.26964,US
Oakland,35.22898,-89.51508,US
Paris,36.302,-88.32671,US
Pigeon Forge,35.78842,-83.55433,US
Portland,36.58171,-86.51638,US
Pulaski,35.1998,-87.03084,US
Red Bank,35.11229,-85.29413,US
Ripley,35.74536,-89.5298,US
Rockwood,35.86563,-84.68494,US
Savannah,35.2248,-88.2492,US
Sevierville,35.86815,-83.56184,US
Seymour,35.89064,-83.72462,US
Shelbyville,35.48341,-86.46027,US
Signal Mountain,35.12257,-85.34385,US
Smyrna,35.98284,-86.5186,US
Soddy-Daisy,35.2359,-85.19079,US
South Cleveland,35.106,-84.89,US
Sparta,35.9259,-85.46414,US
Spring Hill,35.75118,-86.93,US
Springfield,36.50921,-86.885,US
Sweetwater,35.60146,-84.46104,US
Tullahoma,35.36202,-86.20943,US
Union City,36.42423,-89.05701,US
White House,36.47032,-86.65138,US
Winchester,35.18592,-86.11221,US
Abilene,32.44874,-99.73314,US
Addison,32.96179,-96.82917,US
Alamo Heights,29.48495,-98.46585,US
Alamo,26.18369,-98.12306,US
Aldine,29.93245,-95.38021,US
Alice,27.75225,-98.06972,US
Alief,29.71106,-95.59633,US
Allen,33.10317,-96.67055,US
Alton,26.28729,-98.31335,US
Alton North (historical),26.29535,-98.30446,US
Alvin,29.42385,-95.2441,US
Anderson Mill,30.45492,-97.80584,US
Angleton,29.16941,-95.43188,US
Anna,33.349,-96.5486,US
Aransas Pass,27.90947,-97.14999,US
Arlington,32.73569,-97.10807,US
Atascocita,29.99883,-95.1766,US
Athens,32.20487,-95.85552,US
Atlanta,33.11374,-94.16435,US
Austin,30.26715,-97.74306,US
Azle,32.89513,-97.54586,US
Bacliff,29.5069,-94.99243,US
Balch Springs,32.72874,-96.62277,US
Bastrop,30.11049,-97.31527,US
Baytown,29.7355,-94.97743,US
Beaumont,30.08605,-94.10185,US
Bedford,32.84402,-97.14307,US
Bee Cave,30.30854,-97.94501,US
Beeville,28.40095,-97.74974,US
Bellaire,29.70579,-95.45883,US
Bellmead,31.59405,-97.10889,US
Belton,31.05601,-97.46445,US
Benbrook,32.67319,-97.46058,US
Boerne,29.79466,-98.73197,US
Bonham,33.57733,-96.17831,US
Bowie,33.559,-97.84865,US
Brady,31.13517,-99.33506,US
Breckenridge,32.75568,-98.90229,US
Brenham,30.16688,-96.39774,US
Briar,32.99512,-97.5428,US
Bridge City,30.02077,-93.84573,US
Bridgeport,33.21012,-97.75476,US
Brookshire,29.78606,-95.95107,US
Brownsville,25.90175,-97.49748,US
Brownwood,31.70932,-98.99116,US
Brushy Creek,30.51353,-97.73973,US
Bryan,30.67436,-96.36996,US
Burkburnett,34.09787,-98.57061,US
Burleson,32.54208,-97.32085,US
Burnet,30.75824,-98.22836,US
Cameron,30.85325,-96.97693,US
Cameron Park,25.96452,-97.47665,US
Cameron Park Colonia,25.97147,-97.47832,US
Camp Swift,30.19077,-97.29221,US
Canyon Lake,29.87522,-98.26251,US
Carrizo Springs,28.52193,-99.86061,US
Carrollton,32.95373,-96.89028,US
Carthage,32.15738,-94.33742,US
Cedar Hill,32.58847,-96.95612,US
Cedar Park,30.5052,-97.82029,US
Celina,33.32456,-96.78444,US
Center,31.51073,-96.4247,US
Center,31.79545,-94.17909,US
Channelview,29.77606,-95.11465,US
Cibolo,29.56162,-98.22696,US
Cinco Ranch,29.73884,-95.758,US
Cleburne,32.34764,-97.38668,US
Cleveland,30.34132,-95.08549,US
Cloverleaf,29.77828,-95.17188,US
Clute,29.02469,-95.39883,US
College Station,30.62798,-96.33441,US
Colleyville,32.88096,-97.15501,US
Commerce,33.24706,-95.89997,US
Conroe,30.31188,-95.45605,US
Converse,29.51801,-98.31612,US
Coppell,32.95457,-97.01501,US
Copperas Cove,31.12406,-97.90308,US
Corinth,33.15401,-97.06473,US
Corpus Christi,27.80058,-97.39638,US
Corsicana,32.09543,-96.46887,US
Crockett,31.31824,-95.45661,US
Crowley,32.57903,-97.36252,US
Crystal City,28.67748,-99.82811,US
Cuero,29.09387,-97.28916,US
Cypress,29.96911,-95.69717,US
Dallas,32.78306,-96.80667,US
Dayton,30.04661,-94.8852,US
DeSoto,32.58986,-96.85695,US
Decatur,33.23428,-97.58614,US
Deer Park,29.70523,-95.12382,US
Denison,33.75566,-96.53666,US
Denton,33.21484,-97.13307,US
Diboll,31.18713,-94.78104,US
Dickinson,29.46079,-95.05132,US
Doffing,26.27452,-98.38585,US
Donna,26.17035,-98.05195,US
Duncanville,32.6518,-96.90834,US
Eagle Mountain,32.89346,-97.44446,US
Edinburg,26.30174,-98.16334,US
El Campo,29.19664,-96.26969,US
Elgin,30.34965,-97.37027,US
Elsa,26.2934,-97.99306,US
Ennis,32.32931,-96.62527,US
Euless,32.83707,-97.08195,US
Everman,32.63097,-97.28918,US
Fair Oaks Ranch,29.74578,-98.64336,US
Fairview,33.1579,-96.63166,US
Farmers Branch,32.92651,-96.89612,US
Fate,32.94151,-96.38137,US
Floresville,29.13358,-98.15612,US
Flower Mound,33.01457,-97.09696,US
Forest Hill,32.67208,-97.26918,US
Forney,32.74818,-96.47193,US
Fort Worth,32.72541,-97.32085,US
Four Corners,29.66857,-95.65772,US
Fredericksburg,30.2752,-98.87198,US
Freeport,28.95414,-95.35966,US
Fresno,29.53885,-95.44744,US
Friendswood,29.5294,-95.20104,US
Frisco,33.15067,-96.82361,US
Fulshear,29.68996,-95.89968,US
Gainesville,33.62594,-97.13335,US
Galena Park,29.73356,-95.23021,US
Galveston,29.30135,-94.7977,US
Garland,32.91262,-96.63888,US
Gatesville,31.43516,-97.74391,US
Georgetown,30.63269,-97.67723,US
Giddings,30.18272,-96.93637,US
Gilmer,32.72875,-94.94244,US
Gladewater,32.53653,-94.94272,US
Glenn Heights,32.54875,-96.85667,US
Gonzales,29.50163,-97.45249,US
Graham,33.10706,-98.5895,US
Granbury,32.44208,-97.7942,US
Grand Prairie,32.74596,-96.99778,US
Granite Shoals,30.58908,-98.38392,US
Grapevine,32.93429,-97.07807,US
Greatwood,29.55413,-95.67578,US
Greenville,33.13845,-96.11081,US
Groves,29.94827,-93.91712,US
Gun Barrel City,32.33459,-96.15136,US
Haltom City,32.79957,-97.26918,US
Harker Heights,31.08351,-97.65974,US
Harlingen,26.19063,-97.6961,US
Heath,32.83651,-96.47499,US
Helotes,29.57801,-98.68975,US
Hempstead,30.09744,-96.07829,US
Hewitt,31.46239,-97.19584,US
Hidalgo,26.10035,-98.26307,US
Highland Park,32.83346,-96.79195,US
Highland Village,33.09179,-97.04668,US
Highlands,29.81884,-95.05604,US
Hillsboro,32.01099,-97.13001,US
Hitchcock,29.34829,-95.01604,US
Hondo,29.34746,-99.14142,US
Hornsby Bend,30.24743,-97.58333,US
Houston,29.76328,-95.36327,US
Humble,29.99883,-95.26216,US
Huntsville,30.72353,-95.55078,US
Hurst,32.82346,-97.17057,US
Hutchins,32.6493,-96.71305,US
Hutto,30.5427,-97.54667,US
Ingleside,27.8778,-97.21166,US
Iowa Park,33.95148,-98.66867,US
Irving,32.81402,-96.94889,US
Jacinto City,29.76745,-95.23382,US
Jacksonville,31.96378,-95.2705,US
Jasper,30.9202,-93.99658,US
Jersey Village,29.88772,-95.563,US
Jollyville,30.4427,-97.77501,US
Joshua,32.46153,-97.38807,US
Kaufman,32.58902,-96.30887,US
Katy,29.78579,-95.8244,US
Keene,32.39681,-97.3239,US
Keller,32.93457,-97.25168,US
Kennedale,32.6468,-97.22585,US
Kerrville,30.04743,-99.14032,US
Kilgore,32.38626,-94.87577,US
Killeen,31.11712,-97.7278,US
Kingsland,30.65824,-98.44058,US
Kingsville,27.51587,-97.85611,US
Kirby,29.46329,-98.38557,US
Kyle,29.98911,-97.87723,US
La Feria,26.15896,-97.82389,US
La Homa,26.25007,-98.36363,US
La Marque,29.36857,-94.97131,US
La Porte,29.66578,-95.01937,US
Lacy-Lakeview,31.62933,-97.10278,US
Lago Vista,30.4602,-97.98835,US
Lake Dallas,33.11929,-97.02556,US
Lake Jackson,29.03386,-95.43439,US
Lakehills,29.60467,-98.94309,US
Lakeway,30.36377,-97.97959,US
Lampasas,31.06378,-98.1817,US
Lancaster,32.59208,-96.75611,US
Laredo,27.50641,-99.50754,US
League City,29.50745,-95.09493,US
Leander,30.57881,-97.85307,US
Leon Valley,29.49523,-98.61863,US
Lewisville,33.04623,-96.99417,US
Liberty,30.05799,-94.79548,US
Lindale,32.5157,-95.4094,US
Little Elm,33.16262,-96.93751,US
Live Oak,29.56523,-98.3364,US
Livingston,30.71103,-94.93299,US
Lockhart,29.88494,-97.67,US
Longview,32.5007,-94.74049,US
Los Fresnos,26.07174,-97.47637,US
Lucas,33.08429,-96.57666,US
Lufkin,31.33824,-94.7291,US
Luling,29.68051,-97.6475,US
Lumberton,30.26577,-94.19963,US
Manor,30.34076,-97.55695,US
Mansfield,32.56319,-97.14168,US
Manvel,29.46274,-95.35799,US
Marble Falls,30.57841,-98.27507,US
Marlin,31.30629,-96.89804,US
Marshall,32.54487,-94.36742,US
Mathis,28.09446,-97.82805,US
McAllen,26.20341,-98.23001,US
McGregor,31.44406,-97.40918,US
McKinney,33.19762,-96.61527,US
Melissa,33.28595,-96.57277,US
Mercedes,26.1498,-97.91361,US
Mesquite,32.7668,-96.59916,US
Mexia,31.67989,-96.4822,US
Midlothian,32.48236,-96.99445,US
Mila Doce,26.22618,-97.95889,US
Mineral Wells,32.80846,-98.11282,US
Mission,26.21591,-98.32529,US
Mission Bend,29.69384,-95.66495,US
Missouri City,29.61857,-95.53772,US
Mont Belvieu,29.84772,-94.89076,US
Mount Pleasant,33.15679,-94.96827,US
Murillo Colonia,26.25646,-98.11334,US
Murphy,33.01512,-96.61305,US
Nacogdoches,31.60351,-94.65549,US
Navasota,30.38798,-96.08773,US
Nederland,29.97438,-93.9924,US
New Braunfels,29.703,-98.12445,US
New Caney,30.15522,-95.21132,US
New Territory,29.59412,-95.68078,US
North Richland Hills,32.8343,-97.2289,US
Nurillo,26.26702,-98.1214,US
Orange,30.09299,-93.73655,US
Palestine,31.76212,-95.63079,US
Palmview,26.23341,-98.37085,US
Palmview South,26.21563,-98.37863,US
Paris,33.66094,-95.55551,US
Pasadena,29.69106,-95.2091,US
Pearland,29.56357,-95.28605,US
Pearsall,28.89219,-99.09503,US
Pecan Grove,29.62607,-95.73162,US
Pecan Plantation,32.36042,-97.67558,US
Perezville,26.22452,-98.40057,US
Pflugerville,30.43937,-97.62,US
Pharr,26.1948,-98.18362,US
Plano,33.01984,-96.69889,US
Pleasanton,28.96719,-98.47863,US
Port Arthur,29.88519,-93.94233,US
Port Isabel,26.07341,-97.20858,US
Port Lavaca,28.615,-96.62609,US
Port Neches,29.99132,-93.95851,US
Portland,27.87725,-97.32388,US
Prairie View,30.09327,-95.98773,US
Princeton,33.18012,-96.49804,US
Progreso,26.0923,-97.95722,US
Prosper,33.23623,-96.80111,US
Raymondville,26.48146,-97.78305,US
Red Oak,32.51764,-96.80444,US
Rendon,32.57625,-97.2414,US
Richardson,32.94818,-96.72972,US
Richland Hills,32.81596,-97.22807,US
Richmond,29.58218,-95.76078,US
Rio Grande City,26.37979,-98.8203,US
River Oaks,32.77707,-97.39446,US
Roanoke,33.00401,-97.22585,US
Robinson,31.46767,-97.11472,US
Robstown,27.7903,-97.66888,US
Rockdale,30.65548,-97.00137,US
Rockwall,32.93123,-96.45971,US
Rockport,28.02077,-97.05601,US
Roma-Los Saenz,26.40506,-99.01586,US
Rosenberg,29.55718,-95.80856,US
Round Rock,30.50826,-97.6789,US
Rowlett,32.9029,-96.56388,US
Royse City,32.97512,-96.33248,US
Rusk,31.79601,-95.15022,US
Sachse,32.97623,-96.59527,US
Saginaw,32.86013,-97.36391,US
San Antonio,29.42412,-98.49363,US
San Benito,26.13258,-97.6311,US
San Juan,26.18924,-98.15529,US
San Marcos,29.88327,-97.94139,US
Sanger,33.36317,-97.1739,US
Santa Fe,29.37801,-95.10576,US
Schertz,29.55217,-98.26973,US
Seabrook,29.56412,-95.02548,US
Seagoville,32.63958,-96.53832,US
Sealy,29.78079,-96.15718,US
Seguin,29.56884,-97.96473,US
Selma,29.58439,-98.30585,US
Shady Hollow,30.16493,-97.86223,US
Sherman,33.63566,-96.60888,US
Sienna Plantation,29.48607,-95.508,US
Silsbee,30.3491,-94.17796,US
Sinton,28.03668,-97.50916,US
South Houston,29.66301,-95.23549,US
Southlake,32.94124,-97.13418,US
Spring,30.07994,-95.41716,US
Stafford,29.61607,-95.55772,US
Stephenville,32.2207,-98.20226,US
Sugar Land,29.61968,-95.63495,US
Sulphur Springs,33.13845,-95.60107,US
Sunnyvale,32.79652,-96.56082,US
Taylor,30.57076,-97.40944,US
Temple,31.09823,-97.34278,US
Terrell,32.73596,-96.27526,US
Terrell Hills,29.47495,-98.45085,US
Texarkana,33.42513,-94.04769,US
Texas City,29.38385,-94.9027,US
The Colony,33.08901,-96.88639,US
The Woodlands,30.15799,-95.48938,US
Timberwood Park,29.69438,-98.49741,US
Tomball,30.09716,-95.61605,US
Trophy Club,32.9979,-97.18362,US
Tyler,32.35126,-95.30106,US
Universal City,29.54801,-98.29112,US
University of Texas,30.28604,-97.73889,US
University Park,32.85013,-96.80028,US
Uvalde,29.20968,-99.78617,US
Vernon,34.15536,-99.26628,US
Victoria,28.80527,-97.0036,US
Vidor,30.1316,-94.01545,US
Waco,31.54933,-97.14667,US
Wake Village,33.42679,-94.1063,US
Watauga,32.85791,-97.25474,US
Waxahachie,32.38653,-96.84833,US
Weatherford,32.7593,-97.79725,US
Webster,29.53773,-95.11826,US
Wells Branch,30.44604,-97.67945,US
Weslaco,26.15952,-97.99084,US
West Livingston,30.69825,-95.00188,US
West University Place,29.71801,-95.43383,US
Wharton,29.31164,-96.10274,US
White Oak,32.52792,-94.86133,US
White Settlement,32.75957,-97.45835,US
Whitehouse,32.22682,-95.2255,US
Wichita Falls,33.91371,-98.49339,US
Willis,30.42493,-95.47994,US
Windcrest,29.51551,-98.38029,US
Woodway,31.506,-97.20501,US
Wylie,33.01512,-96.53888,US
Yoakum,29.28775,-97.15193,US
Zapata,26.90726,-99.27143,US
Abingdon,36.70983,-81.97735,US
Alexandria,38.80484,-77.04692,US
Annandale,38.83039,-77.19637,US
Aquia Harbour,38.46262,-77.38887,US
Arlington,38.88101,-77.10428,US
Ashburn,39.04372,-77.48749,US
Ashland,37.75903,-77.47998,US
Baileys Crossroads,38.85039,-77.1297,US
Bedford,37.33431,-79.52309,US
Belle Haven,38.78539,-77.06303,US
Bellwood,37.42181,-77.43748,US
Belmont,39.06483,-77.50999,US
Bensley,37.44681,-77.44332,US
Big Stone Gap,36.88176,-82.7471,US
Blacksburg,37.22957,-80.41394,US
Bluefield,37.25262,-81.27121,US
Bon Air,37.52487,-77.55777,US
Brambleton,38.98205,-77.5386,US
Brandermill,37.43209,-77.64971,US
Bridgewater,38.38207,-78.9767,US
Bristol,36.59649,-82.18847,US
Bristow,38.72289,-77.5361,US
Broadlands,39.01816,-77.52027,US
Buckhall,38.73178,-77.4311,US
Buena Vista,37.7343,-79.35392,US
Bull Run,38.78373,-77.52055,US
Burke,38.79345,-77.27165,US
Cave Spring,37.22764,-80.01282,US
Centreville,38.84039,-77.42888,US
Chamberlayne,37.62653,-77.42859,US
Chantilly,38.89428,-77.4311,US
Charlottesville,38.02931,-78.47668,US
Cherry Hill,38.56984,-77.26693,US
Chesapeake,36.81904,-76.27494,US
Chester,37.35682,-77.44165,US
Christiansburg,37.12985,-80.40894,US
Collinsville,36.71514,-79.91532,US
Colonial Heights,37.26804,-77.40726,US
Countryside,39.04094,-77.4136,US
Covington,37.79346,-79.99395,US
Crozet,38.06958,-78.70058,US
Culpeper,38.47318,-77.99666,US
Dale City,38.63706,-77.31109,US
Danville,36.58597,-79.39502,US
Dranesville,39.00067,-77.34582,US
Dumfries,38.56762,-77.32804,US
Dumbarton,37.60376,-77.49137,US
Dunn Loring,38.89344,-77.22165,US
East Hampton,37.03737,-76.33161,US
East Highland Park,37.58098,-77.40693,US
Emporia,36.68598,-77.54248,US
Ettrick,37.24015,-77.42998,US
Fairfax,38.84622,-77.30637,US
Fairfax Station,38.80095,-77.32554,US
Falls Church,38.88233,-77.17109,US
Farmville,37.3021,-78.39194,US
Fishersville,38.09902,-78.96919,US
Floris,38.93706,-77.41277,US
Forest,37.36375,-79.28975,US
Fort Lee,37.4957,-77.33526,US
Franconia,38.78206,-77.14637,US
Franklin,36.67765,-76.92246,US
Fredericksburg,38.30318,-77.46054,US
Front Royal,38.91817,-78.19444,US
Gainesville,38.79567,-77.61388,US
Galax,36.66124,-80.92397,US
Glen Allen,37.66598,-77.50637,US
Gloucester Point,37.25403,-76.49689,US
Great Falls,38.99817,-77.28832,US
Greenbriar,38.87345,-77.40082,US
Groveton,38.76734,-77.0847,US
Hampton,37.02987,-76.34522,US
Harrisonburg,38.44957,-78.86892,US
Herndon,38.96955,-77.3861,US
Highland Springs,37.54598,-77.32776,US
Hollins,37.34125,-79.9431,US
Hollymead,38.11708,-78.44168,US
Hopewell,37.30432,-77.2872,US
Huntington,38.79234,-77.07081,US
Hybla Valley,38.74761,-77.08303,US
Idylwood,38.89511,-77.21165,US
Independent Hill,38.63595,-77.43776,US
Lake Barcroft,38.84789,-77.15581,US
Lake Monticello,37.9232,-78.33473,US
Lake Ridge,38.68789,-77.29776,US
Lakeside,37.60765,-77.47693,US
Laurel,37.64292,-77.50887,US
Leesburg,39.11566,-77.5636,US
Lexington,37.78402,-79.44282,US
Lincolnia,38.81845,-77.14331,US
Linton Hall,38.75984,-77.57499,US
Lorton,38.70428,-77.22776,US
Lowes Island,39.05983,-77.35221,US
Lynchburg,37.41375,-79.14225,US
Madison Heights,37.43098,-79.12308,US
Manassas,38.75095,-77.47527,US
Manassas Park,38.784,-77.46971,US
Mantua,38.85372,-77.25943,US
Marion,36.83484,-81.51484,US
Martinsville,36.69153,-79.87254,US
McLean,38.93428,-77.17748,US
Mechanicsville,37.60876,-77.37331,US
Merrifield,38.87428,-77.22693,US
Midlothian,37.50598,-77.64916,US
Montclair,38.61095,-77.33971,US
Montrose,37.5207,-77.37831,US
New Baltimore,38.76734,-77.72833,US
Newington,38.73845,-77.18498,US
Newport News,36.98038,-76.42975,US
Norfolk,36.84681,-76.28522,US
North Springfield,38.80428,-77.2047,US
Oakton,38.88095,-77.30082,US
Petersburg,37.22793,-77.40193,US
Pimmit Hills,38.91289,-77.20081,US
Poquoson,37.12237,-76.34578,US
Portsmouth,36.83543,-76.29827,US
Portsmouth Heights,36.82098,-76.36883,US
Potomac Mills,38.64595,-77.29415,US
Pulaski,37.0479,-80.77979,US
Purcellville,39.13677,-77.71472,US
Radford,37.13179,-80.57645,US
Reston,38.96872,-77.3411,US
Richmond,37.55376,-77.46026,US
Richlands,37.09317,-81.79373,US
Roanoke,37.27097,-79.94143,US
Rose Hill,38.78872,-77.11276,US
Rosslyn,38.89678,-77.07248,US
Salem,37.29347,-80.05476,US
Sandston,37.52348,-77.31581,US
Seven Corners,38.87206,-77.15526,US
Short Pump,37.65042,-77.61249,US
Smithfield,36.98237,-76.63107,US
South Boston,36.69875,-78.9014,US
South Riding,38.92094,-77.50388,US
South Suffolk,36.71709,-76.59023,US
Springfield,38.78928,-77.1872,US
Staunton,38.14991,-79.0732,US
Sterling,39.00622,-77.4286,US
Strasburg,38.98872,-78.35862,US
Stuarts Draft,38.03014,-79.03364,US
Sudley,38.79289,-77.49749,US
Suffolk,36.72836,-76.58496,US
Sugarland Run,39.03761,-77.37526,US
Timberlake,37.3207,-79.25753,US
Triangle,38.54679,-77.33665,US
Tuckahoe,37.59015,-77.55638,US
Tysons,38.91872,-77.23109,US
Vienna,38.90122,-77.26526,US
Vinton,37.28097,-79.89698,US
Virginia Beach,36.85293,-75.97799,US
Warrenton,38.71345,-77.79527,US
Waynesboro,38.06847,-78.88947,US
West Gate,38.78289,-77.49749,US
West Lynchburg,37.4032,-79.17808,US
West Springfield,38.77261,-77.22109,US
Williamsburg,37.2707,-76.70746,US
Winchester,39.18566,-78.16333,US
Wolf Trap,38.93983,-77.28609,US
Woodlawn,38.71678,-77.13276,US
Woodstock,38.88178,-78.50584,US
Wyndham,37.69848,-77.61249,US
Wytheville,36.94845,-81.08481,US
Yorkshire,38.79317,-77.44777,US
Augusta,39.29538,-78.63779,US
Beckley,37.77817,-81.18816,US
Bluefield,37.26984,-81.22232,US
Bridgeport,39.28648,-80.2562,US
Brookhaven,39.61175,-79.90451,US
Buckhannon,38.99399,-80.23203,US
Charles Town,39.28899,-77.85972,US
Charleston,38.34982,-81.63262,US
Cheat Lake,39.67202,-79.85339,US
Clarksburg,39.28065,-80.34453,US
Cross Lanes,38.42037,-81.79068,US
Dunbar,38.36065,-81.73735,US
Elkins,38.92594,-79.84673,US
Fairmont,39.48508,-80.14258,US
Grafton,39.34092,-80.01897,US
Huntington,38.41925,-82.44515,US
Hurricane,38.43259,-82.02014,US
Keyser,39.44093,-78.97392,US
Martinsburg,39.45621,-77.96389,US
Morgantown,39.62953,-79.9559,US
Moundsville,39.92035,-80.74314,US
New Martinsville,39.64452,-80.8576,US
Nitro,38.41481,-81.84402,US
Oak Hill,37.97233,-81.14871,US
Parkersburg,39.26674,-81.56151,US
Pea Ridge,38.41397,-82.31987,US
Princeton,37.36623,-81.10259,US
Saint Albans,38.38565,-81.83624,US
South Charleston,38.36843,-81.69957,US
Teays Valley,38.45009,-81.9293,US
Vienna,39.32702,-81.54846,US
Sherwood,34.81509,-92.22432,US
Franklin,39.48061,-86.05499,US
Mount Vernon,39.29761,-76.6158,US
Chillicothe,39.33312,-82.9824,US
Bay City,28.98276,-95.9694,US
Alabaster,33.24428,-86.81638,US
Albertville,34.26783,-86.20878,US
Alexander City,32.94401,-85.95385,US
Andalusia,31.30808,-86.48243,US
Anniston,33.65983,-85.83163,US
Arab,34.31815,-86.49582,US
Athens,34.80243,-86.97219,US
Atmore,31.02379,-87.49387,US
Attalla,34.02176,-86.08859,US
Auburn,32.60986,-85.48078,US
Cos Cob,41.03343,-73.59957,US
Canton,40.55809,-90.03512,US
Glendale Heights,41.9146,-88.06486,US
Cromwell,41.5951,-72.64537,US
East Falmouth,41.57844,-70.55864,US
North Andover,42.6987,-71.13506,US
Revere,42.40843,-71.01199,US
Danbury,41.39482,-73.45401,US
Darien,41.07871,-73.46929,US
Rockland,44.10369,-69.10893,US
Inkster,42.2942,-83.30993,US
Derby,41.32065,-73.089,US
Yardville,40.18122,-74.66432,US
Watervliet,42.73008,-73.70123,US
Cleveland Heights,41.52005,-81.55624,US
East Haddam,41.45315,-72.4612,US
East Hartford,41.78232,-72.61203,US
East Haven,41.27621,-72.86843,US
Carnegie,40.40868,-80.08339,US
East Norwalk,41.10565,-73.39845,US
Roxborough,40.03817,-75.2224,US
Easton,41.25287,-73.29734,US
Ellington,41.90399,-72.46981,US
Enfield,41.97621,-72.59176,US
Fairfield,41.14121,-73.26373,US
Farmington,41.71982,-72.83204,US
Glastonbury,41.71232,-72.60815,US
Glastonbury Center,41.70093,-72.59953,US
Greenwich,41.02649,-73.62846,US
Groton,41.3501,-72.07841,US
Guilford,41.28899,-72.68176,US
Hamden,41.39593,-72.89677,US
Hartford,41.76371,-72.68509,US
Hebron,41.65788,-72.36592,US
Kensington,41.63538,-72.76871,US
Killingly Center,41.83871,-71.86924,US
Killingworth,41.35815,-72.5637,US
Ledyard,41.43982,-72.01424,US
Madison,41.27954,-72.59843,US
Manchester,41.77593,-72.52148,US
Mansfield City,41.76593,-72.23369,US
Meriden,41.53815,-72.80704,US
Middlebury,41.52787,-73.12761,US
Middletown,41.56232,-72.65065,US
Milford,41.22232,-73.0565,US
Montville Center,41.47899,-72.15119,US
Naugatuck,41.48593,-73.05066,US
New Britain,41.66121,-72.77954,US
New Canaan,41.14676,-73.49484,US
New Fairfield,41.46648,-73.48568,US
New Haven,41.30815,-72.92816,US
New London,41.35565,-72.09952,US
New Milford,41.57704,-73.40845,US
Newington,41.69788,-72.72371,US
North Branford,41.3276,-72.76732,US
North Haven,41.39093,-72.85954,US
North Stamford,41.13815,-73.54346,US
Norwalk,41.1176,-73.4079,US
Norwich,41.52426,-72.07591,US
Oakville,41.59343,-73.08539,US
Old Greenwich,41.02287,-73.56485,US
Old Saybrook,41.29177,-72.3762,US
Orange,41.27843,-73.02566,US
Oxford,41.43399,-73.11678,US
Pawcatuck,41.37732,-71.83368,US
Plainfield,41.67649,-71.91507,US
Plainville,41.67454,-72.85816,US
Plymouth,41.67204,-73.05289,US
Portland,41.57288,-72.64065,US
Prospect,41.50232,-72.97872,US
Putnam,41.9151,-71.90896,US
Ridgefield,41.28148,-73.49818,US
Riverside,41.03371,-73.57818,US
Rockville,41.86676,-72.44953,US
Seymour,41.39676,-73.07594,US
Shelton,41.31649,-73.09316,US
Sherwood Manor,42.01343,-72.56425,US
South Windsor,41.82371,-72.6212,US
Southbury,41.48148,-73.21317,US
Southington,41.59649,-72.8776,US
Southwood Acres,41.9626,-72.57148,US
Stafford,41.98482,-72.28897,US
Stamford,41.05343,-73.53873,US
Storrs,41.80843,-72.24952,US
Stratford,41.18454,-73.13317,US
Terryville,41.67815,-73.01094,US
Thompson,41.95871,-71.86257,US
Thompsonville,41.99704,-72.59898,US
Tolland,41.87149,-72.36869,US
Torrington,41.80065,-73.12122,US
Trumbull,41.24287,-73.20067,US
Wallingford,41.45704,-72.82316,US
Waterbury,41.55815,-73.0515,US
West Hartford,41.76204,-72.74204,US
West Haven,41.27065,-72.94705,US
West Torrington,41.81843,-73.14372,US
Westport,41.14149,-73.3579,US
Wethersfield,41.71427,-72.65259,US
Willimantic,41.71065,-72.20813,US
Wilton,41.19537,-73.4379,US
Winchester Center,41.9001,-73.13483,US
Windham,41.69982,-72.15702,US
Windsor,41.8526,-72.6437,US
Windsor Locks,41.92926,-72.62731,US
Winsted,41.92121,-73.06011,US
Wolcott,41.60232,-72.98677,US
Woodbridge,41.3526,-73.00844,US
Woodbury,41.54454,-73.209,US
Algona,43.06997,-94.23302,US
Altoona,41.64416,-93.46466,US
Ames,42.03471,-93.61994,US
Anamosa,42.10834,-91.28516,US
Ankeny,41.72971,-93.60577,US
Asbury,42.51445,-90.75152,US
Atlantic,41.4036,-95.01388,US
Bettendorf,41.52448,-90.51569,US
Boone,42.0597,-93.88023,US
Burlington,40.80754,-91.11292,US
Carroll,42.06582,-94.86693,US
Cedar Falls,42.52776,-92.44547,US
Cedar Rapids,42.00833,-91.64407,US
Centerville,40.73418,-92.87409,US
Centerville,42.09276,-93.93551,US
Charles City,43.06636,-92.67241,US
Cherokee,42.74943,-95.55167,US
Clarinda,40.73981,-95.038,US
Clear Lake,43.13802,-93.37937,US
Clinton,41.84447,-90.18874,US
Clive,41.60304,-93.72411,US
Coralville,41.6764,-91.58045,US
Council Bluffs,41.26194,-95.86083,US
Creston,41.0586,-94.36135,US
Davenport,41.52364,-90.57764,US
De Witt,41.82336,-90.53819,US
Decorah,43.30331,-91.78571,US
Denison,42.01777,-95.35528,US
Des Moines,41.60054,-93.60911,US
Dubuque,42.50056,-90.66457,US
Eldridge,41.65809,-90.58458,US
Estherville,43.40163,-94.83276,US
Fairfield,41.00863,-91.96267,US
Fort Dodge,42.49747,-94.16802,US
Fort Madison,40.62976,-91.31515,US
Glenwood,41.04694,-95.74251,US
Grimes,41.68832,-93.79106,US
Grinnell,41.74305,-92.72241,US
Harlan,41.65304,-95.32555,US
Hiawatha,42.03583,-91.68212,US
Independence,42.4686,-91.88934,US
Indianola,41.35805,-93.55744,US
Iowa City,41.66113,-91.53017,US
Iowa Falls,42.52248,-93.25131,US
Johnston,41.67304,-93.69772,US
Keokuk,40.39727,-91.38487,US
Knoxville,41.32083,-93.10937,US
Le Mars,42.79416,-96.16558,US
Manchester,42.48415,-91.45543,US
Maquoketa,42.06891,-90.66569,US
Marion,42.03417,-91.59768,US
Marshalltown,42.04943,-92.90798,US
Mason City,43.15357,-93.20104,US
Mount Pleasant,40.96364,-91.55794,US
Muscatine,41.42447,-91.04321,US
Nevada,42.02277,-93.45243,US
Newton,41.69971,-93.04798,US
North Liberty,41.74918,-91.59795,US
Norwalk,41.47555,-93.67883,US
Oelwein,42.67332,-91.9135,US
Orange City,43.00721,-96.05835,US
Oskaloosa,41.29639,-92.64436,US
Ottumwa,41.02001,-92.4113,US
Pella,41.40805,-92.91631,US
Perry,41.8386,-94.10718,US
Pleasant Hill,41.58388,-93.51994,US
Red Oak,41.00972,-95.22555,US
Sheldon,43.18109,-95.85613,US
Shenandoah,40.76555,-95.37221,US
Sioux Center,43.07971,-96.17558,US
Sioux City,42.49999,-96.40031,US
Spencer,43.14136,-95.14444,US
Spirit Lake,43.42218,-95.10222,US
Storm Lake,42.64109,-95.20972,US
Urbandale,41.62666,-93.71217,US
Vinton,42.16861,-92.02351,US
Washington,41.29918,-91.69294,US
Waterloo,42.49276,-92.34296,US
Waukee,41.61166,-93.88523,US
Waverly,42.72581,-92.47546,US
Webster City,42.46942,-93.81605,US
West Des Moines,41.57721,-93.71133,US
Winterset,41.33082,-94.01384,US
Addison,41.9317,-87.98896,US
Albany Park,41.96836,-87.72339,US
Algonquin,42.16558,-88.29425,US
Alsip,41.66892,-87.73866,US
Antioch,42.47724,-88.09564,US
Arlington Heights,42.08836,-87.98063,US
Ashburn,41.74753,-87.71116,US
Aurora,41.76058,-88.32007,US
Avondale,41.93892,-87.71117,US
Barrington,42.15391,-88.13619,US
Bartlett,41.99503,-88.18563,US
Bartonville,40.65032,-89.65205,US
Batavia,41.85003,-88.31257,US
Beach Park,42.42224,-87.8573,US
Beardstown,40.01755,-90.42429,US
Bellwood,41.88142,-87.88312,US
Belmont Cragin,41.9317,-87.76867,US
Belvidere,42.26391,-88.84427,US
Bensenville,41.95503,-87.94007,US
Berkeley,41.88892,-87.9034,US
Berwyn,41.85059,-87.79367,US
Bloomingdale,41.95753,-88.0809,US
Bloomington,40.4842,-88.99369,US
Blue Island,41.65726,-87.68005,US
Bolingbrook,41.69864,-88.0684,US
Boulder Hill,41.71253,-88.33618,US
Bourbonnais,41.15376,-87.88754,US
Bradley,41.14198,-87.86115,US
Braidwood,41.26503,-88.21228,US
Bridgeport,41.83809,-87.65116,US
Bridgeview,41.75003,-87.80422,US
Brighton Park,41.81892,-87.69894,US
Broadview,41.86392,-87.85339,US
Brookfield,41.82392,-87.85173,US
Buffalo Grove,42.15141,-87.95979,US
Burbank,41.73392,-87.7795,US
Burr Ridge,41.74892,-87.91839,US
Calumet City,41.61559,-87.52949,US
Calumet Park,41.66281,-87.6606,US
Carol Stream,41.91253,-88.13479,US
Carpentersville,42.12114,-88.25786,US
Cary,42.21197,-88.23814,US
Champaign,40.11642,-88.24338,US
Channahon,41.42948,-88.22867,US
Chatham,41.74115,-87.61255,US
Chicago,41.85003,-87.65005,US
Chicago Heights,41.50615,-87.6356,US
Chicago Lawn,41.77503,-87.69644,US
Chicago Ridge,41.70142,-87.77922,US
Chillicothe,40.92226,-89.4862,US
Cicero,41.84559,-87.75394,US
Clarendon Hills,41.79753,-87.95478,US
Clinton,40.15365,-88.96453,US
Coal City,41.28781,-88.28562,US
Colona,41.48392,-90.35318,US
Country Club Hills,41.56809,-87.72033,US
Countryside,41.78281,-87.87811,US
Crest Hill,41.55475,-88.09867,US
Crestwood,41.64463,-87.74154,US
Crete,41.44448,-87.63143,US
Creve Coeur,40.64726,-89.59121,US
Crystal Lake,42.24113,-88.3162,US
Danville,40.12448,-87.63002,US
Darien,41.75198,-87.97395,US
DeKalb,41.92947,-88.75036,US
Deerfield,42.17114,-87.84451,US
Des Plaines,42.03336,-87.8834,US
Dixon,41.83892,-89.47955,US
Dolton,41.63892,-87.60727,US
Douglas,41.83476,-87.61811,US
Downers Grove,41.80892,-88.01117,US
East Garfield Park,41.88087,-87.70283,US
East Moline,41.50087,-90.4443,US
East Peoria,40.66615,-89.5801,US
Edgewater,41.98337,-87.66395,US
Elburn,41.89225,-88.4723,US
Elgin,42.03725,-88.28119,US
Elk Grove Village,42.00392,-87.97035,US
Elmhurst,41.89947,-87.94034,US
Elmwood Park,41.92114,-87.80923,US
Englewood,41.77976,-87.64588,US
Eureka,40.72143,-89.27286,US
Evanston,42.04114,-87.69006,US
Evergreen Park,41.72059,-87.70172,US
Fairfield,42.21919,-88.06147,US
Flossmoor,41.54281,-87.68477,US
Forest Park,41.87948,-87.81367,US
Fox Lake,42.39669,-88.1837,US
Frankfort,41.49587,-87.84866,US
Frankfort Square,41.51892,-87.8031,US
Franklin Park,41.93531,-87.86562,US
Freeport,42.29669,-89.62123,US
Gage Park,41.79503,-87.69616,US
Gages Lake,42.35169,-87.98258,US
Galesburg,40.94782,-90.37124,US
Geneseo,41.44809,-90.15428,US
Geneva,41.88753,-88.30535,US
Genoa,42.09725,-88.69287,US
Gilberts,42.10336,-88.37286,US
Glen Ellyn,41.87753,-88.06701,US
Glenview,42.06975,-87.78784,US
Glenwood,41.54253,-87.60227,US
Goodings Grove,41.6292,-87.93089,US
Glencoe,42.13503,-87.75812,US
Grand Boulevard,41.81392,-87.61727,US
Grandwood Park,42.39308,-87.98674,US
Grayslake,42.34447,-88.04175,US
Gurnee,42.3703,-87.90202,US
Hampshire,42.0978,-88.53036,US
Hanover Park,41.99947,-88.14507,US
Harvard,42.42224,-88.61371,US
Harvey,41.61003,-87.64671,US
Harwood Heights,41.96725,-87.80756,US
Hawthorn Woods,42.21697,-88.04952,US
Hazel Crest,41.5717,-87.69449,US
Hickory Hills,41.72559,-87.82506,US
Highland Park,42.18169,-87.80034,US
Highwood,42.19975,-87.80923,US
Hillside,41.87781,-87.90284,US
Hinsdale,41.80086,-87.93701,US
Hoffman Estates,42.04281,-88.0798,US
Homer Glen,41.60003,-87.93811,US
Homewood,41.55726,-87.6656,US
Hoopeston,40.46726,-87.66836,US
Huntley,42.16808,-88.42814,US
Hyde Park,41.7942,-87.59394,US
Inverness,42.11808,-88.09619,US
Irving Park,41.95336,-87.73645,US
Island Lake,42.27613,-88.19203,US
Itasca,41.97503,-88.00729,US
Johnsburg,42.38002,-88.24203,US
Joliet,41.52519,-88.0834,US
Justice,41.74448,-87.83783,US
Kankakee,41.12003,-87.86115,US
Kenwood,41.8092,-87.59755,US
Kewanee,41.24559,-89.92483,US
La Grange,41.80503,-87.86923,US
La Grange Park,41.83475,-87.86173,US
La Salle,41.33337,-89.09175,US
Lake Bluff,42.27891,-87.83424,US
Lake Forest,42.25863,-87.84063,US
Lake Villa,42.41697,-88.07397,US
Lake Zurich,42.19697,-88.09341,US
Lake in the Hills,42.18169,-88.33036,US
Lakemoor,42.32863,-88.19897,US
Lansing,41.56476,-87.53893,US
Lemont,41.67364,-88.00173,US
Libertyville,42.28308,-87.95313,US
Lincoln,40.14838,-89.36482,US
Lincoln Park,41.9217,-87.64783,US
Lincoln Square,41.97587,-87.68922,US
Lincolnshire,42.19002,-87.9084,US
Lincolnwood,42.00448,-87.73006,US
Lindenhurst,42.41058,-88.02619,US
Lisle,41.80114,-88.07479,US
Lockport,41.58948,-88.05784,US
Logan Square,41.92337,-87.69922,US
Lombard,41.88003,-88.00784,US
Long Grove,42.17836,-87.99785,US
Loves Park,42.32002,-89.05816,US
Lower West Side,41.8542,-87.66561,US
Lynwood,41.52642,-87.53865,US
Lynwood,41.68364,-88.39368,US
Lyons,41.81337,-87.81811,US
Machesney Park,42.34724,-89.039,US
Macomb,40.45921,-90.6718,US
Mahomet,40.19531,-88.40422,US
Manhattan,41.42253,-87.98589,US
Manteno,41.25059,-87.83143,US
Marengo,42.24863,-88.60843,US
Markham,41.59365,-87.69477,US
Matteson,41.50392,-87.7131,US
Maywood,41.8792,-87.84312,US
McHenry,42.33335,-88.26675,US
McKinley Park,41.8317,-87.67366,US
Melrose Park,41.90059,-87.85673,US
Mendota,41.54725,-89.11759,US
Midlothian,41.62531,-87.71755,US
Milan,41.45309,-90.57208,US
Minooka,41.45531,-88.26173,US
Mokena,41.52614,-87.88922,US
Moline,41.5067,-90.51513,US
Monee,41.42003,-87.74171,US
Monmouth,40.91143,-90.64736,US
Montgomery,41.73058,-88.3459,US
Monticello,40.02781,-88.5734,US
Morgan Park,41.69031,-87.66672,US
Morris,41.35725,-88.42118,US
Morton,40.61282,-89.45926,US
Morton Grove,42.04059,-87.78256,US
Mount Greenwood,41.69809,-87.70866,US
Mount Prospect,42.06642,-87.93729,US
Mundelein,42.26308,-88.00397,US
Naperville,41.78586,-88.14729,US
Near North Side,41.90003,-87.6345,US
Near South Side,41.8567,-87.62477,US
New City,41.80753,-87.65644,US
New Lenox,41.51198,-87.96561,US
Niles,42.01892,-87.80284,US
Normal,40.5142,-88.99063,US
Norridge,41.96336,-87.82728,US
North Aurora,41.80614,-88.3273,US
North Center,41.95392,-87.67895,US
North Chicago,42.32558,-87.84118,US
North Lawndale,41.86003,-87.71839,US
North Peoria,40.71754,-89.58426,US
North Riverside,41.84281,-87.82311,US
Northbrook,42.12753,-87.82895,US
Northfield,42.09975,-87.7809,US
Northlake,41.91725,-87.89562,US
Oak Brook,41.83281,-87.92895,US
Oak Forest,41.60281,-87.74394,US
Oak Lawn,41.71087,-87.75811,US
Oak Park,41.88503,-87.7845,US
Orland Hills,41.58531,-87.84311,US
Orland Park,41.63031,-87.85394,US
Oswego,41.68281,-88.35146,US
Ottawa,41.34559,-88.84258,US
Palatine,42.1103,-88.03424,US
Palos Heights,41.66809,-87.79644,US
Palos Hills,41.6967,-87.817,US
Park City,42.34836,-87.88424,US
Park Forest,41.49142,-87.67449,US
Park Ridge,42.01114,-87.84062,US
Pekin,40.56754,-89.64066,US
Peoria,40.69365,-89.58899,US
Peoria Heights,40.74726,-89.57398,US
Peru,41.32753,-89.12897,US
Pingree Grove,42.06864,-88.41342,US
Plainfield,41.62697,-88.20395,US
Plano,41.66281,-88.53702,US
Pontiac,40.88087,-88.62978,US
Poplar Grove,42.36835,-88.82205,US
Portage Park,41.95781,-87.76506,US
Posen,41.6317,-87.68144,US
Princeton,41.36809,-89.46481,US
Prospect Heights,42.0953,-87.93757,US
Rantoul,40.30837,-88.15588,US
Richton Park,41.48448,-87.70338,US
River Forest,41.89781,-87.81395,US
River Grove,41.92586,-87.83589,US
Riverdale,41.63337,-87.6331,US
Riverside,41.83503,-87.82284,US
Robbins,41.64392,-87.70366,US
Rochelle,41.92392,-89.06871,US
Rock Falls,41.77975,-89.689,US
Rock Island,41.50948,-90.57875,US
Rockford,42.27113,-89.094,US
Rockton,42.45252,-89.07233,US
Rogers Park,42.00864,-87.66672,US
Rolling Meadows,42.08419,-88.01313,US
Romeoville,41.64753,-88.08951,US
Roscoe,42.41335,-89.00927,US
Roselle,41.98475,-88.07979,US
Round Lake,42.35336,-88.09341,US
Round Lake Beach,42.37169,-88.09008,US
Round Lake Park,42.35697,-88.07675,US
St. Charles,41.91419,-88.30869,US
Sandwich,41.64586,-88.62174,US
Sauk Village,41.48837,-87.56754,US
Savoy,40.05475,-88.25172,US
Schaumburg,42.03336,-88.08341,US
Schiller Park,41.95586,-87.8709,US
Shorewood,41.52003,-88.20173,US
Silvis,41.51226,-90.41513,US
Skokie,42.03336,-87.73339,US
South Beloit,42.49307,-89.03678,US
South Chicago,41.73977,-87.55425,US
South Elgin,41.99419,-88.2923,US
South Holland,41.60087,-87.60699,US
South Lawndale,41.84364,-87.71255,US
South Shore,41.76198,-87.57783,US
Spring Grove,42.44363,-88.23648,US
Spring Valley,41.32754,-89.19981,US
Steger,41.47003,-87.63643,US
Sterling,41.78864,-89.69622,US
Stickney,41.82142,-87.78283,US
Streamwood,42.02558,-88.17841,US
Streator,41.12087,-88.83535,US
Sugar Grove,41.76142,-88.44369,US
Summit,41.78809,-87.81033,US
Sycamore,41.98892,-88.68675,US
Tinley Park,41.57337,-87.78449,US
Uptown,41.9659,-87.65262,US
Urbana,40.11059,-88.20727,US
Vernon Hills,42.21947,-87.97952,US
Villa Park,41.88975,-87.98895,US
Warrenville,41.81781,-88.1734,US
Wasco,41.93808,-88.40452,US
Washington,40.70365,-89.40731,US
Watseka,40.77615,-87.73642,US
Wauconda,42.25891,-88.13925,US
Waukegan,42.36363,-87.84479,US
West Chicago,41.88475,-88.20396,US
West Dundee,42.09808,-88.28286,US
West Elsdon,41.79392,-87.7245,US
West Englewood,41.77809,-87.66672,US
West Garfield Park,41.88059,-87.72922,US
West Lawn,41.77281,-87.72227,US
West Ridge,41.99975,-87.69284,US
West Town,41.89381,-87.67493,US
Westchester,41.85059,-87.882,US
Western Springs,41.80975,-87.90062,US
Westmont,41.79586,-87.97562,US
Wheaton,41.86614,-88.10701,US
Wheeling,42.13919,-87.92896,US
Willow Springs,41.74087,-87.86033,US
Willowbrook,41.76975,-87.93589,US
Wilmette,42.07225,-87.72284,US
Wilmington,41.30781,-88.14672,US
Winfield,41.8617,-88.1609,US
Winnetka,42.10808,-87.7359,US
Winthrop Harbor,42.47891,-87.82368,US
Wood Dale,41.96336,-87.97896,US
Woodlawn,41.77948,-87.59949,US
Woodridge,41.74697,-88.05034,US
Woodstock,42.31474,-88.4487,US
Worth,41.68975,-87.79728,US
Yorkville,41.64114,-88.44729,US
Zion,42.44613,-87.83285,US
Alexandria,40.26282,-85.67581,US
Anderson,40.10532,-85.68025,US
Angola,41.63477,-84.99941,US
Auburn,41.36699,-85.05886,US
Bluffton,40.73866,-85.17164,US
Cedar Lake,41.36476,-87.44115,US
Chesterton,41.61059,-87.0642,US
Columbia City,41.15727,-85.48831,US
Crawfordsville,40.04115,-86.87445,US
Crown Point,41.41698,-87.36531,US
Decatur,40.8306,-84.92913,US
Dyer,41.4942,-87.52171,US
Dunlap,41.63783,-85.92166,US
East Chicago,41.6392,-87.45476,US
Elkhart,41.68199,-85.97667,US
Elwood,40.27698,-85.84192,US
Fort Wayne,41.1306,-85.12886,US
Frankfort,40.27948,-86.51084,US
Garrett,41.34949,-85.13553,US
Gary,41.59337,-87.34643,US
Gas City,40.48726,-85.61303,US
Goshen,41.58227,-85.83444,US
Granger,41.75338,-86.11084,US
Griffith,41.52837,-87.42365,US
Hammond,41.58337,-87.50004,US
Hartford City,40.45115,-85.36997,US
Highland,41.55365,-87.45198,US
Hobart,41.53226,-87.25504,US
Huntertown,41.22838,-85.17247,US
Huntington,40.8831,-85.49748,US
Kendallville,41.44144,-85.26498,US
Kokomo,40.48643,-86.1336,US
Lafayette,40.4167,-86.87529,US
Lake Station,41.57504,-87.23892,US
Lakes of the Four Seasons,41.41032,-87.21309,US
Lebanon,40.04837,-86.46917,US
Logansport,40.75448,-86.35667,US
Lowell,41.29142,-87.42059,US
Marion,40.55837,-85.65914,US
Merrillville,41.48281,-87.33281,US
Michigan City,41.70754,-86.89503,US
Mishawaka,41.66199,-86.15862,US
Monticello,40.74532,-86.76473,US
Mount Vernon,40.66949,-85.82415,US
Muncie,40.19338,-85.38636,US
Munster,41.56448,-87.51254,US
Nappanee,41.44283,-86.00139,US
New Haven,41.0706,-85.01441,US
Noblesville,40.04559,-86.0086,US
North Manchester,41.0006,-85.7686,US
Otis,41.59921,-86.90586,US
Peru,40.75365,-86.06888,US
Plymouth,41.34366,-86.30973,US
Portage,41.57587,-87.17615,US
Portland,40.43449,-84.97775,US
Rensselaer,40.9367,-87.15086,US
Rochester,41.06476,-86.21583,US
Saint John,41.45004,-87.47004,US
Schererville,41.47892,-87.45476,US
South Bend,41.68338,-86.25001,US
South Haven,41.54198,-87.13726,US
Tipton,40.28226,-86.0411,US
Valparaiso,41.47309,-87.06114,US
Wabash,40.79782,-85.82054,US
Warsaw,41.2381,-85.85305,US
West Lafayette,40.42587,-86.90807,US
Westfield,40.04282,-86.12749,US
Westville,41.54143,-86.90058,US
Winfield,41.40531,-87.27531,US
Yorktown,40.17365,-85.49414,US
Abington,42.10482,-70.94532,US
Acton,42.48509,-71.43284,US
Acushnet,41.68066,-70.90782,US
Adams,42.62425,-73.1176,US
Agawam,42.06954,-72.61481,US
Allston,42.35843,-71.12589,US
Amesbury,42.85842,-70.93005,US
Amherst,42.36723,-72.51852,US
Amherst Center,42.37537,-72.51925,US
Andover,42.65843,-71.137,US
Arlington,42.41537,-71.15644,US
Ashburnham,42.6362,-71.90785,US
Ashland,42.26121,-71.4634,US
Ashmont,42.28343,-71.06894,US
Athol,42.59592,-72.22675,US
Attleboro,41.94454,-71.28561,US
Auburn,42.19454,-71.83563,US
Auburndale,42.34732,-71.2495,US
Back Bay,42.3501,-71.087,US
Barnstable,41.70011,-70.29947,US
Beacon Hill,42.35871,-71.06783,US
Beaconsfield,42.33676,-71.14116,US
Bedford,42.49065,-71.27617,US
Bellevue,42.2876,-71.14533,US
Belmont,42.39593,-71.17867,US
Bemis,42.36871,-71.20367,US
Berkley,41.84593,-71.08282,US
Beverly,42.55843,-70.88005,US
Beverly Cove,42.55343,-70.85366,US
Billerica,42.55843,-71.26895,US
Blackstone,42.01788,-71.54117,US
Bliss Corner,41.61177,-70.93837,US
Boston,42.35843,-71.05977,US
Bridgewater,41.99038,-70.97504,US
Brighton,42.3501,-71.15644,US
Brockton,42.08343,-71.01838,US
Brookline,42.33176,-71.12116,US
Burlington,42.50482,-71.19561,US
Cambridge,42.3751,-71.10561,US
Cambridgeport,42.35843,-71.10366,US
Canton,42.15843,-71.14477,US
Carver,41.88344,-70.76254,US
Centerville,41.64872,-70.34808,US
Charlestown,42.37787,-71.062,US
Charlton,42.13565,-71.97007,US
Chelmsford,42.59981,-71.36728,US
Chelsea,42.39176,-71.03283,US
Chestnut Hill,42.33065,-71.16616,US
Chicopee,42.1487,-72.60787,US
Clarendon Hills,42.2751,-71.1245,US
Clinton,42.41676,-71.68285,US
Cochituate,42.32093,-71.36423,US
Cohasset,42.24177,-70.80365,US
Concord,42.46037,-71.34895,US
Coolidge Corner,42.34593,-71.1245,US
Dalton,42.4737,-73.16621,US
Danvers,42.57509,-70.93005,US
Dedham,42.24177,-71.16616,US
Dighton,41.81399,-71.12032,US
Dorchester,42.29732,-71.0745,US
Douglas,42.05426,-71.73951,US
Dracut,42.67037,-71.30201,US
Dudley,42.0451,-71.93007,US
Duxbury,42.04177,-70.67226,US
East Boston,42.3751,-71.03922,US
East Bridgewater,42.03343,-70.95921,US
East Cambridge,42.36676,-71.08005,US
East Longmeadow,42.06454,-72.51259,US
East Somerville,42.38673,-71.0839,US
Eastham,41.83011,-69.97391,US
Easthampton,42.26676,-72.66898,US
Easton,42.02454,-71.12866,US
Everett,42.40843,-71.05366,US
Fairhaven,41.6376,-70.90365,US
Fairmount,42.25149,-71.11477,US
Fall River,41.70149,-71.15505,US
Fitchburg,42.58342,-71.8023,US
Foxborough,42.06538,-71.24783,US
Framingham,42.27926,-71.41617,US
Framingham Center,42.29732,-71.43701,US
Franklin,42.08343,-71.39673,US
Freetown,41.76677,-71.03282,US
Gardner,42.57509,-71.99813,US
Gloucester,42.61405,-70.66313,US
Grafton,42.20704,-71.68562,US
Great Barrington,42.19592,-73.36206,US
Greenfield,42.58759,-72.59953,US
Grove Hall,42.31121,-71.0745,US
Groveland,42.76037,-71.03145,US
Halifax,41.99121,-70.86199,US
Hamilton Worcester,42.2562,-71.76757,US
Hampden,42.06398,-72.41342,US
Hanson,42.0751,-70.88004,US
Hanover,42.11316,-70.81199,US
Harvard,42.50009,-71.58284,US
Harwich,41.68622,-70.07585,US
Haverhill,42.7762,-71.07728,US
Head of Westport,41.62094,-71.06199,US
Highland,42.28538,-71.15672,US
Hingham,42.24177,-70.88977,US
Holbrook,42.1551,-71.00866,US
Holden,42.35176,-71.86341,US
Holliston,42.2001,-71.4245,US
Holyoke,42.20426,-72.6162,US
Hudson,42.39176,-71.56618,US
Hull,42.30204,-70.90782,US
Hyannis,41.65289,-70.2828,US
Hyde Park,42.25565,-71.1245,US
Jamaica Plain,42.30982,-71.12033,US
Jeffries Point,42.36538,-71.03283,US
Kingston,41.99455,-70.72448,US
Lancaster,42.45565,-71.67312,US
Lawrence,42.70704,-71.16311,US
Leicester,42.24593,-71.90868,US
Leominster,42.52509,-71.75979,US
Lexington,42.44732,-71.2245,US
Lincoln,42.42593,-71.30395,US
Longmeadow,42.0501,-72.58287,US
Lowell,42.63342,-71.31617,US
Ludlow,42.16009,-72.47592,US
Lynn,42.46676,-70.94949,US
Lynnfield,42.53898,-71.04811,US
Malden,42.4251,-71.06616,US
Manchester-by-the-Sea,42.57787,-70.76894,US
Mansfield,42.03343,-71.21894,US
Marblehead,42.5001,-70.85783,US
Marion,41.7001,-70.76281,US
Marlborough,42.34593,-71.55229,US
Marstons Mills,41.65622,-70.41614,US
Mashpee,41.64844,-70.48114,US
Mattapan,42.27232,-71.087,US
Mattapoisett,41.65844,-70.81615,US
Maynard,42.43343,-71.44951,US
Medfield,42.1876,-71.30645,US
Medford,42.41843,-71.10616,US
Medway,42.14176,-71.39673,US
Melrose,42.45843,-71.06616,US
Mendon,42.10565,-71.55229,US
Merrimac,42.83065,-71.00228,US
Methuen,42.7262,-71.19089,US
Middleborough,41.89316,-70.91115,US
Middleton,42.59509,-71.01616,US
Milford,42.13982,-71.51617,US
Millbury,42.19398,-71.76007,US
Millis,42.1676,-71.35784,US
Milton,42.24954,-71.06616,US
Milton Center,42.25427,-71.08005,US
Milton Upper Mills,42.26121,-71.09533,US
Milton Village,42.26677,-71.07172,US
Monson,42.10426,-72.31897,US
Montague,42.53564,-72.53509,US
Nantucket,41.28346,-70.09946,US
Natick,42.28343,-71.3495,US
Needham,42.28343,-71.23283,US
New Bedford,41.63526,-70.92701,US
Newburyport,42.81259,-70.87728,US
Newton,42.33704,-71.20922,US
Newton Corner,42.36121,-71.19533,US
Newton Highlands,42.32093,-71.1995,US
Newton Upper Falls,42.31399,-71.2195,US
Newtonville,42.3501,-71.20367,US
Nonantum,42.3626,-71.20228,US
Norfolk,42.11954,-71.32506,US
North Adams,42.70092,-73.10871,US
North Amherst,42.41037,-72.53092,US
North Brighton,42.35843,-71.13839,US
North Chicopee,42.18343,-72.59953,US
North End,42.3651,-71.0545,US
North Reading,42.57509,-71.07867,US
North Scituate,42.21899,-70.7856,US
Northampton,42.32509,-72.6412,US
Northborough,42.31954,-71.64118,US
Northbridge,42.15148,-71.64951,US
Norton,41.96677,-71.18699,US
Norwell,42.16177,-70.79393,US
Norwood,42.19454,-71.1995,US
Oak Hill Park,42.29454,-71.18561,US
Orient Heights,42.3876,-71.00366,US
Oxford,42.11676,-71.86479,US
Palmer,42.15843,-72.32869,US
Peabody,42.52787,-70.92866,US
Pinehurst,42.52926,-71.22811,US
Pittsfield,42.45008,-73.24538,US
Plainville,42.00427,-71.33283,US
Plymouth,41.95844,-70.66726,US
Quincy,42.25288,-71.00227,US
Randolph,42.1626,-71.04116,US
Raynham,41.94871,-71.0731,US
Reading,42.52565,-71.09533,US
Readville,42.24038,-71.137,US
Rehoboth,41.84038,-71.24949,US
Reservoir,42.33482,-71.14839,US
Rockland,42.13066,-70.91616,US
Roslindale,42.29121,-71.1245,US
Roxbury Crossing,42.33065,-71.09116,US
Salem,42.51977,-70.89552,US
Saugus,42.46482,-71.01005,US
Savin Hill,42.3126,-71.05783,US
Scituate,42.19593,-70.72587,US
Seekonk,41.80843,-71.337,US
Sharon,42.12371,-71.17866,US
Shrewsbury,42.29593,-71.71285,US
Somerset,41.76955,-71.12866,US
Somerville,42.3876,-71.0995,US
South Boston,42.33343,-71.04949,US
South Hadley,42.25842,-72.57453,US
South Peabody,42.50982,-70.94949,US
South Yarmouth,41.66678,-70.18474,US
Southampton,42.22926,-72.73009,US
Southborough,42.30565,-71.52451,US
Southbridge,42.0751,-72.03341,US
Southwick,42.05482,-72.77037,US
Spencer,42.24398,-71.9923,US
Spring Hill,42.38591,-71.10927,US
Springfield,42.10148,-72.58981,US
Sterling,42.43759,-71.76063,US
Stoneham,42.4801,-71.0995,US
Stoughton,42.1251,-71.10227,US
Stow,42.43704,-71.50562,US
Sudbury,42.38343,-71.41617,US
Suffolk Downs Station,42.38982,-70.99783,US
Sutton,42.1501,-71.76285,US
Swampscott,42.47093,-70.91755,US
Swansea,41.74816,-71.18977,US
Taunton,41.9001,-71.08977,US
Templeton,42.55564,-72.06758,US
Ten Hills,42.39676,-71.087,US
Tewksbury,42.61065,-71.23422,US
Tyngsboro,42.67676,-71.42451,US
Uxbridge,42.07732,-71.62951,US
Wakefield,42.50648,-71.07283,US
Walpole,42.14177,-71.2495,US
Waltham,42.37649,-71.23561,US
Ware,42.25981,-72.2398,US
Watertown,42.37093,-71.18283,US
Wayland,42.3626,-71.36145,US
Webster,42.0501,-71.88007,US
Wellesley,42.29649,-71.29256,US
West Boylston,42.36676,-71.78563,US
West Bridgewater,42.01899,-71.00782,US
West Concord,42.45843,-71.39534,US
West Newton,42.3501,-71.23283,US
West Somerville/Davis Square,42.39593,-71.12255,US
West Springfield,42.10704,-72.62037,US
West Roxbury,42.27926,-71.1495,US
West Yarmouth,41.65011,-70.24113,US
Westfield,42.12509,-72.74954,US
Westford,42.57926,-71.43784,US
Westminster,42.54592,-71.91063,US
Weston,42.36676,-71.30311,US
Westwood,42.21399,-71.2245,US
Weymouth,42.22093,-70.93977,US
Whitinsville,42.11121,-71.66618,US
Whitman,42.08066,-70.9356,US
Wilmington,42.54648,-71.17367,US
Winchester,42.45232,-71.137,US
Winter Hill,42.39593,-71.09894,US
Winthrop,42.3751,-70.98283,US
Woburn,42.47926,-71.15228,US
Worcester,42.26259,-71.80229,US
Wrentham,42.06677,-71.32811,US
Yarmouth,41.70567,-70.22863,US
Yarmouth Port,41.70205,-70.24947,US
Auburn,44.09785,-70.23117,US
Augusta,44.31062,-69.77949,US
Bangor,44.79884,-68.77265,US
Bath,43.91064,-69.8206,US
Belfast,44.42591,-69.00642,US
Biddeford,43.49258,-70.45338,US
Brewer,44.79674,-68.76142,US
Brunswick,43.91452,-69.96533,US
Buxton,43.63786,-70.51894,US
Caribou,46.8606,-68.01197,US
Eliot,43.15314,-70.80006,US
Ellsworth,44.54341,-68.41946,US
Gardiner,44.23007,-69.77532,US
Gorham,43.67952,-70.44422,US
Harpswell Center,43.80175,-69.98421,US
Houlton,46.12616,-67.8403,US
Kennebunk,43.38397,-70.54478,US
Lebanon,43.39453,-70.85089,US
Lewiston,44.10035,-70.21478,US
Lisbon,44.03146,-70.1045,US
New Gloucester,43.96285,-70.28255,US
North Bath,43.9348,-69.81588,US
Old Orchard Beach,43.51731,-70.37755,US
Old Town,44.93423,-68.64531,US
Orono,44.88312,-68.67198,US
Paris,44.25979,-70.50062,US
Poland,44.06063,-70.39367,US
Portland,43.65737,-70.2589,US
Presque Isle,46.68115,-68.01586,US
Saco,43.50092,-70.44283,US
Sanford,43.43925,-70.77422,US
Skowhegan,44.76506,-69.71922,US
South Berwick,43.23453,-70.8095,US
South Portland,43.64147,-70.24088,US
South Portland Gardens,43.63897,-70.31533,US
Topsham,43.92758,-69.97588,US
Turner,44.25646,-70.25617,US
Waterboro,43.53564,-70.71506,US
Waterville,44.55201,-69.63171,US
Wells Beach Station,43.32397,-70.59144,US
West Scarborough,43.57036,-70.38783,US
Westbrook,43.67703,-70.37116,US
Winslow,44.54701,-69.62116,US
Yarmouth,43.80064,-70.18672,US
York Beach,43.17148,-70.60894,US
Adrian,41.89755,-84.03717,US
Albion,42.2431,-84.75303,US
Allegan,42.5292,-85.8553,US
Allen Park,42.25754,-83.21104,US
Allendale,42.97225,-85.95365,US
Alma,43.37892,-84.65973,US
Alpena,45.06168,-83.43275,US
Ann Arbor,42.27756,-83.74088,US
Auburn Hills,42.68753,-83.2341,US
Battle Creek,42.3173,-85.17816,US
Bay City,43.59447,-83.88886,US
Beecher,43.09003,-83.6944,US
Belding,43.09781,-85.22891,US
Belmont,43.07558,-85.6092,US
Benton Harbor,42.11671,-86.45419,US
Berkley,42.50309,-83.18354,US
Beverly Hills,42.52392,-83.22326,US
Big Rapids,43.69808,-85.48366,US
Birmingham,42.5467,-83.21132,US
Bridgeport,43.35947,-83.88164,US
Brighton,42.52948,-83.78022,US
Buena Vista,43.4203,-83.89858,US
Burton,42.99947,-83.61634,US
Byron Center,42.81225,-85.72281,US
Cadillac,44.25195,-85.40116,US
Canton,42.30865,-83.48216,US
Carrollton,43.45864,-83.93025,US
Center Line,42.48504,-83.0277,US
Charlotte,42.56365,-84.83582,US
Chelsea,42.31807,-84.02181,US
Clawson,42.53337,-83.14632,US
Clinton Township,42.58698,-82.91992,US
Coldwater,41.94033,-85.00052,US
Comstock Park,43.03864,-85.67003,US
Cutlerville,42.84086,-85.66364,US
Dearborn,42.32226,-83.17631,US
Dearborn Heights,42.33698,-83.27326,US
Detroit,42.33143,-83.04575,US
Dowagiac,41.98421,-86.10862,US
East Grand Rapids,42.94114,-85.61003,US
East Lansing,42.73698,-84.48387,US
Eastpointe,42.46837,-82.95547,US
Eastwood,42.3031,-85.55028,US
Eaton Rapids,42.5092,-84.65581,US
Ecorse,42.24448,-83.14576,US
Escanaba,45.74525,-87.06458,US
Fair Plain,42.08699,-86.45586,US
Farmington,42.46448,-83.37632,US
Farmington Hills,42.48531,-83.37716,US
Fenton,42.79781,-83.70495,US
Ferndale,42.46059,-83.13465,US
Flat Rock,42.09643,-83.29187,US
Flint,43.01253,-83.68746,US
Flushing,43.06308,-83.85107,US
Forest Hills,42.95947,-85.48975,US
Frankenmuth,43.33169,-83.73802,US
Fraser,42.5392,-82.94937,US
Freeland,43.52503,-84.12276,US
Garden City,42.32559,-83.33104,US
Grand Blanc,42.92753,-83.62995,US
Grand Haven,43.06307,-86.22839,US
Grand Ledge,42.75337,-84.74638,US
Grand Rapids,42.96336,-85.66809,US
Grandville,42.90975,-85.76309,US
Greenville,43.17753,-85.2528,US
Grosse Ile,42.12921,-83.14437,US
Grosse Pointe,42.38615,-82.91186,US
Grosse Pointe Farms,42.4092,-82.89186,US
Grosse Pointe Park,42.37587,-82.93742,US
Grosse Pointe Woods,42.44365,-82.90686,US
Hamtramck,42.39282,-83.04964,US
Harper Woods,42.43309,-82.92408,US
Haslett,42.74698,-84.40108,US
Hastings,42.64587,-85.29084,US
Hazel Park,42.46254,-83.10409,US
Highland Park,42.40559,-83.09687,US
Hillsdale,41.92005,-84.63051,US
Holland,42.78752,-86.10893,US
Holly,42.79197,-83.62773,US
Holt,42.64059,-84.51525,US
Houghton,47.12187,-88.56901,US
Howell,42.60726,-83.9294,US
Hudsonville,42.87086,-85.86504,US
Huntington Woods,42.48059,-83.16687,US
Ionia,42.98725,-85.07112,US
Iron Mountain,45.82023,-88.06596,US
Ironwood,46.45467,-90.17101,US
Ishpeming,46.48855,-87.66764,US
Jackson,42.24587,-84.40135,US
Jenison,42.90725,-85.79198,US
Kalamazoo,42.29171,-85.58723,US
Kentwood,42.86947,-85.64475,US
Kingsford,45.79496,-88.07207,US
Lake Fenton,42.84614,-83.70773,US
Lambertville,41.76588,-83.62799,US
Lansing,42.73253,-84.55553,US
Lapeer,43.05142,-83.31883,US
Lincoln Park,42.25059,-83.17854,US
Livonia,42.36837,-83.35271,US
Ludington,43.95528,-86.45258,US
Madison Heights,42.48587,-83.1052,US
Manistee,44.24445,-86.32425,US
Marquette,46.54354,-87.39542,US
Marshall,42.27226,-84.96331,US
Marysville,42.91253,-82.48686,US
Mason,42.5792,-84.44358,US
Melvindale,42.28254,-83.1752,US
Menominee,45.10776,-87.61427,US
Midland,43.61558,-84.24721,US
Milan,42.08532,-83.68244,US
Milford,42.59364,-83.59939,US
Monroe,41.91643,-83.39771,US
Mount Clemens,42.59726,-82.87798,US
Mount Pleasant,43.59781,-84.76751,US
Muskegon,43.23418,-86.24839,US
Muskegon Heights,43.20113,-86.23895,US
New Baltimore,42.68114,-82.73686,US
New Haven,43.09364,-84.15331,US
Niles,41.82977,-86.25418,US
Northview,43.04558,-85.60059,US
Northville,42.43115,-83.48327,US
Norton Shores,43.1689,-86.26395,US
Novi,42.48059,-83.47549,US
Oak Park,42.45948,-83.18271,US
Okemos,42.72226,-84.42747,US
Owosso,42.9978,-84.17664,US
Petoskey,45.37334,-84.95533,US
Plymouth,42.37143,-83.47021,US
Pontiac,42.63892,-83.29105,US
Port Huron,42.97086,-82.42491,US
Portage,42.20115,-85.58,US
Redford,42.38337,-83.2966,US
Richmond,42.8092,-82.75576,US
River Rouge,42.27337,-83.13437,US
Riverview,42.17421,-83.17937,US
Rochester,42.68059,-83.13382,US
Rochester Hills,42.65837,-83.14993,US
Rockford,43.12003,-85.56003,US
Romulus,42.22226,-83.3966,US
Roseville,42.49726,-82.93714,US
Royal Oak,42.48948,-83.14465,US
Saginaw,43.41947,-83.95081,US
Saint Johns,43.00114,-84.55915,US
Saint Joseph,42.10976,-86.48002,US
Saint Louis,43.40836,-84.60667,US
Saline,42.16671,-83.78161,US
Sault Ste. Marie,46.4953,-84.34532,US
Shelby,42.67087,-83.03298,US
Shields,43.4153,-84.05637,US
South Lyon,42.46059,-83.65161,US
South Monroe,41.89588,-83.41771,US
Southfield,42.47337,-83.22187,US
Southgate,42.21393,-83.19381,US
Springfield,42.32643,-85.23916,US
Saint Clair,42.82087,-82.48602,US
Saint Clair Shores,42.49698,-82.88881,US
Sterling Heights,42.58031,-83.0302,US
Sturgis,41.79922,-85.41915,US
Swartz Creek,42.95725,-83.83051,US
Taylor,42.24087,-83.26965,US
Tecumseh,42.00393,-83.94494,US
Temperance,41.77921,-83.56882,US
Three Rivers,41.94394,-85.63249,US
Traverse City,44.76306,-85.62063,US
Trenton,42.13949,-83.17826,US
Troy,42.60559,-83.14993,US
Walker,43.00141,-85.76809,US
Walled Lake,42.53781,-83.48105,US
Warren,42.49044,-83.01304,US
Waterford,42.69303,-83.41181,US
Waverly,42.7392,-84.62081,US
Wayne,42.28143,-83.38632,US
Westland,42.3242,-83.40021,US
Westwood,42.30282,-85.63362,US
Whitmore Lake,42.4397,-83.7453,US
Wixom,42.52476,-83.53633,US
Woodhaven,42.13893,-83.2416,US
Wyandotte,42.21421,-83.14992,US
Wyoming,42.91336,-85.70531,US
Ypsilanti,42.24115,-83.61299,US
Zeeland,42.81252,-86.01865,US
Albert Lea,43.64801,-93.36827,US
Albertville,45.23774,-93.65441,US
Alexandria,45.88524,-95.37754,US
Andover,45.2333,-93.29134,US
Anoka,45.19774,-93.38718,US
Apple Valley,44.73191,-93.21772,US
Arden Hills,45.05024,-93.15661,US
Austin,43.66663,-92.97464,US
Baxter,46.3433,-94.28667,US
Belle Plaine,44.62274,-93.76857,US
Bemidji,47.47356,-94.88028,US
Big Lake,45.33246,-93.74608,US
Blaine,45.1608,-93.23495,US
Bloomington,44.8408,-93.29828,US
Brainerd,46.35802,-94.20083,US
Brooklyn Center,45.07608,-93.33273,US
Brooklyn Park,45.09413,-93.35634,US
Buffalo,45.17191,-93.87469,US
Burnsville,44.76774,-93.27772,US
Byron,44.03274,-92.64546,US
Cambridge,45.57274,-93.22439,US
Champlin,45.18885,-93.39745,US
Chanhassen,44.86219,-93.53079,US
Chaska,44.78941,-93.60218,US
Cloquet,46.72161,-92.45936,US
Columbia Heights,45.0408,-93.263,US
Coon Rapids,45.11997,-93.28773,US
Corcoran,45.09524,-93.54746,US
Cottage Grove,44.82774,-92.94382,US
Crookston,47.77414,-96.60812,US
Crystal,45.03274,-93.36023,US
Dayton,45.24385,-93.51496,US
Delano,45.04191,-93.78913,US
Detroit Lakes,46.81718,-95.84533,US
Duluth,46.78327,-92.10658,US
Eagan,44.80413,-93.16689,US
East Bethel,45.31941,-93.20245,US
East Grand Forks,47.92998,-97.02452,US
Eden Prairie,44.85469,-93.47079,US
Edina,44.88969,-93.34995,US
Elk River,45.30385,-93.56718,US
Fairmont,43.65218,-94.46108,US
Falcon Heights,44.99163,-93.16633,US
Faribault,44.29496,-93.26883,US
Farmington,44.64024,-93.14355,US
Fergus Falls,46.28302,-96.07756,US
Forest Lake,45.27886,-92.98522,US
Fridley,45.08608,-93.26328,US
Glencoe,44.76913,-94.15164,US
Golden Valley,45.00969,-93.34912,US
Grand Rapids,47.23717,-93.53021,US
Ham Lake,45.25024,-93.24995,US
Hastings,44.7433,-92.85243,US
Hermantown,46.80689,-92.23825,US
Hibbing,47.42715,-92.93769,US
Hopkins,44.92496,-93.46273,US
Hugo,45.15997,-92.99327,US
Hutchinson,44.88774,-94.36971,US
International Falls,48.60105,-93.41098,US
Inver Grove Heights,44.84802,-93.04272,US
Isanti,45.49024,-93.24773,US
Jordan,44.66691,-93.6269,US
Kasson,44.02996,-92.75074,US
Lake City,44.44968,-92.2682,US
Lake Elmo,44.9958,-92.87938,US
Zimmerman,45.4433,-93.58996,US
Lakeville,44.64969,-93.24272,US
Lino Lakes,45.16024,-93.08883,US
Litchfield,45.12718,-94.52805,US
Little Canada,45.02691,-93.08772,US
Little Falls,45.97635,-94.3625,US
Mahtomedi,45.06969,-92.9516,US
Mankato,44.15906,-94.00915,US
Maple Grove,45.07246,-93.45579,US
Maplewood,44.95302,-92.99522,US
Marshall,44.4469,-95.78835,US
Medina,45.03524,-93.58246,US
Mendota Heights,44.88358,-93.13827,US
Minneapolis,44.97997,-93.26384,US
Minnetonka,44.9133,-93.50329,US
Minnetonka Mills,44.94107,-93.4419,US
Minnetrista,44.9383,-93.71774,US
Montevideo,44.94803,-95.71701,US
Monticello,45.30552,-93.79414,US
Moorhead,46.87386,-96.76951,US
Morris,45.58607,-95.91394,US
Mound,44.93663,-93.66607,US
Mounds View,45.10497,-93.20856,US
New Brighton,45.06552,-93.20189,US
New Hope,45.03802,-93.38662,US
New Prague,44.5433,-93.57607,US
New Ulm,44.31246,-94.46053,US
North Branch,45.51135,-92.98022,US
North Mankato,44.1733,-94.03385,US
North Saint Paul,45.01247,-92.99188,US
Northfield,44.4583,-93.1616,US
Oak Grove,45.3408,-93.3269,US
Oakdale,44.96302,-92.96494,US
Orono,44.97135,-93.6044,US
Otsego,45.27413,-93.59135,US
Owatonna,44.08385,-93.22604,US
Plymouth,45.01052,-93.45551,US
Prior Lake,44.7133,-93.42273,US
Ramsey,45.2611,-93.45,US
Red Wing,44.56247,-92.5338,US
Redwood Falls,44.5394,-95.11694,US
Richfield,44.8833,-93.283,US
Robbinsdale,45.03219,-93.33856,US
Rochester,44.02163,-92.4699,US
Rogers,45.18885,-93.55301,US
Rosemount,44.73941,-93.12577,US
Roseville,45.00608,-93.15661,US
Saint Anthony,45.02052,-93.218,US
Saint Cloud,45.5608,-94.16249,US
Saint Francis,45.38691,-93.3594,US
Saint Joseph,45.56496,-94.31833,US
Saint Louis Park,44.9483,-93.34801,US
Saint Michael,45.20996,-93.66496,US
Saint Paul,44.94441,-93.09327,US
Saint Paul Park,44.84219,-92.99132,US
Saint Peter,44.32358,-93.95801,US
Sartell,45.62163,-94.20694,US
Sauk Rapids,45.59191,-94.1661,US
Savage,44.77913,-93.33634,US
Shakopee,44.79802,-93.5269,US
Shoreview,45.07913,-93.14717,US
Shorewood,44.9008,-93.58912,US
South Saint Paul,44.89274,-93.03494,US
Spring Lake Park,45.10774,-93.238,US
Stewartville,43.85552,-92.48851,US
Stillwater,45.05636,-92.80604,US
Thief River Falls,48.11914,-96.18115,US
Vadnais Heights,45.05747,-93.07383,US
Victoria,44.85857,-93.66163,US
Virginia,47.52326,-92.53657,US
Waconia,44.8508,-93.78691,US
Waite Park,45.55719,-94.22416,US
Waseca,44.07774,-93.50744,US
West Coon Rapids,45.15969,-93.34967,US
West Saint Paul,44.91608,-93.10161,US
White Bear Lake,45.08469,-93.00994,US
Willmar,45.12191,-95.04334,US
Winona,44.04996,-91.63932,US
Woodbury,44.92386,-92.95938,US
Worthington,43.61996,-95.5964,US
Wyoming,45.33636,-92.99716,US
Kirksville,40.19475,-92.58325,US
Maryville,40.3461,-94.87247,US
Trenton,40.0789,-93.61661,US
Devils Lake,48.11278,-98.86512,US
Fargo,46.87719,-96.7898,US
Grand Forks,47.92526,-97.03285,US
Jamestown,46.91054,-98.70844,US
Valley City,46.92331,-98.00315,US
Wahpeton,46.26524,-96.60591,US
West Fargo,46.87497,-96.90036,US
Beatrice,40.26806,-96.74697,US
Bellevue,41.13667,-95.89084,US
Blair,41.54444,-96.12502,US
Chalco,41.18389,-96.1503,US
Columbus,41.42973,-97.36838,US
Crete,40.62778,-96.96142,US
Elkhorn,41.345,-96.256,US
Fremont,41.43333,-96.49808,US
Grand Island,40.92501,-98.34201,US
Gretna,41.14083,-96.23974,US
Hastings,40.58612,-98.38839,US
Holdrege,40.44029,-99.36982,US
Kearney,40.69946,-99.08148,US
La Vista,41.18389,-96.03113,US
Lexington,40.78084,-99.7415,US
Lincoln,40.8,-96.66696,US
Nebraska City,40.67667,-95.85917,US
Norfolk,42.02834,-97.417,US
Omaha,41.25626,-95.94043,US
Papillion,41.15444,-96.04224,US
Plattsmouth,41.01139,-95.88223,US
Ralston,41.20528,-96.04252,US
Schuyler,41.44723,-97.05948,US
Seward,40.90695,-97.09892,US
South Sioux City,42.47388,-96.41364,US
Wayne,42.23056,-97.01782,US
York,40.86807,-97.592,US
Atkinson,42.83842,-71.147,US
Auburn,43.00453,-71.3484,US
Barrington,43.22286,-71.04701,US
Bedford,42.94647,-71.5159,US
Berlin,44.46867,-71.18508,US
Bow Bog,43.12064,-71.51146,US
Chester,42.95675,-71.25728,US
Claremont,43.37674,-72.34676,US
Concord,43.20814,-71.53757,US
Derry,42.88064,-71.32729,US
Derry Village,42.89175,-71.31201,US
Dover,43.19786,-70.87367,US
Durham,43.13397,-70.92645,US
East Concord,43.24202,-71.53813,US
Exeter,42.98148,-70.94783,US
Franklin,43.44424,-71.6473,US
Gilford,43.54758,-71.40674,US
Hampstead,42.87453,-71.18117,US
Hampton,42.93759,-70.83894,US
Hanover,43.70229,-72.28954,US
Hollis,42.74314,-71.59174,US
Hopkinton,43.19147,-71.67535,US
Hudson,42.76481,-71.43979,US
Keene,42.93369,-72.27814,US
Kingston,42.93648,-71.05339,US
Laconia,43.52785,-71.47035,US
Lebanon,43.64229,-72.25176,US
Litchfield,42.84425,-71.47979,US
Londonderry,42.86509,-71.37395,US
Manchester,42.99564,-71.45479,US
Merrimack,42.86509,-71.4934,US
Milford,42.83536,-71.64896,US
Moultonborough,43.7548,-71.39674,US
Nashua,42.76537,-71.46757,US
New Ipswich,42.74814,-71.85424,US
Newmarket,43.08286,-70.93506,US
Northfield,43.43313,-71.5923,US
Pelham,42.73453,-71.32451,US
Pembroke,43.14675,-71.45757,US
Plaistow,42.83648,-71.09478,US
Portsmouth,43.07704,-70.75766,US
Rindge,42.7512,-72.0098,US
Rochester,43.30453,-70.97562,US
Rye,43.01342,-70.77089,US
Salem,42.78842,-71.20089,US
Sandown,42.9287,-71.18701,US
Seabrook,42.89481,-70.87116,US
Somersworth,43.26175,-70.86534,US
South Hooksett,43.02647,-71.43534,US
Stratham Station,43.05287,-70.89533,US
Suncook,43.13064,-71.45312,US
Swanzey,42.8698,-72.28175,US
Weare,43.0948,-71.73063,US
Windham,42.80064,-71.30423,US
Allendale,41.04149,-74.12903,US
Asbury Park,40.22039,-74.01208,US
Avenel,40.58038,-74.28515,US
Basking Ridge,40.70621,-74.54932,US
Bayonne,40.66871,-74.11431,US
Bedminster,40.68066,-74.64544,US
Belleville,40.79371,-74.15014,US
Belmar,40.17845,-74.0218,US
Bergenfield,40.9276,-73.99736,US
Berkeley Heights,40.68343,-74.44265,US
Bernardsville,40.71871,-74.56932,US
Bloomfield,40.80677,-74.18542,US
Bloomingdale,41.00204,-74.32654,US
Bloomingdale,40.4976,-74.64738,US
Bogota,40.87621,-74.02986,US
Boonton,40.9026,-74.4071,US
Bound Brook,40.56844,-74.53849,US
Bradley Gardens,40.56288,-74.6546,US
Brick,40.05928,-74.13708,US
Brookdale,40.83371,-74.18292,US
Budd Lake,40.87121,-74.73405,US
Burlington,40.07122,-74.86489,US
Butler,41.00371,-74.34154,US
Caldwell,40.83982,-74.27654,US
Carlstadt,40.84038,-74.0907,US
Carteret,40.57733,-74.2282,US
Cedar Grove,40.85177,-74.22903,US
Chatham,40.74093,-74.38376,US
Clark,40.63,-74.31,US
Cliffside Park,40.82149,-73.98764,US
Clifton,40.85843,-74.16376,US
Closter,40.97315,-73.96153,US
Colonia,40.57455,-74.30209,US
Colts Neck,40.28761,-74.17237,US
Columbus,40.07261,-74.72072,US
Cranford,40.65844,-74.29959,US
Cresskill,40.94149,-73.9593,US
Dayton,40.37261,-74.51015,US
Demarest,40.95732,-73.96347,US
Denville,40.89232,-74.47738,US
Dover,40.88399,-74.5621,US
Dunellen,40.58927,-74.47182,US
Dumont,40.94065,-73.99681,US
East Brunswick,40.42788,-74.41598,US
East Hanover,40.8201,-74.36487,US
East Orange,40.76732,-74.20487,US
East Rutherford,40.83399,-74.09709,US
Eatontown,40.29622,-74.05097,US
Edgewater Park,40.06817,-74.90072,US
Edison,40.51872,-74.4121,US
Edgewater,40.82704,-73.97569,US
Elizabeth,40.66399,-74.2107,US
Elmwood Park,40.90399,-74.11848,US
Emerson,40.97621,-74.02625,US
Englewood,40.89288,-73.97264,US
Englewood Cliffs,40.88538,-73.95236,US
Ewing,40.26983,-74.79988,US
Fair Haven,40.36067,-74.03819,US
Fair Lawn,40.94038,-74.13181,US
Fairfield,40.88371,-74.30598,US
Fairview,40.8126,-73.99903,US
Fanwood,40.64094,-74.38348,US
Finderne,40.56316,-74.57766,US
Florham Park,40.78788,-74.38821,US
Fords,40.52927,-74.31598,US
Fort Dix,40.02984,-74.61849,US
Fort Lee,40.85093,-73.97014,US
Franklin Lakes,41.01676,-74.2057,US
Franklin Park,40.43899,-74.53515,US
Freehold,40.26011,-74.27376,US
Garfield,40.88149,-74.1132,US
Glen Ridge,40.80538,-74.20376,US
Glen Rock,40.96288,-74.13292,US
Green Knoll,40.6001,-74.6121,US
Guttenberg,40.79205,-74.00375,US
Hackensack,40.88593,-74.04347,US
Hackettstown,40.85399,-74.82906,US
Hamilton Square,40.22733,-74.65321,US
Haledon,40.93565,-74.18626,US
Hanover,40.80454,-74.36682,US
Harrison,40.74649,-74.15626,US
Hasbrouck Heights,40.85816,-74.0807,US
Hawthorne,40.94926,-74.15375,US
Heathcote,40.38872,-74.57571,US
Highland Park,40.49594,-74.42432,US
Hightstown,40.26955,-74.52321,US
Hillsborough,40.4776,-74.62682,US
Hillsdale,41.0026,-74.04042,US
Hillside,40.70121,-74.23015,US
Hoboken,40.74399,-74.03236,US
Hopatcong,40.93288,-74.65933,US
Hopatcong Hills,40.94399,-74.67072,US
Irvington,40.73232,-74.23487,US
Iselin,40.57538,-74.32237,US
Jamesburg,40.35261,-74.44015,US
Jersey City,40.72816,-74.07764,US
Keansburg,40.44177,-74.12986,US
Kearny,40.76843,-74.14542,US
Kendall Park,40.42094,-74.56071,US
Kenilworth,40.67649,-74.2907,US
Keyport,40.43316,-74.19959,US
Kinnelon,41.00176,-74.3671,US
Lake Hiawatha,40.8826,-74.38154,US
Lake Hopatcong,40.94843,-74.6171,US
Lake Mohawk,41.01843,-74.66016,US
Lakewood,40.09789,-74.21764,US
Landing,40.9051,-74.66516,US
Laurence Harbor,40.45677,-74.24653,US
Leonia,40.86149,-73.98819,US
Lincoln Park,40.92427,-74.30209,US
Lincroft,40.33067,-74.12097,US
Linden,40.62205,-74.24459,US
Little Falls,40.86899,-74.2082,US
Little Ferry,40.85288,-74.04208,US
Little Silver,40.33678,-74.04708,US
Livingston,40.79593,-74.31487,US
Lodi,40.88232,-74.0832,US
Long Branch,40.30428,-73.99236,US
Lyndhurst,40.81204,-74.12431,US
Madison,40.75982,-74.4171,US
Madison Park,40.4515,-74.30792,US
Mahwah,41.08871,-74.14376,US
Manasquan,40.12623,-74.0493,US
Manville,40.54094,-74.58766,US
Maplewood,40.73121,-74.27348,US
Marlboro,40.31539,-74.24626,US
Martinsville,40.60121,-74.55905,US
Matawan,40.41483,-74.22959,US
Maywood,40.9026,-74.06181,US
Mendham,40.77593,-74.60071,US
Mercerville,40.23705,-74.68655,US
Metuchen,40.54316,-74.3632,US
Middlesex,40.5726,-74.49265,US
Middletown,40.39428,-74.11709,US
Midland Park,40.98926,-74.1407,US
Milltown,40.45622,-74.44321,US
Montclair,40.82593,-74.20903,US
Montvale,41.04676,-74.02292,US
Morganville,40.3765,-74.24431,US
Morris Plains,40.82177,-74.48099,US
Morristown,40.79677,-74.48154,US
Mount Arlington,40.92593,-74.63488,US
Mountainside,40.67232,-74.35737,US
New Brunswick,40.48622,-74.45182,US
New Milford,40.9351,-74.01903,US
New Providence,40.69843,-74.40154,US
Newark,40.73566,-74.17237,US
Newton,41.05815,-74.75267,US
North Arlington,40.78843,-74.1332,US
North Bergen,40.80427,-74.01208,US
North Caldwell,40.86482,-74.2582,US
North Haledon,40.9551,-74.18598,US
North Plainfield,40.6301,-74.42737,US
Northfield,40.77427,-74.32459,US
Norwood,40.99815,-73.9618,US
Nutley,40.82232,-74.15987,US
Oakland,41.01315,-74.26431,US
Oceanport,40.31817,-74.01514,US
Old Bridge,40.41483,-74.36543,US
Old Tappan,41.01065,-73.99125,US
Oradell,40.95871,-74.03681,US
Orange,40.77066,-74.23265,US
Palisades Park,40.84816,-73.99764,US
Palmyra,40.00706,-75.02823,US
Paramus,40.94454,-74.07542,US
Park Ridge,41.0376,-74.0407,US
Parsippany,40.85788,-74.42599,US
Passaic,40.85677,-74.12848,US
Paterson,40.91677,-74.17181,US
Perth Amboy,40.50677,-74.26542,US
Phillipsburg,40.69371,-75.19018,US
Pine Lake Park,40.00317,-74.25653,US
Piscataway,40.49927,-74.39904,US
Plainfield,40.63371,-74.40737,US
Point Pleasant,40.08317,-74.06819,US
Pompton Lakes,41.00538,-74.2907,US
Princeton,40.34872,-74.65905,US
Princeton Meadows,40.33177,-74.56377,US
Prospect Park,40.24039,-74.76627,US
Prospect Park,40.93704,-74.17431,US
Rahway,40.60816,-74.27765,US
Ramsey,41.05732,-74.14098,US
Ramtown,40.12095,-74.14375,US
Raritan,40.56955,-74.63294,US
Red Bank,40.34705,-74.06431,US
Ridgefield,40.83427,-74.00875,US
Ridgefield Park,40.85704,-74.02153,US
Ridgewood,40.97926,-74.11653,US
Ringwood,41.11343,-74.24543,US
River Edge,40.92871,-74.03986,US
River Vale,40.99538,-74.01208,US
Robertsville,40.34622,-74.28792,US
Rochelle Park,40.90732,-74.07514,US
Rockaway,40.90121,-74.51432,US
Roseland,40.82066,-74.29376,US
Roselle,40.65223,-74.25882,US
Roselle Park,40.66455,-74.26431,US
Rumson,40.37205,-73.99903,US
Rutherford,40.82649,-74.10681,US
Saddle Brook,40.89899,-74.09264,US
Sayreville,40.45927,-74.36098,US
Sayreville Junction,40.46538,-74.33043,US
Scotch Plains,40.65538,-74.38987,US
Secaucus,40.78955,-74.05653,US
Short Hills,40.74788,-74.32543,US
Somerset,40.4976,-74.48849,US
Somerville,40.57427,-74.60988,US
South Amboy,40.47788,-74.2907,US
South Old Bridge,40.40816,-74.35432,US
South Orange,40.74899,-74.26126,US
South Plainfield,40.57927,-74.41154,US
South River,40.44649,-74.38598,US
Sparta,41.03343,-74.63849,US
Spotswood,40.39177,-74.39848,US
Springfield,40.70491,-74.31723,US
Strathmore,40.39594,-74.21348,US
Succasunna,40.86843,-74.64044,US
Summit,40.71562,-74.36468,US
Teaneck,40.8976,-74.01597,US
Tenafly,40.92538,-73.96292,US
Tinton Falls,40.30428,-74.10042,US
Totowa,40.9051,-74.20987,US
Trenton,40.21705,-74.74294,US
Twin Rivers,40.264,-74.49126,US
Union,40.6976,-74.2632,US
Union Beach,40.4465,-74.1782,US
Union City,40.77955,-74.02375,US
Upper Montclair,40.84621,-74.20126,US
Upper Saddle River,41.05843,-74.09848,US
Verona,40.82982,-74.24015,US
Waldwick,41.01065,-74.11792,US
Wallington,40.85316,-74.11375,US
Wanaque,41.03815,-74.29404,US
Washington,40.75843,-74.97934,US
Watchung,40.63788,-74.45099,US
Wayne,40.92538,-74.27654,US
Weehawken,40.76955,-74.02042,US
West Freehold,40.24206,-74.30126,US
West Long Branch,40.29039,-74.01764,US
West Milford,41.13121,-74.36737,US
West New York,40.78788,-74.01431,US
West Orange,40.79871,-74.23904,US
Woodland Park,40.88982,-74.19487,US
Westfield,40.65899,-74.34737,US
Westwood,40.99121,-74.03264,US
Wharton,40.89315,-74.58183,US
Whippany,40.82454,-74.4171,US
White Horse,40.19067,-74.70238,US
White Meadow Lake,40.92371,-74.51071,US
Willingboro,40.02789,-74.86905,US
Wood-Ridge,40.84566,-74.08792,US
Woodbridge,40.5576,-74.28459,US
Woodcliff Lake,41.02343,-74.06653,US
Wyckoff,41.00954,-74.17292,US
Yorketown,40.30789,-74.33765,US
Airmont,41.10093,-74.11625,US
Albany,42.65258,-73.75623,US
Albertson,40.77343,-73.64318,US
Albion,43.24645,-78.19363,US
Amherst,42.97839,-78.79976,US
Amityville,40.67899,-73.41707,US
Amsterdam,42.93869,-74.18819,US
Arrochar,40.59844,-74.07264,US
Arverne,40.59122,-73.79597,US
Astoria,40.77205,-73.93014,US
Auburn,42.93173,-76.56605,US
Babylon,40.69566,-73.32568,US
Baldwin,40.65649,-73.6093,US
Baldwin Harbor,40.63955,-73.60846,US
Baldwinsville,43.15868,-76.33271,US
Ballston Lake,42.91174,-73.86818,US
Ballston Spa,43.00091,-73.84901,US
Batavia,42.99812,-78.18752,US
Bath,42.33702,-77.31776,US
Bath Beach,40.60455,-74.00431,US
Battery Park City,40.71149,-74.01625,US
Bay Shore,40.7251,-73.24539,US
Bay Wood,40.7501,-73.29123,US
Baychester,40.86928,-73.83645,US
Bayport,40.73843,-73.05067,US
Bayside,40.76844,-73.77708,US
Bayville,40.91065,-73.56207,US
Beacon,41.50482,-73.96958,US
Bellaire,40.71399,-73.75402,US
Belle Harbor,40.57594,-73.84819,US
Bellmore,40.66871,-73.52707,US
Bensonhurst,40.60177,-73.99403,US
Bergen Beach,40.62038,-73.9068,US
Bethpage,40.74427,-73.48207,US
Big Flats,42.1373,-76.93691,US
Binghamton,42.09869,-75.91797,US
Blauvelt,41.06343,-73.95764,US
Bohemia,40.76926,-73.11511,US
Borough Park,40.63399,-73.99681,US
Boston,42.62895,-78.73753,US
Brentwood,40.78121,-73.24623,US
Briarcliff Manor,41.14565,-73.82375,US
Brighton,43.14756,-77.55055,US
Brighton Beach,40.57788,-73.95958,US
Brockport,43.21367,-77.93918,US
The Bronx,40.84985,-73.86641,US
Bronxville,40.93815,-73.83208,US
Brooklyn,40.6501,-73.94958,US
Brooklyn Heights,40.69538,-73.99375,US
Brownsville,40.66094,-73.92014,US
Buffalo,42.88645,-78.87837,US
Bushwick,40.69427,-73.91875,US
Calverton,40.90649,-72.74343,US
Cambria Heights,40.69455,-73.73847,US
Canandaigua,42.87423,-77.28804,US
Canarsie,40.64372,-73.90069,US
Canton,44.59562,-75.16909,US
Cedarhurst,40.62288,-73.7243,US
Center Moriches,40.80038,-72.78982,US
Centereach,40.85843,-73.09955,US
Centerport,43.0409,-76.59272,US
Centerport,40.88538,-73.37623,US
Central Islip,40.79065,-73.20178,US
Cheektowaga,42.90339,-78.75475,US
Chestnut Ridge,41.08426,-74.0557,US
Chinatown,40.71649,-73.99625,US
Cicero,43.17562,-76.11937,US
Clay,43.1859,-76.17243,US
Clifton,40.6201,-74.07709,US
Clifton Park,42.86563,-73.77095,US
Cohoes,42.77424,-73.70012,US
Cold Spring Harbor,40.87149,-73.45679,US
College Point,40.7876,-73.84597,US
Colonie,42.71786,-73.83346,US
Commack,40.84288,-73.29289,US
Concord,40.60816,-74.08431,US
Coney Island,40.57788,-73.99403,US
Congers,41.15065,-73.94542,US
Conklin,42.03424,-75.8038,US
Copiague,40.68149,-73.39984,US
Coram,40.86871,-73.00149,US
Corning,42.14285,-77.05469,US
Corona,40.74705,-73.86014,US
Cortland,42.60118,-76.18048,US
Croton-on-Hudson,41.20843,-73.89125,US
Cypress Hills,40.67705,-73.89125,US
Deer Park,40.76177,-73.32929,US
Delmar,42.62202,-73.83262,US
Depew,42.90395,-78.69225,US
Dix Hills,40.80482,-73.33623,US
Dobbs Ferry,41.01454,-73.87264,US
Dongan Hills,40.58844,-74.09625,US
Douglaston,40.76871,-73.74708,US
Dunkirk,42.4795,-79.33393,US
Dyker Heights,40.62149,-74.00958,US
East Amherst,43.01839,-78.6967,US
East Aurora,42.76784,-78.61336,US
East Elmhurst,40.76121,-73.86514,US
East Farmingdale,40.72927,-73.41679,US
East Flatbush,40.65371,-73.93042,US
East Garden City,40.73083,-73.59806,US
East Glenville,42.89452,-73.9279,US
East Hills,40.79371,-73.62707,US
East Islip,40.73204,-73.18567,US
East Meadow,40.71399,-73.55902,US
East Massapequa,40.67343,-73.43651,US
East Moriches,40.8051,-72.76093,US
East New York,40.66677,-73.88236,US
East Northport,40.87676,-73.32456,US
East Patchogue,40.76704,-72.99622,US
East Rochester,43.10867,-77.4875,US
East Rockaway,40.64205,-73.66957,US
East Setauket,40.94149,-73.10594,US
East Shoreham,40.94482,-72.87955,US
East Tremont,40.84538,-73.89097,US
East Village,40.72927,-73.98736,US
Eastchester,40.95833,-73.80861,US
Edgemere,40.59622,-73.76763,US
Eggertsville,42.96339,-78.80392,US
Elmhurst,40.73649,-73.87791,US
Elmira,42.0898,-76.80773,US
Elmont,40.70094,-73.71291,US
Eltingville,40.54538,-74.1657,US
Elwood,40.84538,-73.33512,US
Emerson Hill,40.60872,-74.09598,US
Endicott,42.09841,-76.04937,US
Endwell,42.11285,-76.02103,US
Fairmount,43.04729,-76.23854,US
Fairport,43.09867,-77.44194,US
Fairview,41.7237,-73.91986,US
Fallsburg,41.73204,-74.60127,US
Far Rockaway,40.60538,-73.75513,US
Farmingdale,40.7326,-73.4454,US
Farmingville,40.83121,-73.02955,US
Flatbush,40.65205,-73.95903,US
Flatlands,40.62122,-73.93486,US
Floral Park,40.72371,-73.70485,US
Fordham,40.85927,-73.89847,US
Forest Hills,40.71621,-73.85014,US
Fort Hamilton,40.61872,-74.0332,US
Fort Salonga,40.9126,-73.30095,US
Franklin Square,40.70732,-73.67596,US
Fredonia,42.44006,-79.33171,US
Freeport,40.6576,-73.58318,US
Fresh Meadows,40.73482,-73.79347,US
Fulton,43.32285,-76.41716,US
Garden City,40.72677,-73.6343,US
Garden City Park,40.74093,-73.66263,US
Geneseo,42.7959,-77.81695,US
Geneva,42.86896,-76.97774,US
Glen Cove,40.86232,-73.63374,US
Glen Oaks,40.74705,-73.71152,US
Glendale,40.70149,-73.8868,US
Glens Falls,43.30952,-73.64401,US
Glenville,42.92924,-74.05207,US
Gloversville,43.05285,-74.34375,US
Goshen,41.40204,-74.32432,US
Grand Island,43.03311,-78.96254,US
Graniteville,40.62483,-74.14848,US
Gravesend,40.5976,-73.96514,US
Great Kills,40.55427,-74.15153,US
Great Neck,40.80066,-73.72846,US
Great Neck Plaza,40.78677,-73.72652,US
Greece,43.20978,-77.69306,US
Greenburgh,41.03287,-73.84291,US
Greenlawn,40.86899,-73.36512,US
Greenpoint,40.72371,-73.95097,US
Greenville,40.99315,-73.81986,US
Hamburg,42.71589,-78.82948,US
Hamlin,43.30312,-77.92112,US
Hampton Bays,40.86899,-72.51759,US
Harlem,40.80788,-73.94542,US
Harris Hill,42.96478,-78.67753,US
Harrison,40.96899,-73.71263,US
Hartsdale,41.01899,-73.79819,US
Hastings-on-Hudson,40.99454,-73.87875,US
Hauppauge,40.82565,-73.20261,US
Haverstraw,41.19759,-73.96458,US
Hell's Kitchen,40.76496,-73.9909,US
Hempstead,40.70621,-73.61874,US
New Hempstead,41.14982,-74.03375,US
Henrietta,43.05923,-77.61222,US
Herkimer,43.02563,-74.98599,US
Hewlett,40.64316,-73.69569,US
Hicksville,40.76843,-73.52513,US
Highland,41.72093,-73.96014,US
Hillcrest,41.12787,-74.04097,US
Hillside,40.70788,-73.7868,US
Hilton,43.28812,-77.79334,US
Holbrook,40.81232,-73.07844,US
Hollis,40.71344,-73.76708,US
Holtsville,40.81538,-73.04511,US
Hornell,42.32785,-77.6611,US
Horseheads,42.16702,-76.82051,US
Howard Beach,40.65788,-73.83625,US
Hudson,42.25286,-73.79096,US
Hudson Falls,43.30063,-73.58595,US
Huguenot,40.53733,-74.19459,US
Huntington,40.86815,-73.42568,US
Huntington Station,40.85343,-73.41151,US
Hunts Point,40.8126,-73.88402,US
Ilion,43.01507,-75.03543,US
Inwood,40.62205,-73.7468,US
Inwood,40.86566,-73.9268,US
Irondequoit,43.2134,-77.57972,US
Irvington,41.03922,-73.86823,US
Islip,40.72982,-73.21039,US
Islip Terrace,40.74315,-73.19262,US
Ithaca,42.44063,-76.49661,US
Jackson Heights,40.75566,-73.88541,US
Jamaica,40.69149,-73.80569,US
Jamestown,42.097,-79.23533,US
Jericho,40.79204,-73.53985,US
Johnson City,42.11563,-75.95881,US
Johnstown,43.00674,-74.36764,US
Kaser,41.12121,-74.06709,US
Kenmore,42.96589,-78.87004,US
Kensington,40.64621,-73.97069,US
Kew Gardens,40.71427,-73.83097,US
Kings Bridge,40.87871,-73.90514,US
Kings Park,40.88621,-73.25734,US
Kings Point,40.81982,-73.73513,US
Kingston,41.92704,-73.99736,US
Kiryas Joel,41.34204,-74.16792,US
Lackawanna,42.82561,-78.82337,US
Lake Carmel,41.46148,-73.67096,US
Lake Grove,40.85288,-73.11511,US
Lake Mohegan,41.31787,-73.84625,US
Lake Ronkonkoma,40.8351,-73.13122,US
Lakeview,42.43202,-75.86547,US
Lakeview,40.682,-73.654,US
Lancaster,42.90061,-78.67031,US
Larchmont,40.92788,-73.7518,US
Latham,42.74702,-73.75901,US
Laurelton,40.67019,-73.74659,US
Lawrence,40.61566,-73.72958,US
Levittown,40.72593,-73.51429,US
Lindenhurst,40.68677,-73.37345,US
Little Neck,40.76289,-73.73225,US
Lockport,43.17061,-78.69031,US
Long Beach,40.58844,-73.65791,US
Long Island City,40.74482,-73.94875,US
Lynbrook,40.65483,-73.6718,US
Mahopac,41.37232,-73.73346,US
Malone,44.84866,-74.2949,US
Malverne,40.67899,-73.67402,US
Mamaroneck,40.94871,-73.73263,US
Manhasset,40.79788,-73.69957,US
Manhattan,40.78343,-73.96625,US
Manorhaven,40.84316,-73.71485,US
Manorville,40.87371,-72.80788,US
Marbletown,41.88343,-74.1132,US
Mariners Harbor,40.63677,-74.15875,US
Maspeth,40.72316,-73.91264,US
Massapequa,40.68066,-73.47429,US
Massapequa Park,40.68038,-73.45512,US
Massena,44.9281,-74.89186,US
Mastic,40.80204,-72.84094,US
Mastic Beach,40.76677,-72.85205,US
Mattydale,43.09784,-76.1452,US
Mechanicstown,41.44287,-74.38849,US
Mechanicville,42.90285,-73.68734,US
Medford,40.8176,-73.00011,US
Medina,43.22006,-78.38697,US
Melrose,40.82455,-73.91041,US
Melville,40.79343,-73.41512,US
Merrick,40.66288,-73.55152,US
Middle Island,40.88427,-72.93733,US
Middle Village,40.71649,-73.88125,US
Middletown,41.44593,-74.42293,US
Midland Beach,40.57316,-74.09459,US
Miller Place,40.95982,-72.99621,US
Mineola,40.74927,-73.64068,US
Monroe,41.33065,-74.18681,US
Monsey,41.11121,-74.06848,US
Monticello,41.65565,-74.68933,US
Morris Heights,40.84982,-73.91986,US
Morris Park,40.85232,-73.85347,US
Morrisania,40.82927,-73.90653,US
Mott Haven,40.80899,-73.92291,US
Mount Ivy,41.18676,-74.03486,US
Mount Kisco,41.20426,-73.72708,US
Mount Sinai,40.94704,-73.02955,US
Mount Vernon,40.9126,-73.83708,US
Myers Corner,41.6062,-73.87291,US
Nanuet,41.08871,-74.01347,US
Nesconset,40.85204,-73.154,US
New Cassel,40.75899,-73.56957,US
New City,41.1476,-73.98931,US
New Dorp,40.57399,-74.11598,US
New Dorp Beach,40.56538,-74.10292,US
New Hyde Park,40.7351,-73.68791,US
New Paltz,41.74759,-74.08681,US
New Rochelle,40.91149,-73.78235,US
New Springville,40.59344,-74.1632,US
New Square,41.13956,-74.02942,US
New Windsor,41.47676,-74.02375,US
New York City,40.71427,-74.00597,US
Newark,43.04673,-77.09525,US
Newburgh,41.50343,-74.01042,US
Niagara Falls,43.0945,-79.05671,US
North Amityville,40.6976,-73.42512,US
North Babylon,40.71649,-73.32179,US
North Bay Shore,40.753,-73.2602,US
North Bellmore,40.69149,-73.53346,US
North Bellport,40.77427,-72.94288,US
North Elba,44.24338,-73.95431,US
North Gates,43.17645,-77.70139,US
North Hills,40.78093,-73.67652,US
North Lindenhurst,40.71427,-73.38151,US
North Massapequa,40.70093,-73.46207,US
North Merrick,40.69121,-73.56318,US
North New Hyde Park,40.74316,-73.69319,US
North Patchogue,40.78704,-73.009,US
North Syracuse,43.13479,-76.12992,US
North Tonawanda,43.03867,-78.8642,US
North Valley Stream,40.6851,-73.7018,US
North Wantagh,40.69343,-73.50763,US
Northport,40.90093,-73.34317,US
Northumberland,43.1273,-73.58817,US
Norwich,42.53118,-75.52351,US
Nyack,41.09065,-73.91791,US
Oakdale,42.2512,-73.78013,US
Oakdale,40.74399,-73.13872,US
Oakwood,40.56399,-74.11598,US
Oceanside,40.63871,-73.64013,US
Ogdensburg,44.69423,-75.48634,US
Old Bethpage,40.7626,-73.45318,US
Olean,42.07756,-78.42974,US
Oneida,43.09257,-75.65129,US
Oneonta,42.45286,-75.06377,US
Orange Lake,41.53982,-74.0982,US
Ossining,41.16287,-73.86152,US
Oswego,43.45535,-76.5105,US
Oyster Bay,40.86565,-73.53207,US
Ozone Park,40.67677,-73.84375,US
Park Slope,40.6701,-73.98597,US
Parkchester,40.83899,-73.86041,US
Patchogue,40.76565,-73.01511,US
Pearl River,41.05899,-74.02181,US
Peekskill,41.29009,-73.92042,US
Pelham,40.90982,-73.80791,US
Pelham Manor,40.89538,-73.80708,US
Penn Yan,42.6609,-77.05386,US
Plainedge,40.71732,-73.48374,US
Plainview,40.77649,-73.46735,US
Plattsburgh,44.69949,-73.45291,US
Pleasantville,41.13287,-73.79263,US
Port Chester,41.00176,-73.66568,US
Port Jefferson,40.94649,-73.06927,US
Port Jefferson Station,40.92538,-73.04733,US
Port Jervis,41.37509,-74.69266,US
Port Richmond,40.63316,-74.13653,US
Port Washington,40.82566,-73.69819,US
Potsdam,44.66978,-74.98131,US
Poughkeepsie,41.70037,-73.92097,US
Pound Ridge,41.20871,-73.57485,US
Queens Village,40.72677,-73.74152,US
Queens,40.68149,-73.83652,US
Queensbury,43.37729,-73.61317,US
Rego Park,40.72649,-73.85264,US
Rensselaer,42.64258,-73.7429,US
Richland,43.56951,-76.0477,US
Richmond Hill,40.69983,-73.83125,US
Ridge,40.89399,-72.89594,US
Ridgewood,40.7001,-73.90569,US
Riverdale,40.90056,-73.90639,US
Riverhead,40.91704,-72.66204,US
Rochester,43.15478,-77.61556,US
Rockville Centre,40.65871,-73.64124,US
Rocky Point,40.9526,-72.92538,US
Roessleville,42.69508,-73.80707,US
Rome,43.21285,-75.45573,US
Ronkonkoma,40.821,-73.143,US
Roosevelt,40.67871,-73.58902,US
Rosedale,40.66205,-73.73541,US
Roslyn Heights,40.78871,-73.64735,US
Rossville,40.54929,-74.21019,US
Rotterdam,42.78702,-73.97096,US
Rye,40.98065,-73.68374,US
Rye Brook,41.01926,-73.68346,US
Saint James,40.87899,-73.15678,US
Salamanca,42.15784,-78.71503,US
Salisbury,40.74566,-73.56013,US
Saranac Lake,44.3295,-74.13127,US
Saratoga Springs,43.08313,-73.78457,US
Sayville,40.73593,-73.08206,US
Scarsdale,41.0051,-73.78458,US
Schenectady,42.81424,-73.93957,US
Scotchtown,41.48148,-74.36015,US
Scotia,42.82647,-73.96429,US
Sea Cliff,40.84899,-73.64485,US
Seaford,40.66593,-73.48818,US
Seaside,40.58316,-73.82819,US
Selden,40.86649,-73.03566,US
Seneca Falls,42.91062,-76.79662,US
Sheepshead Bay,40.59122,-73.94458,US
Shirley,40.80149,-72.8676,US
Sleepy Hollow,41.08565,-73.85847,US
Smithtown,40.85593,-73.20067,US
Solvay,43.05812,-76.20743,US
Sound Beach,40.95621,-72.96788,US
South Beach,40.58329,-74.07609,US
South Farmingdale,40.72066,-73.44012,US
South Hill,42.42924,-76.49494,US
South Huntington,40.82371,-73.39873,US
South Lockport,43.15006,-78.6967,US
South Ozone Park,40.6701,-73.81902,US
South Valley Stream,40.65594,-73.71763,US
Southold,41.06482,-72.4262,US
Southport,42.0548,-76.81912,US
Springfield Gardens,40.66312,-73.76221,US
Springs,41.01621,-72.15924,US
Spring Valley,41.11315,-74.04375,US
Spuyten Duyvil,40.88121,-73.91736,US
Stapleton,40.62649,-74.07764,US
Staten Island,40.56233,-74.13986,US
Stony Brook,40.92565,-73.14094,US
Stony Point,41.22954,-73.98708,US
Suffern,41.11482,-74.14959,US
Sunnyside,40.73982,-73.93542,US
Syosset,40.82621,-73.50207,US
Syracuse,43.04812,-76.14742,US
Tappan,41.02204,-73.94736,US
Tarrytown,41.07621,-73.85875,US
Terrace Heights,40.72149,-73.7693,US
Terryville,40.90899,-73.06511,US
Thiells,41.21065,-74.01764,US
Throgs Neck,40.8226,-73.81958,US
Tompkinsville,40.63812,-74.07795,US
Tonawanda,43.02033,-78.88031,US
Tremont,40.84954,-73.90569,US
Tribeca,40.71538,-74.00931,US
Troy,42.72841,-73.69179,US
Tuckahoe,40.95038,-73.82736,US
Uniondale,40.70038,-73.59291,US
Unionport,40.82732,-73.85013,US
University Heights,40.8601,-73.9093,US
Upper West Side,40.78705,-73.97542,US
Utica,43.1009,-75.23266,US
Valley Cottage,41.11815,-73.95542,US
Valley Stream,40.66427,-73.70846,US
Van Nest,40.84843,-73.86375,US
Vestal,42.08507,-76.05381,US
Viola,41.13648,-74.08236,US
Volney,43.34285,-76.35771,US
Wading River,40.95038,-72.8426,US
Wakefield,40.89788,-73.85236,US
Walden,41.5612,-74.18848,US
Wantagh,40.68371,-73.51013,US
Wappingers Falls,41.59648,-73.91097,US
Warwick,41.25648,-74.35988,US
Washington Heights,40.8501,-73.93541,US
Washingtonville,41.42787,-74.16598,US
Waterloo,42.90479,-76.86274,US
Watertown,43.97478,-75.91076,US
Wawarsing,41.75898,-74.35738,US
Webster,43.21229,-77.42999,US
Wesley Hills,41.15926,-74.06986,US
West Albany,42.68313,-73.77845,US
West Babylon,40.71816,-73.35429,US
West Glens Falls,43.30007,-73.68401,US
West Haverstraw,41.20954,-73.98542,US
West Hempstead,40.70482,-73.65013,US
West Henrietta,43.04006,-77.66167,US
West Hills,40.81621,-73.43234,US
West Islip,40.70621,-73.30623,US
West Point,41.39148,-73.95597,US
West Sayville,40.72788,-73.09761,US
West Seneca,42.85006,-78.79975,US
Westbury,40.75566,-73.58763,US
Westerleigh,40.62121,-74.13181,US
Westmere,42.69119,-73.86873,US
Wheatley Heights,40.76371,-73.36984,US
White Plains,41.03399,-73.76291,US
Whitestone,40.79455,-73.81847,US
Williamsburg,40.71427,-73.95347,US
Williamsville,42.96395,-78.73781,US
Williston Park,40.75649,-73.64485,US
Wilton,43.18007,-73.74429,US
Woodbury,40.82565,-73.46762,US
Woodbury,41.36454,-74.10598,US
Woodhaven,40.68927,-73.85791,US
Woodlawn,40.89816,-73.86736,US
Woodmere,40.63205,-73.71263,US
Woodrow,40.5415,-74.19106,US
Woodside,40.74538,-73.90541,US
Wyandanch,40.75399,-73.3604,US
Wykagyl,40.94149,-73.79902,US
Yaphank,40.83677,-72.91705,US
Yonkers,40.9304,-73.89789,US
Ada,40.7695,-83.82271,US
Akron,41.08144,-81.51901,US
Alliance,40.91534,-81.10593,US
Amherst,41.39782,-82.22238,US
Ashland,40.86867,-82.31822,US
Ashtabula,41.86505,-80.78981,US
Aurora,41.31755,-81.34539,US
Austintown,41.10172,-80.76452,US
Avon,41.45171,-82.03542,US
Avon Center,41.45976,-82.01959,US
Avon Lake,41.50532,-82.0282,US
Barberton,41.01283,-81.60512,US
Bay Village,41.48477,-81.92208,US
Beachwood,41.4645,-81.50873,US
Bedford,41.39311,-81.53651,US
Bedford Heights,41.417,-81.52734,US
Bellefontaine,40.36116,-83.75966,US
Bellevue,41.27366,-82.84158,US
Berea,41.36616,-81.8543,US
Boardman,41.02423,-80.66285,US
Bowling Green,41.37477,-83.65132,US
Brecksville,41.31978,-81.62679,US
Broadview Heights,41.31394,-81.68513,US
Brook Park,41.39838,-81.80458,US
Brooklyn,41.43977,-81.73541,US
Brunswick,41.23811,-81.8418,US
Bryan,41.47477,-84.55245,US
Bucyrus,40.80839,-82.97546,US
Cambridge,40.03118,-81.58846,US
Campbell,41.07839,-80.59924,US
Canal Fulton,40.88978,-81.59762,US
Canfield,41.02506,-80.76091,US
Canton,40.79895,-81.37845,US
Celina,40.54894,-84.57023,US
Chardon,41.61422,-81.14899,US
Cleveland,41.4995,-81.69541,US
Clyde,41.30422,-82.97519,US
Collinwood,41.55838,-81.56929,US
Columbiana,40.88839,-80.69396,US
Conneaut,41.94756,-80.55424,US
Copley,41.09894,-81.64457,US
Cortland,41.33033,-80.72536,US
Coshocton,40.27202,-81.85958,US
Cuyahoga Falls,41.13394,-81.48456,US
Defiance,41.28449,-84.35578,US
Delaware,40.29867,-83.06797,US
Delphos,40.84338,-84.34162,US
Dover,40.52062,-81.47401,US
Dublin,40.09923,-83.11408,US
East Cleveland,41.53311,-81.57901,US
East Liverpool,40.61868,-80.57729,US
Eastlake,41.65394,-81.45039,US
Elyria,41.36838,-82.10765,US
Euclid,41.5931,-81.52679,US
Fairlawn,41.12783,-81.60984,US
Fairview Park,41.44144,-81.8643,US
Findlay,41.04422,-83.64993,US
Fostoria,41.157,-83.41687,US
Fremont,41.35033,-83.12186,US
Gahanna,40.01923,-82.87934,US
Galion,40.73367,-82.7899,US
Garfield Heights,41.417,-81.60596,US
Geneva,41.80505,-80.94815,US
Girard,41.15395,-80.70147,US
Glenville,41.53338,-81.61735,US
Grafton,41.27255,-82.05459,US
Granville,40.06812,-82.5196,US
Green,40.94589,-81.48317,US
Greenville,40.10283,-84.63301,US
Heath,40.02284,-82.4446,US
Highland Heights,41.552,-81.47845,US
Hilliard,40.0334,-83.15825,US
Hough,41.512,-81.63652,US
Howland Center,41.25117,-80.74536,US
Hubbard,41.15645,-80.56924,US
Hudson,41.24006,-81.44067,US
Huron,41.39505,-82.55517,US
Independence,41.36866,-81.6379,US
Kent,41.15367,-81.35789,US
Kenton,40.647,-83.60965,US
Kirtland,41.62894,-81.3615,US
Lakewood,41.48199,-81.79819,US
Lewis Center,40.1984,-83.01018,US
Lima,40.74255,-84.10523,US
Lorain,41.45282,-82.18237,US
Louisville,40.83728,-81.25955,US
Lyndhurst,41.52005,-81.48873,US
Macedonia,41.31367,-81.50845,US
Mansfield,40.75839,-82.51545,US
Maple Heights,41.41533,-81.56596,US
Marion,40.58867,-83.12852,US
Martins Ferry,40.09591,-80.72453,US
Marysville,40.23645,-83.36714,US
Massillon,40.79672,-81.52151,US
Maumee,41.56283,-83.65382,US
Mayfield Heights,41.51922,-81.4579,US
Medina,41.13839,-81.86375,US
Mentor,41.66616,-81.33955,US
Mentor-on-the-Lake,41.70504,-81.36039,US
Middleburg Heights,41.36144,-81.81291,US
Mount Vernon,40.3934,-82.48572,US
Munroe Falls,41.1445,-81.43983,US
Napoleon,41.39227,-84.12522,US
New Albany,40.08117,-82.80879,US
New Franklin,40.94172,-81.54151,US
New Philadelphia,40.48979,-81.44567,US
Newark,40.05812,-82.40126,US
Niles,41.18284,-80.76536,US
North Canton,40.87589,-81.40234,US
North Madison,41.825,-81.056,US
North Olmsted,41.4156,-81.92347,US
North Ridgeville,41.38949,-82.01903,US
North Royalton,41.31366,-81.72457,US
Northwood,40.47283,-83.73243,US
Northwood,41.60727,-83.46882,US
Norton,41.02922,-81.63818,US
Norwalk,41.24255,-82.61573,US
Oberlin,41.29394,-82.21738,US
Olmsted Falls,41.37505,-81.90819,US
Ontario,40.7595,-82.59017,US
Oregon,41.64366,-83.48688,US
Orrville,40.84367,-81.76402,US
Painesville,41.72449,-81.24566,US
Parma,41.40477,-81.72291,US
Parma Heights,41.39005,-81.75958,US
Pepper Pike,41.47839,-81.46373,US
Perry Heights,40.79534,-81.47345,US
Perrysburg,41.557,-83.62716,US
Piqua,40.14477,-84.24244,US
Port Clinton,41.512,-82.93769,US
Portage Lakes,41.00728,-81.52706,US
Powell,40.15784,-83.07519,US
Ravenna,41.15756,-81.24205,US
Richmond Heights,41.55283,-81.51012,US
Rittman,40.97811,-81.78208,US
Rocky River,41.4756,-81.8393,US
Rossford,41.60977,-83.56438,US
Saint Clairsville,40.08063,-80.90009,US
Saint Marys,40.54227,-84.3894,US
Salem,40.90089,-80.85675,US
Sandusky,41.44894,-82.70796,US
Seven Hills,41.39533,-81.67624,US
Shaker Heights,41.47394,-81.53707,US
Sheffield Lake,41.48754,-82.10154,US
Shelby,40.88145,-82.66184,US
Sidney,40.28422,-84.1555,US
Solon,41.38978,-81.44123,US
South Euclid,41.52311,-81.51846,US
Steubenville,40.36979,-80.63396,US
Stow,41.1595,-81.44039,US
Streetsboro,41.23922,-81.34594,US
Strongsville,41.3145,-81.83569,US
Struthers,41.05256,-80.60785,US
Sunbury,40.24256,-82.85907,US
Sylvania,41.71894,-83.71299,US
Tallmadge,41.10145,-81.44178,US
Tiffin,41.1145,-83.17797,US
Toledo,41.66394,-83.55521,US
Troy,40.0395,-84.20328,US
Twinsburg,41.31256,-81.44011,US
Uhrichsville,40.39312,-81.3465,US
University Heights,41.49783,-81.53735,US
Upper Sandusky,40.82728,-83.28131,US
Urbana,40.10839,-83.75243,US
Vermilion,41.42199,-82.36461,US
Van Wert,40.86949,-84.58412,US
Vermilion-on-the-Lake,41.42838,-82.32377,US
Wadsworth,41.02561,-81.72985,US
Wapakoneta,40.56783,-84.19356,US
Warrensville Heights,41.43505,-81.53623,US
Waterville,41.50089,-83.71827,US
Warren,41.23756,-80.81842,US
Wauseon,41.54922,-84.14161,US
Westerville,40.12617,-82.92907,US
Westlake,41.45532,-81.91792,US
Wickliffe,41.60533,-81.45345,US
Willard,41.05311,-82.72629,US
Willoughby,41.63977,-81.4065,US
Willoughby Hills,41.59838,-81.41845,US
Willowick,41.6331,-81.46873,US
Wooster,40.80517,-81.93646,US
Worthington,40.09312,-83.01796,US
Youngstown,41.09978,-80.64952,US
Abington,40.12067,-75.11795,US
Academy Garden,40.06178,-74.99628,US
Aliquippa,40.63673,-80.24006,US
Allegheny West,40.00845,-75.17796,US
Allentown,40.60843,-75.49018,US
Allison Park,40.55951,-79.95867,US
Altoona,40.51868,-78.39474,US
Ambler,40.15455,-75.22157,US
Ambridge,40.58923,-80.22506,US
Ancient Oaks,40.54732,-75.58935,US
Archbald,41.4948,-75.53685,US
Ardmore,40.00678,-75.28546,US
Arlington Heights,40.99009,-75.21629,US
Audubon,40.12788,-75.43185,US
Back Mountain,41.33591,-75.99631,US
Bala Cynwyd,40.00761,-75.23407,US
Baldwin,40.33813,-79.97894,US
Bangor,40.86565,-75.20657,US
Beaver Falls,40.75201,-80.31923,US
Bedminster,40.42594,-75.17906,US
Bellefonte,40.91339,-77.77833,US
Bellevue,40.49396,-80.05172,US
Bensalem,40.10455,-74.95128,US
Berwick,41.05453,-76.23327,US
Bethel Park,40.32757,-80.0395,US
Bethlehem,40.62593,-75.37046,US
Birdsboro,40.26454,-75.80409,US
Blakely,41.48091,-75.59463,US
Blandon,40.4412,-75.88687,US
Bloomsburg,41.0037,-76.45495,US
Blue Bell,40.15233,-75.26629,US
Blue Grass,40.06567,-75.02739,US
Bradford,41.9559,-78.64392,US
Brentwood,40.37063,-79.97477,US
Bridesburg,40.00039,-75.06962,US
Bridgeville,40.35618,-80.11006,US
Bristol,40.10067,-74.85183,US
Bryn Mawr,40.30396,-80.08672,US
Bustleton,40.08261,-75.03156,US
Butler,40.86118,-79.89533,US
California,40.06563,-79.89171,US
Camp Hill,40.23981,-76.91997,US
Canonsburg,40.26257,-80.18728,US
Carbondale,41.57369,-75.50185,US
Carlisle,40.20148,-77.18887,US
Carpenter,40.05233,-75.20018,US
Castle Shannon,40.36479,-80.02228,US
Catasauqua,40.65482,-75.47463,US
Cedarbrook,40.07799,-75.17675,US
Chester Springs,40.0951,-75.61687,US
Chestnut Hill,40.07706,-75.2074,US
Clairton,40.29229,-79.88171,US
Clarion,41.21479,-79.38532,US
Clearfield,41.02728,-78.43919,US
Collegeville,40.18566,-75.45157,US
Colonial Park,40.30064,-76.80969,US
Columbia,40.03371,-76.50441,US
Connellsville,40.01785,-79.58948,US
Conshohocken,40.07928,-75.30157,US
Coraopolis,40.5184,-80.16672,US
Corry,41.92033,-79.64033,US
Crafton,40.43507,-80.06617,US
Croydon,40.08733,-74.9035,US
Dickson City,41.47147,-75.60769,US
Dormont,40.3959,-80.03311,US
Downingtown,40.0065,-75.70327,US
Doylestown,40.31011,-75.12989,US
Dresher,40.14094,-75.16684,US
DuBois,41.11923,-78.76003,US
Dunmore,41.4198,-75.63241,US
Duquesne,40.38146,-79.85977,US
East Falls,40.01456,-75.19157,US
East Oak Lane,40.05011,-75.13295,US
East Stroudsburg,40.99954,-75.18129,US
Easton,40.68843,-75.22073,US
Economy,40.60007,-80.22478,US
Edinboro,41.87422,-80.13172,US
Elizabethtown,40.15287,-76.60275,US
Elkins Park,40.07706,-75.12684,US
Ellwood City,40.86173,-80.28645,US
Emmaus,40.53954,-75.49685,US
Enola,40.29009,-76.93386,US
Ephrata,40.17982,-76.17884,US
Erie,42.12922,-80.08506,US
Exeter,41.32064,-75.81908,US
Fairless Hills,40.17955,-74.85516,US
Fernway,40.69479,-80.13089,US
Forest Hills,40.41979,-79.85005,US
Fort Washington,40.14178,-75.20906,US
Fox Chapel,40.5134,-79.87977,US
Fox Chase,40.08122,-75.08017,US
Frankford,40.01384,-75.07859,US
Franklin,41.39784,-79.83144,US
Franklin Park,40.5834,-80.08784,US
Fullerton,40.63176,-75.47324,US
Germantown,40.04344,-75.18018,US
Glen Willow,40.03483,-75.22574,US
Glenside,40.10233,-75.15212,US
Glenshaw,40.53285,-79.96755,US
Greenville,41.4045,-80.39118,US
Greensburg,40.30146,-79.53893,US
Grove City,41.15784,-80.08867,US
Harleysville,40.27955,-75.38712,US
Harrisburg,40.2737,-76.88442,US
Hatboro,40.17428,-75.10684,US
Hazleton,40.95842,-75.97465,US
Hellertown,40.57954,-75.34073,US
Hermitage,41.23339,-80.44868,US
Hershey,40.28592,-76.65025,US
Hollidaysburg,40.42729,-78.3889,US
Holmesburg,40.0415,-75.02795,US
Horsham,40.17844,-75.12851,US
Hunting Park,40.0165,-75.14379,US
Huntingdon,40.4848,-78.01028,US
Indiana,40.62146,-79.15253,US
Jeannette,40.32812,-79.61532,US
Jefferson Hills,40.29118,-79.93199,US
Johnstown,40.32674,-78.92197,US
Juniata Park,40.00845,-75.10879,US
King of Prussia,40.08927,-75.39602,US
Kingston,41.26175,-75.89686,US
Kulpsville,40.24288,-75.33656,US
Kutztown,40.51732,-75.77742,US
Lancaster,40.03788,-76.30551,US
Lansdale,40.2415,-75.28379,US
Latrobe,40.32118,-79.37948,US
Lawndale,40.05039,-75.09156,US
Lebanon,40.34093,-76.41135,US
Lehighton,40.8337,-75.7138,US
Leola,40.08787,-76.18495,US
Levittown,40.15511,-74.82877,US
Lewisburg,40.96453,-76.88441,US
Lewistown,40.59924,-77.57138,US
Limerick,40.23093,-75.52212,US
Linglestown,40.33398,-76.78914,US
Lionville,40.05372,-75.65993,US
Lititz,40.15732,-76.3069,US
Lock Haven,41.13701,-77.44693,US
Logan,40.02845,-75.15157,US
Lower Allen,40.22648,-76.90053,US
Lower Burrell,40.55312,-79.75727,US
Maple Glen,40.01563,-79.97672,US
Maple Glen,40.17928,-75.18045,US
McKees Rocks,40.46562,-80.06561,US
McKeesport,40.34785,-79.86422,US
Meadville,41.64144,-80.15145,US
Mechanicsburg,40.21426,-77.00859,US
Middletown,40.19981,-76.73108,US
Middletown,40.64399,-75.3324,US
Milton,41.01203,-76.84774,US
Modena Park,40.07844,-74.98795,US
Monaca,40.68729,-80.27145,US
Monessen,40.14841,-79.88783,US
Monroeville,40.42118,-79.7881,US
Montgomeryville,40.24733,-75.24379,US
Moosic,41.35341,-75.73825,US
Morrell Park,40.07344,-74.9885,US
Morrisville,40.2115,-74.78794,US
Morton,40.04178,-75.18296,US
Mount Carmel,40.79703,-76.4119,US
Mount Joy,40.10982,-76.5033,US
Mount Lebanon,40.35535,-80.0495,US
Mount Pleasant,40.06011,-75.18295,US
Mountain Top,41.16953,-75.87742,US
Munhall,40.39229,-79.90005,US
Murrysville,40.4284,-79.69755,US
Nanticoke,41.20536,-76.00492,US
Natrona Heights,40.6234,-79.72977,US
Nazareth,40.74038,-75.30962,US
New Brighton,40.73034,-80.31006,US
New Castle,41.00367,-80.34701,US
New Cumberland,40.23231,-76.8847,US
New Kensington,40.56979,-79.76477,US
New Holland,40.10176,-76.08523,US
Nicetown-Tioga,40.00989,-75.16387,US
Norristown,40.1215,-75.3399,US
North Versailles,40.37979,-79.80949,US
Northampton,40.68621,-75.49685,US
Oakmont,40.52173,-79.84227,US
Oil City,41.43395,-79.70644,US
Old Forge,41.37119,-75.73491,US
Olney,40.04122,-75.12379,US
Olyphant,41.46841,-75.60297,US
Oreland,40.11844,-75.17768,US
Oxford Circle,40.05011,-75.07184,US
Palmerton,40.8014,-75.6119,US
Palmyra,40.30898,-76.5933,US
Paoli,40.04205,-75.47631,US
Park Forest Village,40.80673,-77.91695,US
Parkwood Manor,40.09344,-74.96795,US
Paxtonia,40.31731,-76.79442,US
Penn Hills,40.50118,-79.83922,US
Pennypack,40.06678,-75.04545,US
Perkasie,40.37205,-75.29268,US
Phoenixville,40.13038,-75.51491,US
Pittsburgh,40.44062,-79.99589,US
Pittston,41.32591,-75.78936,US
Pittville,40.05733,-75.14462,US
Pleasant Hills,40.33563,-79.96061,US
Plum,40.50035,-79.74949,US
Plymouth,41.24036,-75.94464,US
Plymouth Meeting,40.10233,-75.27435,US
Pottstown,40.24537,-75.64963,US
Pottsville,40.68565,-76.1955,US
Progress,40.28509,-76.83136,US
Punxsutawney,40.94368,-78.97087,US
Quakertown,40.44177,-75.34157,US
Radnor,40.04622,-75.35991,US
Reading,40.33565,-75.92687,US
Red Lion,40.48065,-75.61602,US
Rhawnhurst,40.06178,-75.05573,US
Richboro,40.21511,-75.01072,US
Ryers,40.06372,-75.08712,US
Saint Marys,41.42784,-78.56086,US
Sanatoga,40.2451,-75.59518,US
Sayre,41.97896,-76.5155,US
Schlusser,40.24175,-77.17693,US
Schuylkill Haven,40.63065,-76.17105,US
Scranton,41.40916,-75.6649,US
Selinsgrove,40.79897,-76.86219,US
Shamokin,40.78897,-76.55885,US
Sharon,41.23311,-80.4934,US
Shawmont,40.05289,-75.23601,US
Shillington,40.30787,-75.96549,US
Shiloh,41.04172,-78.2914,US
Shippensburg,40.05065,-77.52026,US
Somerset,40.00841,-79.07808,US
Somerton,40.12344,-75.01489,US
Ogontz,40.05178,-75.15129,US
Souderton,40.31177,-75.32518,US
South Williamsport,41.23202,-76.99913,US
State College,40.79339,-77.86,US
Steelton,40.23537,-76.84136,US
Stroudsburg,40.98676,-75.19462,US
Sugarcreek,41.42145,-79.88117,US
Sunbury,40.86259,-76.79441,US
Swissvale,40.42368,-79.88283,US
Tacony,40.03122,-75.04434,US
Tamaqua,40.79731,-75.96937,US
Taylor,41.3948,-75.70658,US
Titusville,41.627,-79.67366,US
Torresdale,40.05483,-75.00434,US
Trooper,40.14983,-75.40185,US
Tulpehocken,40.03817,-75.19546,US
Turtle Creek,40.4059,-79.82505,US
Tyrone,40.67062,-78.23862,US
Upper Roxborough,40.05956,-75.23851,US
Upper Saint Clair,40.3359,-80.08339,US
Vandergrift,40.60284,-79.56477,US
Warren,41.84395,-79.14504,US
Washington,40.17396,-80.24617,US
Wayne,40.044,-75.38769,US
Wescosville,40.56676,-75.55296,US
West Mifflin,40.3634,-79.86644,US
West Mount Airy,40.05261,-75.19796,US
West Norriton,40.12955,-75.37852,US
West Oak Lane,40.06928,-75.16629,US
West View,40.52229,-80.03422,US
White Oak,40.33757,-79.80921,US
Whitehall,40.36118,-79.99089,US
Whitehall Township,40.66676,-75.49991,US
Wilkes-Barre,41.24591,-75.88131,US
Wilkinsburg,40.44174,-79.88199,US
Williamsport,41.24119,-77.00108,US
Willow Grove,40.144,-75.11573,US
Wilson,40.31007,-79.89144,US
Wilson,40.68399,-75.24184,US
Wissinoming,40.02233,-75.06323,US
Wyndmoor,40.08122,-75.18934,US
Wynnefield Heights,40.00345,-75.20462,US
Wyomissing,40.32954,-75.96521,US
Barrington,41.74066,-71.30866,US
Bristol,41.67705,-71.26616,US
Central Falls,41.89066,-71.39228,US
Charlestown,41.38316,-71.64173,US
Coventry,41.7001,-71.68284,US
Cranston,41.77982,-71.43728,US
Cumberland,41.96677,-71.43284,US
Cumberland Hill,41.97454,-71.467,US
East Greenwich,41.66038,-71.45589,US
East Providence,41.81371,-71.37005,US
Exeter,41.5776,-71.53756,US
Greenville,41.87121,-71.55201,US
Hopkinton,41.46121,-71.77757,US
Jamestown,41.49705,-71.36728,US
Kingston,41.48038,-71.52256,US
Middletown,41.54566,-71.29144,US
Narragansett,41.4501,-71.4495,US
Newport,41.4901,-71.31283,US
North Kingstown,41.5501,-71.46617,US
North Providence,41.8501,-71.46617,US
North Scituate,41.83177,-71.58729,US
North Smithfield,41.96677,-71.54951,US
Pawtucket,41.87871,-71.38256,US
Portsmouth,41.60232,-71.25033,US
Providence,41.82399,-71.41283,US
Smithfield,41.92204,-71.54951,US
Tiverton,41.62594,-71.21338,US
Valley Falls,41.90677,-71.39061,US
Warren,41.73038,-71.28255,US
Warwick,41.7001,-71.41617,US
West Warwick,41.69689,-71.52194,US
Westerly,41.3776,-71.82729,US
Woonsocket,42.00288,-71.51478,US
Aberdeen,45.4647,-98.48648,US
Brandon,43.5947,-96.57199,US
Brookings,44.31136,-96.79839,US
Harrisburg,43.43137,-96.69727,US
Huron,44.36332,-98.21426,US
Madison,44.00608,-97.11395,US
Mitchell,43.70943,-98.0298,US
Sioux Falls,43.54369,-96.72796,US
Vermillion,42.77944,-96.92921,US
Watertown,44.89941,-97.11507,US
Yankton,42.87111,-97.39728,US
Barre,44.19701,-72.50205,US
Bennington,42.87813,-73.19677,US
Brattleboro,42.85092,-72.55787,US
Burlington,44.47588,-73.21207,US
Colchester,44.54394,-73.14791,US
Essex Junction,44.49061,-73.11096,US
Hartford,43.66063,-72.33842,US
Lyndon,44.51422,-72.01093,US
Middlebury (village),44.01553,-73.16937,US
Montpelier,44.26006,-72.57539,US
Morristown,44.55727,-72.62373,US
Rockingham,43.18758,-72.48898,US
Rutland,43.61062,-72.97261,US
Saint Albans,44.81088,-73.08319,US
Saint Johnsbury,44.41922,-72.01509,US
South Burlington,44.46699,-73.17096,US
Williston,44.43755,-73.06818,US
Winooski,44.49144,-73.18568,US
Allouez,44.47749,-88.01621,US
Altoona,44.80468,-91.44321,US
Antigo,45.14025,-89.15234,US
Appleton,44.26193,-88.41538,US
Ashland,46.59244,-90.8838,US
Ashwaubenon,44.48221,-88.0701,US
Baraboo,43.47109,-89.74429,US
Beaver Dam,43.45777,-88.83733,US
Bellevue,44.44416,-87.9201,US
Beloit,42.50835,-89.03178,US
Berlin,43.96804,-88.94345,US
Brookfield,43.06057,-88.10648,US
Brown Deer,43.16334,-87.96453,US
Burlington,42.67807,-88.2762,US
Caledonia,42.8078,-87.92425,US
Cedarburg,43.29667,-87.98759,US
Chippewa Falls,44.93691,-91.39293,US
Cottage Grove,43.07611,-89.19956,US
Cudahy,42.95974,-87.86147,US
DeForest,43.24777,-89.34373,US
De Pere,44.44888,-88.06038,US
Delafield,43.06084,-88.40371,US
Delavan,42.63307,-88.64371,US
Eau Claire,44.81135,-91.49849,US
Edgerton,42.83528,-89.06761,US
Elkhorn,42.67279,-88.54454,US
Elm Grove,43.04307,-88.07898,US
Evansville,42.78028,-89.29928,US
Fitchburg,42.96083,-89.46984,US
Fond du Lac,43.775,-88.43883,US
Fort Atkinson,42.92889,-88.83705,US
Fox Point,43.15751,-87.90175,US
Franklin,42.88863,-88.03842,US
Germantown,43.22862,-88.11037,US
Glendale,43.13529,-87.93564,US
Grafton,43.31973,-87.95342,US
Green Bay,44.51916,-88.01983,US
Greendale,42.94057,-87.99592,US
Greenfield,42.9614,-88.01259,US
Hales Corners,42.93751,-88.0487,US
Hartford,43.31778,-88.37899,US
Hartland,43.10501,-88.34204,US
Holmen,43.9633,-91.25625,US
Howard,44.5436,-88.08816,US
Hudson,44.97469,-92.75687,US
Jackson,43.32389,-88.16676,US
Janesville,42.68279,-89.01872,US
Jefferson,43.00556,-88.80733,US
Kaukauna,44.27804,-88.27205,US
Kenosha,42.58474,-87.82119,US
Kimberly,44.27221,-88.339,US
Kronenwetter,44.82219,-89.5904,US
La Crosse,43.80136,-91.23958,US
Lake Geneva,42.59168,-88.43343,US
Lake Hallie,44.87579,-91.44071,US
Lake Mills,43.08139,-88.91177,US
Little Chute,44.27999,-88.31844,US
Madison,43.07305,-89.40123,US
Manitowoc,44.08861,-87.65758,US
Marinette,45.09998,-87.63066,US
Marshfield,44.66885,-90.1718,US
McFarland,43.0125,-89.28984,US
Menasha,44.20221,-88.4465,US
Menomonee Falls,43.1789,-88.11731,US
Menomonie,44.87552,-91.91934,US
Mequon,43.21555,-88.03001,US
Merrill,45.18052,-89.68346,US
Middleton,43.09722,-89.50429,US
Milton,42.77556,-88.944,US
Milwaukee,43.0389,-87.90647,US
Monona,43.06222,-89.33401,US
Monroe,42.60112,-89.63845,US
Mount Horeb,43.00861,-89.73846,US
Mukwonago,42.86668,-88.33343,US
Muskego,42.90585,-88.13898,US
Neenah,44.18582,-88.46261,US
New Berlin,42.9764,-88.10842,US
New London,44.39276,-88.73983,US
New Richmond,45.12302,-92.53659,US
North Fond du Lac,43.81138,-88.48344,US
North La Crosse,43.84635,-91.24819,US
Oak Creek,42.88585,-87.86314,US
Oconomowoc,43.11167,-88.49927,US
Onalaska,43.88441,-91.23514,US
Oregon,42.92611,-89.38456,US
Oshkosh,44.02471,-88.54261,US
Pewaukee,43.08057,-88.2612,US
Platteville,42.73416,-90.47846,US
Pleasant Prairie,42.55308,-87.93341,US
Plover,44.45636,-89.54401,US
Plymouth,43.74861,-87.97704,US
Port Washington,43.38722,-87.87564,US
Portage,43.53915,-89.46262,US
Prairie du Chien,43.05165,-91.14124,US
Racine,42.72613,-87.78285,US
Reedsburg,43.53248,-90.00263,US
Rhinelander,45.63662,-89.41208,US
Rib Mountain,44.91275,-89.6754,US
Rice Lake,45.50607,-91.73823,US
Richfield,43.25612,-88.19398,US
Richland Center,43.33471,-90.38679,US
Ripon,43.8422,-88.83594,US
River Falls,44.86136,-92.62381,US
Rothschild,44.88719,-89.62012,US
Saint Francis,42.96752,-87.87758,US
Salem,42.55474,-88.11092,US
Shawano,44.78221,-88.60899,US
Sheboygan,43.75083,-87.71453,US
Sheboygan Falls,43.73197,-87.82213,US
Shorewood,43.08918,-87.88758,US
Slinger,43.33361,-88.28621,US
Somers,42.6403,-87.91036,US
South Milwaukee,42.91057,-87.86064,US
Sparta,43.94413,-90.81291,US
Stevens Point,44.52358,-89.57456,US
Stoughton,42.91695,-89.21789,US
Sturgeon Bay,44.83416,-87.37704,US
Sturtevant,42.69807,-87.89452,US
Suamico,44.63194,-88.03927,US
Sun Prairie,43.1836,-89.21373,US
Superior,46.72077,-92.10408,US
Sussex,43.1339,-88.22204,US
Tichigan,42.8289,-88.19759,US
Tomah,43.97858,-90.50402,US
Twin Lakes,42.53113,-88.24815,US
Two Rivers,44.15388,-87.56925,US
Verona,42.99083,-89.53318,US
Waterford,42.76307,-88.21426,US
Watertown,43.19472,-88.72899,US
Waukesha,43.01168,-88.23148,US
Waunakee,43.19194,-89.45567,US
Waupaca,44.35803,-89.08595,US
Waupun,43.63332,-88.72955,US
Wausau,44.95914,-89.63012,US
Wauwatosa,43.04946,-88.00759,US
West Allis,43.01668,-88.00703,US
West Bend,43.42528,-88.18343,US
West Salem,43.89913,-91.08125,US
Weston,44.8908,-89.54762,US
Whitefish Bay,43.11334,-87.90009,US
Whitewater,42.83362,-88.73233,US
Wind Lake,42.82946,-88.1587,US
Wisconsin Rapids,44.38358,-89.81735,US
Weirton,40.41896,-80.58952,US
Weirton Heights,40.4084,-80.53924,US
Wheeling,40.06396,-80.72091,US
Ansonia,41.34621,-73.079,US
Avon,41.80982,-72.83065,US
Bethel,41.37121,-73.41401,US
Bloomfield,41.82649,-72.73009,US
Bridgeport,41.17923,-73.18945,US
Bristol,41.67176,-72.94927,US
Branford,41.27954,-72.8151,US
Cheshire,41.49899,-72.90066,US
Holbrook,34.90225,-110.15818,US
Fillmore,34.39916,-118.91815,US
Bisbee,31.44815,-109.92841,US
Buckeye,33.37032,-112.58378,US
Bullhead City,35.14778,-114.5683,US
Camp Verde,34.56364,-111.85432,US
Casa Grande,32.8795,-111.75735,US
Casas Adobes,32.32341,-110.9951,US
Catalina,32.50556,-110.92111,US
Catalina Foothills,32.29785,-110.9187,US
Cave Creek,33.83333,-111.95083,US
Chandler,33.30616,-111.84125,US
Chino Valley,34.75752,-112.45378,US
Coolidge,32.97784,-111.51762,US
Corona de Tucson,31.96536,-110.77564,US
Cottonwood,34.73919,-112.00988,US
Deer Valley,33.68393,-112.13488,US
Douglas,31.34455,-109.54534,US
Drexel Heights,32.14119,-111.02843,US
El Mirage,33.61309,-112.3246,US
Eloy,32.7559,-111.55484,US
Flagstaff,35.19807,-111.65127,US
Florence,33.03145,-111.38734,US
Flowing Wells,32.29396,-111.00982,US
Fortuna Foothills,32.65783,-114.41189,US
Fountain Hills,33.61171,-111.71736,US
Gilbert,33.35283,-111.78903,US
Glendale,33.53865,-112.18599,US
Globe,33.39422,-110.7865,US
Gold Camp,33.29367,-111.30429,US
Golden Valley,35.22333,-114.22301,US
Goodyear,33.43532,-112.35821,US
Green Valley,31.85425,-110.9937,US
Guadalupe,33.37088,-111.96292,US
Kayenta,36.72778,-110.25458,US
Kingman,35.18944,-114.05301,US
Lake Havasu City,34.4839,-114.32245,US
Laveen,33.36282,-112.16932,US
Litchfield Park,33.49337,-112.35794,US
Marana,32.43674,-111.22538,US
Maricopa,33.05811,-112.04764,US
Maryvale,33.50199,-112.17765,US
Mesa,33.42227,-111.82264,US
New River,33.91587,-112.13599,US
Nogales,31.34038,-110.93425,US
Oro Valley,32.39091,-110.96649,US
Page,36.91472,-111.45583,US
Paradise Valley,33.53115,-111.94265,US
Paulden,34.88558,-112.46823,US
Payson,34.23087,-111.32514,US
Peoria,33.5806,-112.23738,US
Phoenix,33.44838,-112.07404,US
Picture Rocks,32.34591,-111.24621,US
Prescott,34.54002,-112.4685,US
Prescott Valley,34.61002,-112.31572,US
Queen Creek,33.24866,-111.6343,US
Rio Rico,31.47148,-110.97648,US
Safford,32.83395,-109.70758,US
Sahuarita,31.95758,-110.95565,US
San Luis,32.487,-114.78218,US
Scottsdale,33.50921,-111.89903,US
Sedona,34.86974,-111.76099,US
Show Low,34.25421,-110.02983,US
Sierra Vista,31.55454,-110.30369,US
Snowflake,34.51337,-110.07845,US
Somerton,32.59644,-114.70968,US
South Tucson,32.19952,-110.96842,US
Summit,32.06702,-110.95148,US
Sun City,33.59754,-112.27182,US
Sun City West,33.66198,-112.34127,US
Sun Lakes,33.21116,-111.87542,US
Surprise,33.63059,-112.33322,US
Tanque Verde,32.25174,-110.73731,US
Tempe,33.41477,-111.90931,US
Tempe Junction,33.41421,-111.94348,US
Three Points,32.07675,-111.31371,US
Tolleson,33.45004,-112.25932,US
Tuba City,36.13499,-111.23986,US
Tucson,32.22174,-110.92648,US
Tucson Estates,32.18758,-111.09093,US
Vail,32.04786,-110.71203,US
Wickenburg,33.96864,-112.72962,US
Williamson,34.69002,-112.54101,US
Winslow,35.02419,-110.69736,US
Youngtown,33.59393,-112.30294,US
Yuma,32.72532,-114.6244,US
Acton,34.46999,-118.19674,US
Adelanto,34.58277,-117.40922,US
Agoura,34.14306,-118.73787,US
Agoura Hills,34.13639,-118.77453,US
Agua Caliente,38.32408,-122.48804,US
Alameda,37.77099,-122.26087,US
Alamo,37.8502,-122.03218,US
Albany,37.88687,-122.29775,US
Alhambra,34.09529,-118.12701,US
Aliso Viejo,33.56504,-117.72712,US
Alondra Park,33.88946,-118.33091,US
Alpine,32.83505,-116.76641,US
Alta Sierra,35.73126,-118.5539,US
Alta Sierra,39.14156,-121.05384,US
Altadena,34.18973,-118.13118,US
Alum Rock,37.36605,-121.82718,US
American Canyon,38.17492,-122.2608,US
Anaheim,33.83529,-117.9145,US
Antelope,38.70824,-121.32995,US
Antioch,38.00492,-121.80579,US
Apple Valley,34.50083,-117.18588,US
Aptos,36.97717,-121.8994,US
Arcadia,34.13973,-118.03534,US
Arroyo Grande,35.11859,-120.59073,US
Artesia,33.86585,-118.08312,US
Arvin,35.20913,-118.82843,US
Ashland,37.69465,-122.11385,US
Atascadero,35.48942,-120.67073,US
Atherton,37.46133,-122.19774,US
Atwater Village,34.1164,-118.25646,US
Atwater,37.34772,-120.60908,US
Auburn,38.89657,-121.07689,US
August,37.97881,-121.26217,US
Avenal,36.00412,-120.12903,US
Avocado Heights,34.03612,-117.99118,US
Azusa,34.13362,-117.90756,US
Bakersfield,35.37329,-119.01871,US
Baldwin Park,34.08529,-117.9609,US
Banning,33.92557,-116.87641,US
Barstow,34.89859,-117.02282,US
Barstow Heights,34.86971,-117.05615,US
Bay Point,38.02909,-121.96163,US
Bear Valley Springs,35.15913,-118.62842,US
Beaumont,33.92946,-116.97725,US
Bel Air,34.08334,-118.44869,US
Bell,33.97751,-118.18702,US
Bell Gardens,33.96529,-118.15146,US
Bellflower,33.88168,-118.11701,US
Belmont,37.52021,-122.2758,US
Ben Lomond,37.08911,-122.08635,US
Benicia,38.04937,-122.15858,US
Berkeley,37.87159,-122.27275,US
Bermuda Dunes,33.7428,-116.28918,US
Beverly Hills,34.07362,-118.40036,US
Big Bear City,34.26112,-116.84503,US
Big Bear Lake,34.2439,-116.91142,US
Blackhawk,37.82076,-121.90774,US
Bloomington,34.07029,-117.39588,US
Blythe,33.6103,-114.59635,US
Bonita,32.65783,-117.03003,US
Bostonia,32.80755,-116.93642,US
Boyle Heights,34.0339,-118.20535,US
Boyes Hot Springs,38.3138,-122.48193,US
Brawley,32.97866,-115.53027,US
Brea,33.91668,-117.90006,US
Brentwood,37.93187,-121.69579,US
Brentwood,34.05195,-118.47397,US
Buellton,34.6136,-120.19265,US
Buena Park,33.86751,-117.99812,US
Burbank,34.18084,-118.30897,US
Burlingame,37.5841,-122.36608,US
Calabasas,34.15778,-118.63842,US
Calexico,32.67895,-115.49888,US
California City,35.1258,-117.9859,US
Calipatria,33.1256,-115.51415,US
Calistoga,38.5788,-122.57971,US
Calimesa,34.0039,-117.06198,US
Camarillo,34.21639,-119.0376,US
Cambria,35.56414,-121.08075,US
Cameron Park,38.66879,-120.98716,US
Campbell,37.28717,-121.94996,US
Canoga Park,34.20112,-118.59814,US
Canyon Country,34.42333,-118.47203,US
Canyon Lake,33.68502,-117.27309,US
Capitola,36.97523,-121.95329,US
Carlsbad,33.15809,-117.35059,US
Carmichael,38.61713,-121.32828,US
Carpinteria,34.39888,-119.51846,US
Carson,33.83141,-118.28202,US
Castaic,34.48888,-118.62287,US
Castro Valley,37.6941,-122.08635,US
Castroville,36.76579,-121.758,US
Cathedral City,33.77974,-116.46529,US
Ceres,37.59493,-120.95771,US
Century City,34.05557,-118.41786,US
Cerritos,33.85835,-118.06479,US
Charter Oak,34.10306,-117.84589,US
Chatsworth,34.25723,-118.6012,US
Cherry Valley,33.97252,-116.97725,US
Cherryland,37.67938,-122.1033,US
Chico,39.72849,-121.83748,US
Chinatown,37.7966,-122.40858,US
Chino,34.01223,-117.68894,US
Chino Hills,33.9938,-117.75888,US
Chowchilla,37.123,-120.26018,US
Chula Vista,32.64005,-117.0842,US
Citrus,34.11501,-117.89173,US
Citrus Heights,38.70712,-121.28106,US
Claremont,34.09668,-117.71978,US
Clayton,37.94103,-121.93579,US
Clearlake,38.95823,-122.62637,US
Cloverdale,38.80546,-123.01722,US
Clovis,36.82523,-119.70292,US
Coachella,33.6803,-116.17389,US
Coalinga,36.13968,-120.36015,US
Colton,34.0739,-117.31365,US
Colusa,39.21433,-122.00942,US
Commerce,34.00057,-118.15979,US
Compton,33.89585,-118.22007,US
Concord,37.97798,-122.03107,US
Corcoran,36.09801,-119.5604,US
Corning,39.92766,-122.17916,US
Corona,33.87529,-117.56644,US
Coronado,32.68589,-117.18309,US
Corte Madera,37.92548,-122.52748,US
Costa Mesa,33.64113,-117.91867,US
Cotati,38.32686,-122.70721,US
Coto De Caza,33.60419,-117.58699,US
Country Club,37.96881,-121.34078,US
Covina,34.09001,-117.89034,US
Crestline,34.24195,-117.2856,US
Cudahy,33.96057,-118.18535,US
Culver City,34.02112,-118.39647,US
Cupertino,37.323,-122.03218,US
Cypress,33.81696,-118.03729,US
Daly City,37.70577,-122.46192,US
Dana Point,33.46697,-117.69811,US
Danville,37.82159,-121.99996,US
Davis,38.54491,-121.74052,US
Del Aire,33.91613,-118.36952,US
Delano,35.76884,-119.24705,US
Delhi,37.43216,-120.77854,US
Desert Hot Springs,33.96173,-116.50353,US
Diamond Bar,34.02862,-117.81034,US
Diamond Springs,38.69463,-120.81494,US
Dinuba,36.54328,-119.38707,US
Discovery Bay,37.90854,-121.60023,US
Dixon,38.44546,-121.8233,US
Dos Palos,36.98606,-120.62657,US
Downey,33.94001,-118.13257,US
Duarte,34.13945,-117.97729,US
Dublin,37.70215,-121.93579,US
Durham,39.64627,-121.79998,US
Earlimart,35.88412,-119.27233,US
East Rancho Dominguez,33.89807,-118.19535,US
East Foothills,37.38105,-121.81745,US
East Hemet,33.74002,-116.93891,US
East La Mirada,33.92446,-117.98895,US
East Los Angeles,34.0239,-118.17202,US
East Palo Alto,37.46883,-122.14108,US
East Pasadena,34.13814,-118.07384,US
East Porterville,36.05745,-118.97566,US
East San Gabriel,34.09168,-118.09118,US
El Cajon,32.79477,-116.96253,US
El Centro,32.792,-115.56305,US
El Cerrito,37.91576,-122.31164,US
El Cerrito Corona,33.84057,-117.52283,US
El Dorado Hills,38.68574,-121.08217,US
El Granada,37.50272,-122.46942,US
El Monte,34.06862,-118.02757,US
El Rio,34.23578,-119.16383,US
El Segundo,33.91918,-118.41647,US
El Sobrante,37.97715,-122.29525,US
Elk Grove,38.4088,-121.37162,US
Elverta,38.71379,-121.46273,US
Emeryville,37.83132,-122.28525,US
Encinitas,33.03699,-117.29198,US
Encino,34.15917,-118.50119,US
Escalon,37.79781,-120.99792,US
Escondido,33.11921,-117.08642,US
Eucalyptus Hills,32.87977,-116.94669,US
Exeter,36.29606,-119.14205,US
Fair Oaks,38.64463,-121.27217,US
Fairfax,37.98715,-122.58887,US
Fairfield,38.24936,-122.03997,US
Fairview,37.67854,-122.0458,US
Fallbrook,33.37642,-117.25115,US
Farmersville,36.29773,-119.20678,US
Firebaugh,36.85884,-120.45601,US
Florin,38.49602,-121.40884,US
Folsom,38.67796,-121.17606,US
Fontana,34.09223,-117.43505,US
Foothill Farms,38.67877,-121.35114,US
Foothill Ranch,33.68641,-117.66088,US
Fort Bragg,39.44572,-123.80529,US
Fort Irwin,35.26275,-116.68475,US
Foster City,37.55855,-122.27108,US
Fountain Valley,33.70918,-117.95367,US
Fowler,36.63051,-119.67847,US
Fremont,37.54827,-121.98857,US
Fresno,36.74773,-119.77237,US
Fullerton,33.87029,-117.92534,US
Galt,38.25464,-121.29995,US
Garden Acres,37.96381,-121.22939,US
Garden Grove,33.77391,-117.94145,US
Gardena,33.88835,-118.30896,US
Garnet,33.927,-116.477,US
Gilroy,37.00578,-121.56828,US
Glen Avon,34.01168,-117.48477,US
Glendale,34.14251,-118.25508,US
Glendora,34.13612,-117.86534,US
Gold River,38.62629,-121.24662,US
Golden Hills,35.14247,-118.49036,US
Goleta,34.43583,-119.82764,US
Gonzales,36.50663,-121.44438,US
Good Hope,33.76474,-117.26698,US
Grand Terrace,34.0339,-117.31365,US
Granite Bay,38.76323,-121.16384,US
Grass Valley,39.21906,-121.06106,US
Greenacres,35.38329,-119.10983,US
Greenfield,36.3208,-121.24381,US
Gridley,39.36378,-121.69358,US
Grover Beach,35.12164,-120.62128,US
Guadalupe,34.97164,-120.57184,US
Gustine,37.25772,-120.99882,US
Hacienda Heights,33.99307,-117.96868,US
Half Moon Bay,37.46355,-122.42859,US
Hanford,36.32745,-119.64568,US
Hawaiian Gardens,33.8314,-118.07284,US
Hawthorne,33.9164,-118.35257,US
Hayward,37.66882,-122.0808,US
Healdsburg,38.61047,-122.86916,US
Hemet,33.74761,-116.97307,US
Hercules,38.01714,-122.28858,US
Hermosa Beach,33.86224,-118.39952,US
Hesperia,34.42639,-117.30088,US
Hidden Valley Lake,38.80796,-122.55832,US
Highland,34.12834,-117.20865,US
Hillsborough,37.5741,-122.37942,US
Hollister,36.85245,-121.4016,US
Hollywood,34.09834,-118.32674,US
Holtville,32.81116,-115.38026,US
Home Gardens,33.87807,-117.52088,US
Homeland,33.74308,-117.1092,US
Hughson,37.59688,-120.86604,US
Huntington Beach,33.6603,-117.99923,US
Huntington Park,33.98168,-118.22507,US
Huron,36.20273,-120.10292,US
Imperial,32.84755,-115.56944,US
Imperial Beach,32.58394,-117.11308,US
Indian Wells,33.71791,-116.34311,US
Indio,33.7207,-116.21677,US
Inglewood,33.96168,-118.35313,US
Interlaken,36.95134,-121.73384,US
Ione,38.35269,-120.93272,US
Irvine,33.66946,-117.82311,US
Isla Vista,34.41333,-119.86097,US
Jamul,32.717,-116.87613,US
Joshua Tree,34.13473,-116.31307,US
Kensington,37.91048,-122.28025,US
Kentfield,37.95215,-122.5572,US
Kerman,36.72356,-120.05988,US
Keyes,37.5566,-120.91549,US
King City,36.21274,-121.12603,US
Kingsburg,36.51384,-119.55402,US
Koreatown,34.05779,-118.30091,US
La Cañada Flintridge,34.19917,-118.18785,US
La Habra,33.93196,-117.94617,US
La Habra Heights,33.96085,-117.95062,US
La Jolla,32.84727,-117.2742,US
La Mesa,32.76783,-117.02308,US
La Mirada,33.91724,-118.01201,US
La Palma,33.8464,-118.04673,US
La Presa,32.70811,-116.99725,US
La Puente,34.02001,-117.94951,US
La Quinta,33.66336,-116.31001,US
La Riviera,38.56685,-121.3569,US
La Verne,34.10084,-117.76784,US
Ladera Heights,33.99418,-118.37535,US
Ladera Ranch,33.57086,-117.63561,US
Lafayette,37.88576,-122.11802,US
Laguna,38.42102,-121.42384,US
Laguna Beach,33.54225,-117.78311,US
Laguna Hills,33.61252,-117.71283,US
Laguna Niguel,33.52253,-117.70755,US
Laguna Woods,33.6103,-117.72533,US
Lake Arrowhead,34.24834,-117.18921,US
Lake Elsinore,33.66808,-117.32726,US
Lake Forest,33.64697,-117.68922,US
Lake Los Angeles,34.61249,-117.82812,US
Lakeland Village,33.63863,-117.34393,US
Lakeside,32.85727,-116.92225,US
Lakewood,33.85363,-118.13396,US
Lamont,35.25968,-118.91427,US
Lancaster,34.69804,-118.13674,US
Larkspur,37.93409,-122.53525,US
Las Flores,34.03723,-118.63592,US
Las Flores,33.58808,-117.62672,US
Lathrop,37.8227,-121.27661,US
Lawndale,33.88724,-118.35257,US
Lemon Grove,32.74255,-117.03142,US
Lemoore,36.30078,-119.78291,US
Lennox,33.93807,-118.35258,US
Lincoln,38.89156,-121.29301,US
Linda,39.12767,-121.5508,US
Lindsay,36.20301,-119.08816,US
Live Oak,36.98356,-121.98052,US
Live Oak,39.27572,-121.65997,US
Livingston,37.38688,-120.72353,US
Livermore,37.68187,-121.76801,US
Lodi,38.1302,-121.27245,US
Loma Linda,34.04835,-117.26115,US
Lomita,33.79224,-118.31507,US
Lompoc,34.63915,-120.45794,US
Long Beach,33.76696,-118.18923,US
Loomis,38.82129,-121.193,US
Los Alamitos,33.80307,-118.07256,US
Los Altos,37.38522,-122.11413,US
Los Altos Hills,37.37966,-122.13746,US
Los Angeles,34.05223,-118.24368,US
Los Banos,37.05828,-120.84992,US
Los Gatos,37.22661,-121.97468,US
Los Osos,35.31109,-120.8324,US
Los Serranos,33.97279,-117.70811,US
Lucerne Valley,34.44389,-116.96781,US
Lynwood,33.93029,-118.21146,US
Madera,36.96134,-120.06072,US
Madera Acres,37.01911,-120.06683,US
Magalia,39.81211,-121.57831,US
Malibu,34.02577,-118.7804,US
Mammoth Lakes,37.64855,-118.97208,US
Manhattan Beach,33.88474,-118.41091,US
Manteca,37.79743,-121.21605,US
Marina,36.6844,-121.80217,US
Marina del Rey,33.98162,-118.45371,US
Martinez,38.01937,-122.13413,US
Marysville,39.14573,-121.59135,US
Mayflower Village,34.11501,-118.00979,US
Maywood,33.98668,-118.18535,US
McFarland,35.67801,-119.22927,US
Mead Valley,33.83335,-117.29615,US
Mecca,33.57219,-116.0782,US
Mendota,36.75356,-120.38156,US
Menifee,33.72835,-117.14642,US
Menlo Park,37.45383,-122.18219,US
Mentone,34.07001,-117.13448,US
Merced,37.30216,-120.48297,US
Midway City,33.74474,-117.98923,US
Mill Valley,37.90604,-122.54498,US
Millbrae,37.59855,-122.38719,US
Milpitas,37.42827,-121.90662,US
Jurupa Valley,33.99251,-117.51644,US
Mira Mesa,32.9156,-117.14392,US
Mira Monte,34.43361,-119.28511,US
Mission District,37.75993,-122.41914,US
Mission Viejo,33.60002,-117.672,US
Modesto,37.6391,-120.99688,US
Monrovia,34.14806,-117.99895,US
Montclair,34.07751,-117.68978,US
Montebello,34.00946,-118.10535,US
Montecito,34.43666,-119.63208,US
Monterey,36.60024,-121.89468,US
Monterey Park,34.06251,-118.12285,US
Moorpark,34.28556,-118.88204,US
Moraga,37.83493,-122.12969,US
Moreno Valley,33.93752,-117.23059,US
Morgan Hill,37.1305,-121.65439,US
Morro Bay,35.36581,-120.8499,US
Mountain House,37.78326,-121.54273,US
Mountain View,37.38605,-122.08385,US
Murrieta,33.55391,-117.21392,US
Muscoy,34.15418,-117.34421,US
Napa,38.29714,-122.28553,US
National City,32.67811,-117.0992,US
Newark,37.52966,-122.04024,US
Newman,37.31383,-121.02076,US
Newport Beach,33.61891,-117.92895,US
Nipomo,35.04275,-120.476,US
Norco,33.93113,-117.54866,US
North Auburn,38.93129,-121.08189,US
North Fair Oaks,37.47438,-122.19663,US
North Highlands,38.68574,-121.37217,US
North Hollywood,34.17223,-118.37897,US
Northridge,34.22834,-118.53675,US
Norwalk,33.90224,-118.08173,US
Novato,38.10742,-122.5697,US
Nuevo,33.80141,-117.14587,US
Oak Hills,34.38313,-117.38135,US
Oak Park,34.17917,-118.76287,US
Oakdale,37.76659,-120.84715,US
Oakland,37.80437,-122.2708,US
Oakley,37.99742,-121.71245,US
Oasis,33.46586,-116.09889,US
Oceano,35.09886,-120.61239,US
Oceanside,33.19587,-117.37948,US
Oildale,35.41968,-119.01955,US
Ojai,34.44805,-119.24289,US
Olivehurst,39.09545,-121.55219,US
Ontario,34.06334,-117.65089,US
Orange,33.78779,-117.85311,US
Orange Cove,36.62439,-119.31373,US
Orangevale,38.67851,-121.22578,US
Orcutt,34.86526,-120.436,US
Orinda,37.87715,-122.17969,US
Orland,39.74738,-122.19637,US
Orosi,36.54495,-119.28734,US
Oroville,39.51394,-121.55776,US
Oxnard,34.1975,-119.17705,US
Pacific Palisades,34.04806,-118.52647,US
Pacifica,37.61383,-122.48692,US
Pacific Grove,36.61774,-121.91662,US
Palermo,39.43544,-121.53802,US
Palm Desert,33.72255,-116.37697,US
Palm Springs,33.8303,-116.54529,US
Palmdale,34.57943,-118.11646,US
Palo Alto,37.44188,-122.14302,US
Palos Verdes Estates,33.80105,-118.39245,US
Paradise,39.75961,-121.62192,US
Paramount,33.88946,-118.15979,US
Parkway,38.49602,-121.45884,US
Parlier,36.61162,-119.52707,US
Pasadena,34.14778,-118.14452,US
Paso Robles,35.62664,-120.691,US
Patterson,37.4716,-121.12966,US
Pedley,33.97529,-117.47588,US
Perris,33.78252,-117.22865,US
Petaluma,38.23242,-122.63665,US
Phelan,34.42611,-117.57228,US
Pico Rivera,33.98307,-118.09673,US
Piedmont,37.82437,-122.23163,US
Pinole,38.00437,-122.29886,US
Pismo Beach,35.14275,-120.64128,US
Pittsburg,38.02798,-121.88468,US
Piñon Hills,34.43333,-117.64672,US
Placentia,33.87224,-117.87034,US
Placerville,38.72963,-120.79855,US
Pleasant Hill,37.94798,-122.0608,US
Pleasanton,37.66243,-121.87468,US
Plumas Lake,39.02073,-121.55802,US
Pollock Pines,38.76158,-120.58611,US
Pomona,34.05529,-117.75228,US
Port Hueneme,34.14778,-119.19511,US
Portola Hills,33.67919,-117.63116,US
Porterville,36.06523,-119.01677,US
Poway,32.96282,-117.03586,US
Prunedale,36.77579,-121.66967,US
Quartz Hill,34.64526,-118.21813,US
Ramona,33.04171,-116.86808,US
Rancho Cordova,38.58907,-121.30273,US
Rancho Cucamonga,34.1064,-117.59311,US
Rancho Mirage,33.73974,-116.41279,US
Rancho Murieta,38.50185,-121.09467,US
Rancho Palos Verdes,33.74446,-118.38702,US
Rancho Penasquitos,32.95949,-117.11531,US
Rancho San Diego,32.74727,-116.9353,US
Rancho Santa Margarita,33.64086,-117.6031,US
Redlands,34.05557,-117.18254,US
Redondo Beach,33.84918,-118.38841,US
Redwood City,37.48522,-122.23635,US
Redwood Shores,37.53188,-122.24802,US
Reedley,36.59634,-119.4504,US
Reseda,34.20112,-118.53647,US
Rialto,34.1064,-117.37032,US
Richmond,37.93576,-122.34775,US
Ridgecrest,35.62246,-117.6709,US
Rio Del Mar,36.96828,-121.90023,US
Rio Linda,38.69101,-121.44857,US
Ripon,37.74159,-121.12438,US
Riverbank,37.73604,-120.93549,US
Riverside,33.95335,-117.39616,US
Rocklin,38.79073,-121.23578,US
Rodeo,38.03298,-122.26691,US
Rohnert Park,38.33964,-122.7011,US
Rolling Hills Estates,33.78779,-118.35813,US
Rosamond,34.86414,-118.16341,US
Rosedale,35.38357,-119.14538,US
Roseland,38.42213,-122.72804,US
Rosemead,34.08057,-118.07285,US
Rosemont,38.55185,-121.36467,US
Roseville,38.75212,-121.28801,US
Rossmoor,33.78557,-118.08506,US
Rowland Heights,33.97612,-117.90534,US
Rubidoux,33.99613,-117.4056,US
Sacramento,38.58157,-121.4944,US
Saint Helena,38.50519,-122.47026,US
Salida,37.70576,-121.08494,US
Salinas,36.67774,-121.6555,US
San Anselmo,37.97465,-122.56164,US
San Bernardino,34.10834,-117.28977,US
San Bruno,37.63049,-122.41108,US
San Carlos,37.50716,-122.26052,US
San Clemente,33.42697,-117.61199,US
San Diego,32.71571,-117.16472,US
San Diego Country Estates,33.00671,-116.78364,US
San Dimas,34.10668,-117.80673,US
San Fernando,34.28195,-118.43897,US
San Francisco,37.77493,-122.41942,US
San Gabriel,34.09611,-118.10583,US
San Jacinto,33.78391,-116.95864,US
San Jose,37.33939,-121.89496,US
San Juan Capistrano,33.50169,-117.66255,US
San Leandro,37.72493,-122.15608,US
San Lorenzo,37.67412,-122.13321,US
San Luis Obispo,35.28275,-120.65962,US
San Marcos,33.14337,-117.16614,US
San Marino,34.1214,-118.10646,US
San Martin,37.08495,-121.61022,US
San Mateo,37.56299,-122.32553,US
San Pablo,37.96215,-122.34553,US
San Pedro,33.73585,-118.29229,US
San Rafael,37.97353,-122.53109,US
San Ramon,37.77993,-121.97802,US
Sanger,36.70801,-119.55597,US
Santa Ana,33.74557,-117.86783,US
Santa Barbara,34.42083,-119.69819,US
Santa Clara,37.35411,-121.95524,US
Santa Clarita,34.39166,-118.54259,US
Santa Cruz,36.97412,-122.0308,US
Santa Fe Springs,33.94724,-118.08535,US
Santa Maria,34.95303,-120.43572,US
Santa Monica,34.01949,-118.49138,US
Santa Paula,34.35417,-119.05927,US
Santa Rosa,38.44047,-122.71443,US
Santee,32.83838,-116.97392,US
Saranap,37.88492,-122.07607,US
Saratoga,37.26383,-122.02301,US
Sausalito,37.85909,-122.48525,US
Sawtelle,34.0363,-118.44949,US
Scotts Valley,37.05106,-122.01468,US
Seal Beach,33.74141,-118.10479,US
Seaside,36.61107,-121.85162,US
Sebastopol,38.40214,-122.82388,US
Selma,36.57078,-119.61208,US
North Hills,34.23639,-118.48472,US
Shadow Hills,34.26195,-118.35175,US
Shafter,35.50051,-119.27178,US
Sherman Oaks,34.15112,-118.44925,US
Sierra Madre,34.16167,-118.05285,US
Signal Hill,33.80446,-118.16785,US
Simi Valley,34.26945,-118.78148,US
Solana Beach,32.99115,-117.27115,US
Soledad,36.42469,-121.32632,US
Solvang,34.59582,-120.13765,US
Sonoma,38.29186,-122.45804,US
Soquel,36.98801,-121.95663,US
South El Monte,34.05195,-118.04673,US
South Gate,33.95474,-118.21202,US
South Lake Tahoe,38.93324,-119.98435,US
South Oroville,39.481,-121.536,US
South Pasadena,34.11612,-118.15035,US
South San Francisco,37.65466,-122.40775,US
South San Gabriel,34.04915,-118.09462,US
South San Jose Hills,34.01279,-117.90478,US
South Whittier,33.95015,-118.03917,US
South Yuba City,39.11656,-121.63913,US
Spring Valley,32.74477,-116.99892,US
Stanford,37.42411,-122.16608,US
Stanton,33.80252,-117.99312,US
Stockton,37.9577,-121.29078,US
Strawberry,37.89687,-122.50886,US
Studio City,34.14862,-118.39647,US
Suisun,38.23825,-122.04024,US
Sun City,33.70919,-117.19726,US
Sunland,34.26695,-118.3023,US
Sunnyslope,34.01196,-117.43338,US
Sunnyvale,37.36883,-122.03635,US
Sylmar,34.30778,-118.44925,US
Taft,35.14247,-119.45651,US
Tamalpais Valley,37.87965,-122.54581,US
Tara Hills,37.99353,-122.31636,US
Tehachapi,35.13219,-118.44897,US
Temecula,33.49364,-117.14836,US
Temple City,34.10723,-118.05785,US
Templeton,35.54969,-120.706,US
Thermalito,39.51128,-121.58692,US
Thousand Oaks,34.17056,-118.83759,US
Thousand Palms,33.82002,-116.39029,US
Tiburon,37.87354,-122.45664,US
Tierra Buena,39.14878,-121.66691,US
Topanga,34.09362,-118.60147,US
Torrance,33.83585,-118.34063,US
Tracy,37.73987,-121.42618,US
Truckee,39.32796,-120.18325,US
Tujunga,34.25223,-118.28841,US
Tulare,36.20773,-119.34734,US
Turlock,37.49466,-120.84659,US
Tustin,33.74585,-117.82617,US
North Tustin,33.76446,-117.79394,US
Twentynine Palms,34.13556,-116.05417,US
Ukiah,39.15017,-123.20778,US
Union City,37.59577,-122.01913,US
Universal City,34.1389,-118.35341,US
Upland,34.09751,-117.64839,US
Vacaville,38.35658,-121.98774,US
Valencia,34.44361,-118.60953,US
Valinda,34.04529,-117.94367,US
Valle Vista,33.7478,-116.89336,US
Vallejo,38.10409,-122.25664,US
Valley Center,33.21837,-117.0342,US
Van Nuys,34.18667,-118.44897,US
Vandenberg Village,34.70832,-120.46766,US
Venice,33.99084,-118.46008,US
Ventura,34.27834,-119.29317,US
Victorville,34.53611,-117.29116,US
Villa Park,33.81446,-117.81311,US
Vincent,34.50055,-118.11646,US
Visalia,36.33023,-119.29206,US
Vista,33.20004,-117.24254,US
Waldon,37.92631,-122.05552,US
Walnut,34.02029,-117.86534,US
Walnut Creek,37.90631,-122.06496,US
Walnut Park,33.96807,-118.22507,US
Waterford,37.64132,-120.76048,US
Watsonville,36.91023,-121.75689,US
West Athens,33.92335,-118.30341,US
West Carson,33.82168,-118.29257,US
West Rancho Dominguez,33.8939,-118.27063,US
West Covina,34.06862,-117.93895,US
West Hollywood,34.09001,-118.36174,US
West Puente Valley,34.05168,-117.9684,US
West Sacramento,38.58046,-121.53023,US
Westlake Village,34.14584,-118.80565,US
Westminster,33.75918,-118.00673,US
Westmont,33.9414,-118.3023,US
Whittier,33.97918,-118.03284,US
Wildomar,33.59891,-117.28004,US
Williams,39.15461,-122.14942,US
Willowbrook,33.91696,-118.25507,US
Willows,39.52433,-122.19359,US
Wilmington,33.78002,-118.26257,US
Wilton,38.41186,-121.27217,US
Windsor,38.54713,-122.81638,US
Winnetka,34.21334,-118.57203,US
Winters,38.52491,-121.9708,US
Winter Gardens,32.83116,-116.93336,US
Winton,37.38938,-120.61325,US
Woodcrest,33.88224,-117.35727,US
Woodlake,36.41356,-119.09872,US
Woodland,38.67852,-121.7733,US
Woodland Hills,34.16834,-118.60592,US
Woodside,37.42994,-122.25386,US
Yorba Linda,33.88863,-117.81311,US
Yuba City,39.14045,-121.61691,US
Yucaipa,34.03363,-117.04309,US
Yucca Valley,34.11417,-116.43224,US
Alamosa,37.46945,-105.87002,US
Applewood,39.75778,-105.1625,US
Arvada,39.80276,-105.08748,US
Aspen,39.1911,-106.81754,US
Aurora,39.72943,-104.83192,US
Avon,39.63137,-106.52225,US
Bailey,39.40554,-105.47333,US
Berkley,39.80443,-105.02609,US
Black Forest,39.01305,-104.70081,US
Brighton,39.98526,-104.82053,US
Broomfield,39.92054,-105.08665,US
Cañon City,38.44098,-105.24245,US
Carbondale,39.40221,-107.21116,US
Castle Rock,39.37221,-104.85609,US
Castlewood,39.58471,-104.90109,US
Centennial,39.57916,-104.87692,US
Cherry Hills Village,39.64165,-104.95943,US
Cimarron Hills,38.85861,-104.69886,US
Clifton,39.09193,-108.44898,US
Colorado Springs,38.83388,-104.82136,US
Columbine,39.58777,-105.06943,US
Commerce City,39.80832,-104.93387,US
Cortez,37.34888,-108.58593,US
Delta,38.74221,-108.06896,US
Denver,39.73915,-104.9847,US
Derby,39.83943,-104.91859,US
Durango,37.27528,-107.88007,US
Eagle,39.65526,-106.82865,US
Edgewater,39.75304,-105.06415,US
Edwards,39.64499,-106.5942,US
Englewood,39.64777,-104.98776,US
Evergreen,39.63332,-105.31721,US
Federal Heights,39.85137,-104.99859,US
Fort Carson,38.73749,-104.78886,US
Fountain,38.68222,-104.70081,US
Fruita,39.15887,-108.72899,US
Fruitvale,39.08165,-108.49676,US
Glendale,39.70499,-104.93359,US
Gleneagle,39.04527,-104.82442,US
Glenwood Springs,39.55054,-107.32478,US
Golden,39.75554,-105.2211,US
Grand Junction,39.06387,-108.55065,US
Greenwood Village,39.61721,-104.95081,US
Gunnison,38.54582,-106.92532,US
Gypsum,39.64693,-106.95171,US
Highlands Ranch,39.55388,-104.96943,US
Ken Caryl,39.57582,-105.11221,US
La Junta,37.98501,-103.54383,US
Lafayette,39.9936,-105.08971,US
Lakewood,39.70471,-105.08137,US
Lamar,38.08723,-102.62075,US
Littleton,39.61332,-105.01665,US
Lone Tree,39.55171,-104.8863,US
Louisville,39.97776,-105.13193,US
Manitou Springs,38.85971,-104.9172,US
Montrose,38.47832,-107.87617,US
Monument,39.09166,-104.87276,US
Northglenn,39.88554,-104.9872,US
Orchard Mesa,39.048,-108.529,US
Parker,39.5186,-104.76136,US
Pueblo,38.25445,-104.60914,US
Pueblo West,38.35,-104.72275,US
Redlands,39.07887,-108.63565,US
Rifle,39.5347,-107.78312,US
Roxborough Park,39.47388,-105.08526,US
Salida,38.53472,-105.9989,US
Sheridan,39.64693,-105.02526,US
Sherrelwood,39.83776,-105.00137,US
Southglenn,39.58721,-104.95276,US
Stonegate,39.53082,-104.80386,US
Stratmoor,38.77388,-104.7797,US
Superior,39.95276,-105.1686,US
The Pinery,39.45527,-104.73442,US
Thornton,39.86804,-104.97192,US
Trinidad,37.16946,-104.50054,US
Twin Lakes,39.82499,-105.0047,US
Vail,39.64026,-106.3742,US
Welby,39.83665,-104.95915,US
Westminster,39.83665,-105.0372,US
Wheat Ridge,39.7661,-105.07721,US
Woodland Park,38.99388,-105.05693,US
Woodmoor,39.10138,-104.84748,US
Colby,39.39584,-101.05238,US
Dodge City,37.7528,-100.01708,US
Garden City,37.97169,-100.87266,US
Liberal,37.04308,-100.921,US
Ulysses,37.58141,-101.35517,US
Alamogordo,32.89953,-105.96027,US
Albuquerque,35.08449,-106.65114,US
Anthony,32.00399,-106.60583,US
Artesia,32.84233,-104.4033,US
Aztec,36.82223,-107.99285,US
Belen,34.66284,-106.77642,US
Bernalillo,35.30004,-106.55114,US
Bloomfield,36.71112,-107.98451,US
Carlsbad,32.42067,-104.22884,US
Chaparral,32.02376,-106.38566,US
Clovis,34.4048,-103.20523,US
Corrales,35.23782,-106.60669,US
Deming,32.2687,-107.75864,US
Eldorado at Santa Fe,35.52642,-105.93474,US
Española,35.99113,-106.08058,US
Farmington,36.72806,-108.21869,US
Gallup,35.52808,-108.74258,US
Grants,35.1476,-107.85261,US
Hobbs,32.70261,-103.13604,US
Kirtland,36.73417,-108.3598,US
Las Cruces,32.31232,-106.77834,US
Las Vegas,35.59393,-105.2239,US
Lee Acres,35.14866,-106.64697,US
Lee Acres,36.69889,-108.03674,US
Los Alamos,35.88808,-106.30697,US
Los Chavez,34.72571,-106.75726,US
Los Lunas,34.80617,-106.73336,US
Los Ranchos de Albuquerque,35.16199,-106.6428,US
Lovington,32.94401,-103.34855,US
North Valley,35.17338,-106.62336,US
Portales,34.18619,-103.3344,US
Raton,36.90336,-104.43915,US
Rio Rancho,35.23338,-106.66447,US
Roswell,33.39437,-104.52491,US
Ruidoso,33.33175,-105.67304,US
Santa Fe,35.68698,-105.9378,US
Shiprock,36.78555,-108.68703,US
Silver City,32.77007,-108.28033,US
Socorro,34.0584,-106.89142,US
South Valley,35.01005,-106.67808,US
Sunland Park,31.7965,-106.57999,US
Taos,36.40725,-105.57307,US
Truth or Consequences,33.1284,-107.25281,US
Tucumcari,35.17191,-103.72686,US
White Rock,35.82753,-106.20391,US
Zuni Pueblo,35.07253,-108.85064,US
Boulder City,35.97859,-114.83249,US
Carson City,39.1638,-119.7674,US
Cold Springs,39.68019,-119.97659,US
Dayton,39.23714,-119.59295,US
Enterprise,36.02525,-115.24194,US
Fallon,39.47353,-118.77737,US
Fernley,39.60797,-119.25183,US
Gardnerville,38.9413,-119.74962,US
Gardnerville Ranchos,38.88824,-119.74129,US
Henderson,36.0397,-114.98194,US
Incline Village,39.2513,-119.97297,US
Johnson Lane,39.04796,-119.72212,US
Las Vegas,36.17497,-115.13722,US
Laughlin,35.16778,-114.57302,US
Lemmon Valley,39.63602,-119.84325,US
Mesquite,36.80553,-114.06719,US
Moapa Valley,36.58053,-114.47026,US
North Las Vegas,36.19886,-115.1175,US
Pahrump,36.20829,-115.98391,US
Paradise,36.09719,-115.14666,US
Reno,39.52963,-119.8138,US
Silver Springs,39.41547,-119.22461,US
Spanish Springs,39.64908,-119.70741,US
Sparks,39.53491,-119.75269,US
Spring Valley,36.10803,-115.245,US
Sun Valley,39.5963,-119.77602,US
Sunrise Manor,36.21108,-115.07306,US
Whitney,36.09831,-115.0363,US
Winchester,36.12997,-115.11889,US
Guymon,36.6828,-101.48155,US
Alpine,30.35862,-103.66206,US
Amarillo,35.222,-101.8313,US
Andrews,32.31872,-102.54572,US
Anthony,31.99927,-106.60555,US
Big Spring,32.2504,-101.47874,US
Borger,35.66782,-101.39739,US
Brownfield,33.1812,-102.27435,US
Canutillo,31.91149,-106.60027,US
Canyon,34.98033,-101.9188,US
Childress,34.42645,-100.204,US
Dalhart,36.05948,-102.51325,US
Del Rio,29.36273,-100.89676,US
Dumas,35.86559,-101.97324,US
Eagle Pass,28.70914,-100.49952,US
Eidson Road,28.6772,-100.48702,US
El Paso,31.75872,-106.48693,US
Fabens,31.50234,-106.15859,US
Fort Stockton,30.89404,-102.87932,US
Hereford,34.81521,-102.39932,US
Homestead Meadows North,31.84963,-106.17285,US
Homestead Meadows South,31.81097,-106.16427,US
Horizon City,31.69261,-106.20748,US
Kermit,31.85763,-103.09267,US
Lamesa,32.7376,-101.95099,US
Levelland,33.58732,-102.37796,US
Littlefield,33.91731,-102.3249,US
Lubbock,33.57786,-101.85517,US
Midland,31.99735,-102.07791,US
Monahans,31.5943,-102.89265,US
Muleshoe,34.22647,-102.72383,US
Odessa,31.84568,-102.36764,US
Pampa,35.53616,-100.95987,US
Pecos,31.42291,-103.49323,US
Perryton,36.40003,-100.80265,US
Plainview,34.18479,-101.70684,US
Post,33.19122,-101.379,US
San Angelo,31.46377,-100.43704,US
San Elizario,31.58511,-106.27276,US
Seminole,32.71899,-102.64491,US
Slaton,33.43731,-101.64349,US
Snyder,32.71789,-100.91762,US
Socorro,31.65456,-106.30331,US
Socorro Mission Number 1 Colonia,31.63622,-106.29054,US
Sweetwater,32.47095,-100.40594,US
West Odessa,31.84235,-102.49876,US
Cedar City,37.67748,-113.06189,US
Enoch,37.77331,-113.02439,US
Ephraim,39.35968,-111.58631,US
Hurricane,37.17526,-113.28995,US
Ivins,37.16859,-113.67941,US
Moab,38.57332,-109.54984,US
Nephi,39.71023,-111.83632,US
Price,39.59941,-110.81071,US
Richfield,38.77247,-112.08409,US
Saint George,37.10415,-113.58412,US
Santa Clara,37.13304,-113.65413,US
Santaquin,39.97551,-111.78521,US
Washington,37.13054,-113.50829,US
West Sedona,34.86724,-111.80543,US
Wasco,35.59412,-119.34095,US
Indian Hills,39.08602,-119.78407,US
Alhambra,33.49838,-112.13432,US
Anthem,33.86726,-112.14682,US
Apache Junction,33.41505,-111.54958,US
Arizona City,32.75589,-111.67096,US
Avondale,33.4356,-112.3496,US
Avra Valley,32.43785,-111.31539,US
Ahwatukee Foothills,33.34171,-111.98403,US
Big Park,34.7803,-111.76265,US
Rathdrum,47.8124,-116.89659,US
Juneau,58.30194,-134.41972,US
Ketchikan,55.3418,-131.64757,US
Little Cottonwood Creek Valley,40.60439,-111.82938,US
Salem,40.05301,-111.67354,US
Lea Hill,47.32621,-122.18151,US
Sitka,57.05315,-135.33088,US
Anderson,40.44821,-122.29778,US
Arcata,40.86652,-124.08284,US
Bayside,40.84235,-124.06367,US
Crescent City,41.75595,-124.20175,US
Eureka,40.80207,-124.16367,US
Fortuna,40.59819,-124.15728,US
McKinleyville,40.94652,-124.10062,US
Red Bluff,40.17849,-122.23583,US
Redding,40.58654,-122.39168,US
Shasta Lake,40.68043,-122.37084,US
Susanville,40.41628,-120.65301,US
Yreka,41.73542,-122.63447,US
Berthoud,40.30832,-105.08109,US
Boulder,40.01499,-105.27055,US
Brush,40.25887,-103.62384,US
Craig,40.51525,-107.54645,US
Erie,40.05026,-105.04998,US
Estes Park,40.37721,-105.52167,US
Evans,40.37637,-104.69219,US
Firestone,40.11248,-104.93664,US
Fort Collins,40.58526,-105.08442,US
Fort Lupton,40.08471,-104.81303,US
Fort Morgan,40.25026,-103.79995,US
Frederick,40.09915,-104.9372,US
Greeley,40.42331,-104.70913,US
Johnstown,40.33693,-104.9122,US
Lochbuie,40.00721,-104.71608,US
Longmont,40.16721,-105.10193,US
Loveland,40.39776,-105.07498,US
Milliken,40.32943,-104.85525,US
Steamboat Springs,40.48498,-106.83172,US
Sterling,40.62554,-103.20771,US
Wellington,40.70387,-105.00859,US
Windsor,40.47748,-104.90136,US
Ammon,43.46964,-111.96664,US
Blackfoot,43.19047,-112.34498,US
Boise,43.6135,-116.20345,US
Burley,42.53574,-113.79279,US
Caldwell,43.66294,-116.68736,US
Chubbuck,42.92075,-112.46609,US
Coeur d'Alene,47.67768,-116.78047,US
Conda,42.72825,-111.53245,US
Eagle,43.69544,-116.35401,US
Emmett,43.8735,-116.4993,US
Fruitland,44.00766,-116.91655,US
Garden City,43.62211,-116.23817,US
Hailey,43.51963,-114.31532,US
Hayden,47.76602,-116.78658,US
Idaho Falls,43.46658,-112.03414,US
Jerome,42.72407,-114.51865,US
Kuna,43.49183,-116.42012,US
Lewiston,46.41655,-117.01766,US
Lewiston Orchards,46.38044,-116.97543,US
Meridian,43.61211,-116.39151,US
Middleton,43.70683,-116.62014,US
Moscow,46.73239,-117.00017,US
Mountain Home,43.13295,-115.6912,US
Nampa,43.54072,-116.56346,US
Payette,44.07822,-116.93377,US
Pocatello,42.8713,-112.44553,US
Post Falls,47.71796,-116.95159,US
Preston,42.09631,-111.87662,US
Rexburg,43.82602,-111.78969,US
Rupert,42.61908,-113.67723,US
Sandpoint,48.27659,-116.55325,US
Star,43.69211,-116.49346,US
Twin Falls,42.56297,-114.46087,US
Weiser,44.251,-116.96933,US
Anaconda,46.12854,-112.94226,US
Belgrade,45.77604,-111.1769,US
Billings,45.78329,-108.50069,US
Bozeman,45.67965,-111.03856,US
Butte,46.00382,-112.53474,US
Columbia Falls,48.37246,-114.18152,US
Evergreen,48.22579,-114.27624,US
Glendive,47.10529,-104.71246,US
Great Falls,47.50024,-111.30081,US
Havre,48.55,-109.68409,US
Helena,46.59271,-112.03611,US
Kalispell,48.19579,-114.31291,US
Laurel,45.66912,-108.77153,US
Lewistown,47.06247,-109.42824,US
Livingston,45.66244,-110.56104,US
Lockwood,45.81912,-108.41486,US
Miles City,46.40834,-105.84056,US
Missoula,46.87215,-113.994,US
Orchard Homes,46.86326,-114.04844,US
Sidney,47.71668,-104.15633,US
Whitefish,48.41108,-114.33763,US
Bismarck,46.80833,-100.78374,US
Dickinson,46.87918,-102.78962,US
Mandan,46.82666,-100.88958,US
Minot,48.23251,-101.29627,US
Watford City,47.80224,-103.28325,US
Williston,48.14697,-103.61797,US
Alliance,42.10163,-102.87215,US
Chadron,42.82942,-102.99991,US
Gering,41.8258,-103.6605,US
McCook,40.20195,-100.62571,US
North Platte,41.12389,-100.76542,US
Scottsbluff,41.86663,-103.66717,US
Sidney,41.14276,-102.97798,US
Elko,40.83242,-115.76312,US
Spring Creek,40.72659,-115.5859,US
Winnemucca,40.97296,-117.73568,US
Agate Beach,44.67734,-124.06178,US
Albany,44.63651,-123.10593,US
Aloha,45.49428,-122.86705,US
Altamont,42.20681,-121.73722,US
Ashland,42.19458,-122.70948,US
Astoria,46.18788,-123.83125,US
Baker City,44.77487,-117.83438,US
Beaverton,45.48706,-122.80371,US
Bend,44.05817,-121.31531,US
Bethany,45.55789,-122.8676,US
Brookings,42.05261,-124.28398,US
Canby,45.2629,-122.69259,US
Cedar Hills,45.50484,-122.79843,US
Cedar Mill,45.52484,-122.81093,US
Central Point,42.37596,-122.91643,US
Clackamas,45.40762,-122.57037,US
Coos Bay,43.3665,-124.21789,US
Cornelius,45.51984,-123.05983,US
Corvallis,44.56457,-123.26204,US
Cottage Grove,43.79762,-123.05952,US
Creswell,43.9179,-123.02453,US
Dallas,44.91928,-123.31705,US
Damascus,45.41762,-122.45898,US
Deschutes River Woods,43.99151,-121.35836,US
Eagle Point,42.47263,-122.80282,US
Eugene,44.05207,-123.08675,US
Fairview,45.53845,-122.43398,US
Florence,43.98262,-124.09984,US
Forest Grove,45.51984,-123.11066,US
Four Corners,44.9279,-122.98371,US
Gladstone,45.38068,-122.59481,US
Grants Pass,42.43933,-123.33067,US
Green,43.16039,-123.36785,US
Gresham,45.49818,-122.43148,US
Happy Valley,45.44679,-122.53037,US
Hayesville,44.98595,-122.98287,US
Hermiston,45.84041,-119.28946,US
Hillsboro,45.52289,-122.98983,US
Hood River,45.7054,-121.52146,US
Independence,44.85123,-123.18677,US
Jennings Lodge,45.39123,-122.61259,US
Junction City,44.21929,-123.20565,US
Keizer,44.99012,-123.02621,US
Kenton,45.58178,-122.68149,US
Klamath Falls,42.22487,-121.78167,US
La Grande,45.32458,-118.08772,US
Lake Oswego,45.42067,-122.67065,US
Lebanon,44.53651,-122.90703,US
Lents,45.47984,-122.56731,US
Lincoln City,44.95816,-124.01789,US
Madras,44.63345,-121.12949,US
McMinnville,45.21012,-123.19872,US
Medford,42.32652,-122.87559,US
Milton-Freewater,45.93263,-118.38774,US
Milwaukie,45.44623,-122.63926,US
Molalla,45.14734,-122.57703,US
Monmouth,44.84845,-123.23399,US
Newberg,45.30012,-122.97316,US
Newport,44.63678,-124.05345,US
North Bend,43.4065,-124.22428,US
North Portland,45.61039,-122.70343,US
Oak Grove,45.41679,-122.64009,US
Oak Hills,45.54123,-122.84121,US
Ontario,44.02655,-116.96294,US
Oregon City,45.35734,-122.60676,US
Pendleton,45.67207,-118.7886,US
Portland,45.52345,-122.67621,US
Prineville,44.29985,-120.83447,US
Raleigh Hills,45.48067,-122.76204,US
Redmond,44.27262,-121.17392,US
Rockcreek,45.55012,-122.87705,US
Roseburg,43.2165,-123.34174,US
Saint Helens,45.864,-122.80649,US
Salem,44.9429,-123.0351,US
Sandy,45.39734,-122.26148,US
Scappoose,45.75428,-122.8776,US
Seaside,45.99316,-123.92264,US
Sheridan,45.09928,-123.39483,US
Sherwood,45.35651,-122.8401,US
Silverton,45.00512,-122.78315,US
Springfield,44.04624,-123.02203,US
Stayton,44.80068,-122.79453,US
Sutherlin,43.39012,-123.31258,US
Sweet Home,44.39762,-122.7362,US
Talent,42.24568,-122.78865,US
The Dalles,45.59456,-121.17868,US
Tigard,45.43123,-122.77149,US
Troutdale,45.53929,-122.38731,US
Tualatin,45.38401,-122.76399,US
Umatilla,45.91735,-119.34252,US
Warrenton,46.1651,-123.92376,US
West Haven,45.51762,-122.76954,US
West Linn,45.36568,-122.61231,US
West Slope,45.49873,-122.76454,US
White City,42.43735,-122.832,US
Wilsonville,45.29984,-122.77371,US
Winston,43.12234,-123.41257,US
Woodburn,45.14373,-122.85537,US
Belle Fourche,44.67137,-103.85215,US
Box Elder,44.11249,-103.06823,US
Pierre,44.36832,-100.35097,US
Rapid City,44.08054,-103.23101,US
Rapid Valley,44.06249,-103.14629,US
Spearfish,44.49082,-103.85937,US
Sturgis,44.40971,-103.50908,US
Alpine,40.45328,-111.77799,US
Bluffdale,40.48967,-111.93882,US
Bountiful,40.88939,-111.88077,US
Brigham City,41.51021,-112.0155,US
Canyon Rim,40.70661,-111.82188,US
Cedar Hills,40.41412,-111.75854,US
Centerville,40.918,-111.87216,US
Clearfield,41.11078,-112.02605,US
Clinton,41.13967,-112.0505,US
Cottonwood Heights,40.61967,-111.81021,US
Draper,40.52467,-111.86382,US
Eagle Mountain,40.31412,-112.00688,US
East Millcreek,40.69995,-111.81049,US
Farmington,40.9805,-111.88744,US
Farr West,41.29717,-112.02772,US
Fruit Heights,41.03217,-111.90216,US
Grantsville,40.59994,-112.4644,US
Harrisville,41.28133,-111.98828,US
Heber City,40.5069,-111.41324,US
Herriman,40.51411,-112.03299,US
Highland,40.42548,-111.79447,US
Holladay,40.66884,-111.82466,US
Hooper,41.16383,-112.12244,US
Hyrum,41.6341,-111.85217,US
Kaysville,41.03522,-111.93855,US
Kearns,40.65995,-111.99633,US
Layton,41.06022,-111.97105,US
Lehi,40.39162,-111.85077,US
Lindon,40.34329,-111.72076,US
Logan,41.73549,-111.83439,US
Magna,40.70911,-112.10161,US
Mapleton,40.13023,-111.57853,US
Midvale,40.61106,-111.89994,US
Millcreek,40.68689,-111.87549,US
Mount Olympus,40.6855,-111.78854,US
Murray,40.66689,-111.88799,US
Nibley,41.67438,-111.833,US
North Logan,41.76937,-111.80467,US
North Ogden,41.30716,-111.96022,US
North Salt Lake,40.84856,-111.90688,US
Ogden,41.223,-111.97383,US
Oquirrh,40.6305,-112.03383,US
Orem,40.2969,-111.69465,US
Park City,40.64606,-111.49797,US
Payson,40.0444,-111.73215,US
Plain City,41.298,-112.08605,US
Pleasant Grove,40.36412,-111.73854,US
Pleasant View,41.31828,-111.99216,US
Providence,41.70632,-111.81717,US
Provo,40.23384,-111.65853,US
Riverdale,41.17689,-112.00383,US
Riverton,40.52189,-111.9391,US
Roosevelt,40.2994,-109.98876,US
Roy,41.16161,-112.02633,US
Salt Lake City,40.76078,-111.89105,US
Sandy,40.59161,-111.8841,US
Sandy Hills,40.58106,-111.85077,US
Saratoga Springs,40.34912,-111.90466,US
Smithfield,41.83826,-111.83272,US
Snyderville,40.69439,-111.54381,US
South Jordan Heights,40.56384,-111.94938,US
South Jordan,40.56217,-111.92966,US
South Ogden,41.19189,-111.97133,US
South Salt Lake,40.71884,-111.88827,US
South Weber,41.13244,-111.93022,US
Spanish Fork,40.11496,-111.65492,US
Springville,40.16523,-111.61075,US
Stansbury park,40.63772,-112.29606,US
Summit Park,40.74578,-111.61159,US
Sunset,41.13633,-112.03105,US
Syracuse,41.08939,-112.06467,US
Taylorsville,40.66772,-111.93883,US
Tooele,40.53078,-112.29828,US
Tremonton,41.71187,-112.16551,US
Vernal,40.45552,-109.52875,US
Washington Terrace,41.17272,-111.97661,US
West Bountiful,40.89383,-111.90188,US
West Haven,41.203,-112.05105,US
West Jordan,40.60967,-111.9391,US
West Point,41.11828,-112.08411,US
West Valley City,40.69161,-112.00105,US
White City,40.56578,-111.86438,US
Woods Cross,40.87161,-111.89216,US
Aberdeen,46.97537,-123.81572,US
Airway Heights,47.64461,-117.59327,US
Alderwood Manor,47.808,-122.261,US
Anacortes,48.5126,-122.61267,US
Arlington,48.19871,-122.12514,US
Artondale,47.29954,-122.62069,US
Auburn,47.30732,-122.22845,US
Barberton,45.69317,-122.59899,US
Battle Ground,45.78095,-122.53343,US
Bellevue,47.61038,-122.20068,US
Bellingham,48.75955,-122.48822,US
Birch Bay,48.91789,-122.74462,US
Blaine,48.99372,-122.74712,US
Bonney Lake,47.17705,-122.18651,US
Bothell,47.76232,-122.2054,US
Boulevard Park,47.513,-122.317,US
Bremerton,47.56732,-122.63264,US
Brier,47.78454,-122.27429,US
Burien,47.47038,-122.34679,US
Burlington,48.47566,-122.32544,US
Camano,48.17399,-122.52821,US
Camas,45.58706,-122.39954,US
Centralia,46.71621,-122.9543,US
Chehalis,46.66205,-122.96402,US
Cheney,47.48739,-117.57576,US
Clarkston,46.41629,-117.04557,US
College Place,46.0493,-118.3883,US
Columbia City,47.56399,-122.2754,US
Connell,46.66347,-118.86111,US
Cottage Lake,47.74427,-122.07735,US
Country Homes,47.7485,-117.40439,US
Covington,47.35818,-122.12216,US
Des Moines,47.40177,-122.32429,US
Dishman,47.66007,-117.27596,US
DuPont,47.09676,-122.63124,US
Duvall,47.74232,-121.98568,US
East Port Orchard,47.52343,-122.6243,US
East Renton Highlands,47.48482,-122.11234,US
East Wenatchee,47.41568,-120.29313,US
East Wenatchee Bench,47.42568,-120.28118,US
Edgewood,47.2501,-122.29373,US
Edmonds,47.81065,-122.37736,US
Elk Plain,47.05316,-122.39762,US
Ellensburg,46.99651,-120.54785,US
Enumclaw,47.20427,-121.9915,US
Ephrata,47.31764,-119.55365,US
Everett,47.97898,-122.20208,US
Fairwood,47.44843,-122.15734,US
Fairwood,47.76684,-117.41744,US
Felida,45.70956,-122.70732,US
Federal Way,47.32232,-122.31262,US
Ferndale,48.8465,-122.59101,US
Fife,47.23927,-122.35707,US
Finley,46.15402,-119.0339,US
Fircrest,47.23954,-122.51596,US
Five Corners,45.68456,-122.5751,US
Frederickson,47.09621,-122.35873,US
Gig Harbor,47.32926,-122.58013,US
Graham,47.05288,-122.29428,US
Grandview,46.25097,-119.9017,US
Greenwood,47.69428,-122.35491,US
Hazel Dell,45.67151,-122.66288,US
Hobart,47.42177,-121.97289,US
Hoquiam,46.98092,-123.88933,US
Issaquah,47.5301,-122.03262,US
Kelso,46.14678,-122.90844,US
Kenmore,47.75732,-122.24401,US
Kennewick,46.21125,-119.13723,US
Kent,47.38093,-122.23484,US
Kingsgate,47.72704,-122.17957,US
Kirkland,47.68149,-122.20874,US
Lacey,47.03426,-122.82319,US
Lake Forest Park,47.75676,-122.28096,US
Lake Shore,45.69067,-122.69093,US
Lake Stevens,48.0151,-122.06374,US
Lakewood,47.17176,-122.51846,US
Liberty Lake,47.67591,-117.11821,US
Longview,46.13817,-122.93817,US
Lynden,48.9465,-122.45211,US
Lynnwood,47.82093,-122.31513,US
Maltby,47.8051,-122.11318,US
Manchester,47.55566,-122.54507,US
Maple Valley,47.39272,-122.04641,US
Maplewood,47.40176,-122.55707,US
Martha Lake,47.85093,-122.2393,US
Marysville,48.05176,-122.17708,US
Mead,47.76739,-117.35494,US
Mercer Island,47.57065,-122.22207,US
Midland,47.16704,-122.40484,US
Mill Creek,47.8601,-122.2043,US
Mill Plain,45.6429,-122.49398,US
Milton,47.24816,-122.3129,US
Minnehaha,45.65901,-122.6271,US
Monroe,47.85538,-121.97096,US
Moses Lake,47.13014,-119.27808,US
Mount Vernon,48.42122,-122.33405,US
Mount Vista,45.73428,-122.63288,US
Mountlake Terrace,47.78815,-122.30874,US
Mukilteo,47.94454,-122.30458,US
Newcastle,47.53899,-122.15568,US
Normandy Park,47.43621,-122.34068,US
North Bend,47.49566,-121.78678,US
North Creek,47.81954,-122.17624,US
Oak Harbor,48.29316,-122.64322,US
Ocean Shores,46.9737,-124.15629,US
Olympia,47.04491,-122.90169,US
Opportunity,47.64995,-117.23991,US
Orchards,45.66651,-122.56093,US
Orting,47.09788,-122.20428,US
Othello,46.82597,-119.17529,US
Pacific,47.26455,-122.25012,US
Parkland,47.15538,-122.43401,US
Parkwood,47.53315,-122.61014,US
Pasco,46.23958,-119.10057,US
Port Angeles,48.11815,-123.43074,US
Port Orchard,47.54037,-122.63625,US
Port Townsend,48.11742,-122.76071,US
Poulsbo,47.73593,-122.64654,US
Prairie Ridge,47.1376,-122.14873,US
Prosser,46.2068,-119.76892,US
Pullman,46.73127,-117.17962,US
Puyallup,47.18538,-122.2929,US
Quincy,47.2343,-119.85255,US
Redmond,47.67399,-122.12151,US
Renton,47.48288,-122.21707,US
Richland,46.28569,-119.28446,US
Ridgefield,45.81511,-122.7426,US
Riverton,47.48427,-122.29457,US
Salmon Creek,45.71067,-122.64899,US
Sammamish,47.64177,-122.0804,US
SeaTac,47.44846,-122.29217,US
Seattle,47.60621,-122.33207,US
Sedro-Woolley,48.50389,-122.23611,US
Selah,46.65402,-120.53007,US
Sequim,48.07963,-123.10234,US
Shelton,47.21509,-123.10071,US
Shoreline,47.75565,-122.34152,US
Silverdale,47.64454,-122.69487,US
Snohomish,47.91288,-122.09818,US
Snoqualmie,47.52871,-121.82539,US
South Hill,47.14121,-122.27012,US
Spanaway,47.10399,-122.43457,US
Spokane,47.65966,-117.42908,US
Spokane Valley,47.67323,-117.23937,US
Stanwood,48.24121,-122.37071,US
Steilacoom,47.16982,-122.60263,US
Sudden Valley,48.72289,-122.34655,US
Summit,47.16177,-122.35707,US
Sumner,47.20316,-122.2404,US
Sunnyside,46.32374,-120.00865,US
Tacoma,47.25288,-122.44429,US
Terrace Heights,46.60624,-120.43979,US
Toppenish,46.37735,-120.30867,US
Tracyton,47.60898,-122.65514,US
Tukwila,47.47399,-122.26096,US
Tulalip,48.06843,-122.29181,US
Tumwater,47.00732,-122.90931,US
Union Gap,46.55735,-120.47506,US
University Place,47.23565,-122.5504,US
Vancouver,45.63873,-122.66149,US
Vashon,47.44732,-122.45985,US
Veradale,47.64995,-117.20738,US
Walla Walla,46.06458,-118.34302,US
Waller,47.20066,-122.36929,US
Walnut Grove,45.66789,-122.59899,US
Wapato,46.44763,-120.42034,US
Washougal,45.58262,-122.35342,US
Wenatchee,47.42346,-120.31035,US
West Lake Sammamish,47.5776,-122.10123,US
West Lake Stevens,47.99343,-122.1018,US
West Richland,46.3043,-119.36141,US
West Valley,46.59207,-120.60507,US
White Center,47.51732,-122.35485,US
Bainbridge Island,47.62621,-122.52124,US
Wollochet,47.26871,-122.58402,US
Woodinville,47.75427,-122.16346,US
Woodland,45.90456,-122.74399,US
Woods Creek,47.87871,-121.89846,US
Yakima,46.60207,-120.5059,US
Yelm,46.94204,-122.60596,US
Casper,42.86663,-106.31308,US
Cheyenne,41.13998,-104.82025,US
Cody,44.52634,-109.05653,US
Douglas,42.75969,-105.38221,US
Evanston,41.26828,-110.96324,US
Gillette,44.29109,-105.50222,US
Green River,41.52858,-109.46625,US
Jackson,43.47993,-110.76243,US
Lander,42.83301,-108.73067,US
Laramie,41.31137,-105.5911,US
Powell,44.75384,-108.75735,US
Ranchettes,41.21859,-104.79025,US
Rawlins,41.79107,-107.23866,US
Riverton,43.02496,-108.3801,US
Rock Springs,41.58746,-109.2029,US
Sheridan,44.79719,-106.95618,US
Torrington,42.06246,-104.18439,US
Worland,44.0169,-107.95537,US
American Fork,40.3769,-111.79576,US
Kahului,20.88933,-156.47293,US
Kailua,21.40241,-157.74054,US
Kailua-Kona,19.64016,-155.99912,US
Kaimukī,21.27914,-157.80135,US
Kalaoa,19.72861,-155.98167,US
Kalihi-Palama,21.32608,-157.87594,US
Kaneohe,21.39994,-157.79895,US
Kapa‘a,22.07521,-159.31895,US
Diamond Head / Kapahulu / Saint Louis Heights,21.27697,-157.81127,US
Keolu Hills,21.3764,-157.72501,US
Kīhei,20.76462,-156.44578,US
Kuli‘ou‘ou,21.28761,-157.73896,US
Lahaina,20.87526,-156.67982,US
Lā‘ie,21.64547,-157.9225,US
Lihue,21.98121,-159.3721,US
Mā‘ili,21.41629,-158.17531,US
Mākaha,21.46627,-158.21037,US
Makakilo City,21.34694,-158.08583,US
Makawao,20.85694,-156.31306,US
Mililani Town,21.4504,-158.01503,US
Mō‘ili‘ili,21.29467,-157.83002,US
Nānākuli,21.39362,-158.15429,US
Niu Valley,21.2843,-157.73706,US
Pacific Palisades,21.42562,-157.95349,US
Palolo,21.3128,-157.78041,US
Pearl City,21.39734,-157.97516,US
Pukalani,20.83667,-156.33667,US
Punahou,21.30023,-157.827,US
Pupukea,21.65456,-158.06065,US
Spreckelsville,20.89694,-156.415,US
Village Park,21.39806,-158.03028,US
Wahiawā,21.50279,-158.02464,US
Waianae,21.43785,-158.18555,US
Waikīkī,21.2855,-157.83594,US
Wailea,20.68973,-156.4419,US
Wailuku,20.89133,-156.50604,US
Waimalu,21.38955,-157.93882,US
Waimanalo,21.34614,-157.7238,US
Waimea,20.02323,-155.67288,US
Waipahu,21.38667,-158.00917,US
Waipio,21.41823,-157.99906,US
Waipi‘o Acres,21.46485,-158.01331,US
West Loch Estates,21.37244,-158.02418,US
‘Ewa Beach,21.31556,-158.00722,US
‘Ewa Gentry,21.33999,-158.03039,US
‘Ewa Villages,21.34127,-158.0397,US
Haʻikū,20.91547,-156.32185,US
Hālawa,21.37944,-157.92167,US
Hālawa Heights,21.37848,-157.91388,US
Hawai‘i Kai,21.29637,-157.70175,US
Hawaiian Paradise Park,19.59333,-154.97306,US
Hilo,19.72991,-155.09073,US
Hōlualoa,19.61979,-155.94831,US
Honolulu,21.30694,-157.85833,US
‘Aiea,21.38222,-157.93361,US
‘Āhuimanu,21.44472,-157.83778,US
‘Aiea Heights,21.39083,-157.92053,US
College,64.85694,-147.80278,US
Eagle River,61.32139,-149.56778,US
Fairbanks,64.83778,-147.71639,US
Gateway,61.57278,-149.24083,US
Homer,59.6425,-151.5494,US
Kalifornsky,60.41833,-151.29,US
Kenai,60.55444,-151.25833,US
Kodiak,57.78852,-152.40533,US
Meadow Lakes,61.62472,-149.60111,US
Palmer,61.59941,-149.11456,US
Sterling,60.53722,-150.76472,US
Tanaina,61.62694,-149.42806,US
Wasilla,61.5809,-149.4415,US
Anchorage,61.21806,-149.90028,US
Badger,64.8,-147.53333,US
Bethel,60.79222,-161.75583,US
Milton,34.13216,-84.30067,US
Johns Creek,34.02893,-84.19858,US
Helena-West Helena,34.5291,-90.59,US
Cutler Bay,25.5783,-80.3377,US
Manhattan Valley,40.79389,-73.965,US
Morningside Heights,40.81,-73.9625,US
East Harlem,40.79472,-73.9425,US
Alafaya,28.5641,-81.2114,US
West Village,40.73361,-74.00917,US
Little Havana,25.76806,-80.23306,US
Millburn,40.72482,-74.30404,US
St Johnsbury,44.42526,-72.01512,US
Briarwood,40.70935,-73.81529,US
Stevenson Ranch,34.39048,-118.57372,US
Times Square,40.75636,-73.98644,US
Village of Campton Hills,41.9366,-88.3975,US
Fort Bragg,35.139,-79.00603,US
North Brunswick,40.454,-74.482,US
Kapolei,21.33555,-158.0582,US
Larchmont,34.07974,-118.31758,US
East Mount Airy,40.0645,-75.1875,US
City of Milford (balance),41.22374,-73.06164,US
City of Sammamish,47.60444,-122.03768,US
Silver Firs,47.86602,-122.1551,US
Verde Village,34.7105,-112.01152,US
Vineyard,38.46449,-121.34692,US
Gramercy Park,40.7375,-73.98611,US
North Castle,41.14,-73.68389,US
Saddlebrooke,32.53945,-110.90057,US
Kew Gardens Hills,40.73002,-73.8234,US
Conning Towers-Nautilus Park,41.38548,-72.06877,US
Simsbury Center,41.88088,-72.81116,US
Wallingford Center,41.44987,-72.81892,US
Braintree,42.20384,-71.00215,US
Newport East,41.51579,-71.28752,US
Wakefield-Peacedale,41.44606,-71.5004,US
Mansfield Center,42.02262,-71.21808,US
Middleborough Center,41.8946,-70.92618,US
North Attleborough Center,41.97263,-71.32474,US
Branford Center,41.27738,-72.81511,US
Cheshire Village,41.5026,-72.89952,US
Fort Belvoir,38.7119,-77.14589,US
Fort Drum,44.05843,-75.76189,US
Fort Lee,37.24694,-77.33442,US
Fort Meade,39.10815,-76.74323,US
Ashton-Sandy Spring,39.14976,-77.00504,US
Bel Air North,39.55429,-76.37309,US
Bel Air South,39.50506,-76.31977,US
Big Flats Airport,42.1693,-76.88977,US
Carmel Hamlet,41.41485,-73.68524,US
Carnot-Moon,40.51856,-80.21736,US
Chesapeake Ranch Estates-Drum Point,38.35022,-76.41889,US
East Norriton,40.15043,-75.33637,US
Mercerville-Hamilton Square,40.23126,-74.67223,US
Moorestown-Lenola,39.96591,-74.96441,US
Mount Vernon,38.71412,-77.10082,US
Northwest Harborcreek,42.14944,-79.99463,US
Oxon Hill-Glassmanor,38.79615,-76.97499,US
Leisure World,39.1023,-77.06898,US
Fountainhead-Orchard Hills,39.68636,-77.71901,US
Gates-North Gates,43.16547,-77.70066,US
Glens Falls North,43.33506,-73.68251,US
Greater Upper Marlboro,38.83142,-76.74827,US
Holiday City-Berkeley,39.9638,-74.27803,US
Homeacre-Lyndora,40.87206,-79.9206,US
West Falls Church,38.86484,-77.18787,US
Jefferson Valley-Yorktown,41.31797,-73.80066,US
Kennedy Township,40.47763,-80.10313,US
Lanham-Seabrook,38.96835,-76.85108,US
Lutherville-Timonium,39.43997,-76.61099,US
Setauket-East Setauket,40.93064,-73.10179,US
Shanor-Northvue,40.91045,-79.91562,US
South Park Township,40.29864,-79.99405,US
St. Charles,38.60728,-76.92478,US
Suitland-Silver Hill,38.84685,-76.92591,US
Village Green-Green Ridge,39.86363,-75.42548,US
Ellsworth Air Force Base,44.14395,-103.07507,US
Fort Leonard Wood,37.70573,-92.15717,US
Fort Riley North,39.11081,-96.81392,US
Grissom Air Force Base,40.65753,-86.14755,US
Minot Air Force Base,48.42087,-101.33914,US
Montrose-Ghent,41.1538,-81.64378,US
Saginaw Township North,43.46004,-84.00674,US
Champion Heights,41.28999,-80.84595,US
Comstock Northwest,42.32182,-85.51759,US
West Bloomfield Township,42.56891,-83.38356,US
East Lake-Orient Park,27.98269,-82.37878,US
Fort Campbell North,36.65429,-87.46056,US
Fort Knox,37.89113,-85.96363,US
Fort Pierce North,27.47364,-80.3593,US
Fort Pierce South,27.40962,-80.35483,US
Fort Polk South,31.0511,-93.21578,US
Four Corners,28.33287,-81.64738,US
Greater Northdale,28.10545,-82.52594,US
Hutchinson Island South,27.29949,-80.22045,US
Inverness Highlands South,28.80055,-82.3371,US
Bellair-Meadowbrook Terrace,30.17881,-81.74341,US
Candler-McAfee,33.72672,-84.27246,US
Cocoa West,28.35942,-80.77109,US
Samsula-Spruce Creek,29.04932,-81.06192,US
Sandalfoot Cove,26.33863,-80.1869,US
Southeast Arcadia,27.18629,-81.8521,US
University,28.07389,-82.43902,US
Vero Beach South,27.61638,-80.41308,US
Zephyrhills South,28.21492,-82.18873,US
Zephyrhills West,28.23081,-82.20556,US
Kendall West,25.7065,-80.4388,US
Lake Murray of Richland,34.12048,-81.2645,US
Nassau Village-Ratliff,30.51111,-81.80925,US
New Port Richey East,28.26027,-82.69261,US
North Weeki Wachee,28.55014,-82.55888,US
Oak Grove,33.9809,-81.14286,US
Palm River-Clair Mel,27.92386,-82.37939,US
Pope Air Force Base (historical),35.17128,-79.01042,US
Clarkston Heights-Vineland,46.38742,-117.083,US
Air Force Academy,38.99425,-104.86375,US
Arden-Arcade,38.6025,-121.37854,US
Bangor Trident Base,47.72274,-122.71446,US
Village of Oak Creek (Big Park),34.7809,-111.76227,US
Bonadelle Ranchos-Madera Ranchos,36.98467,-119.87463,US
Bret Harte,37.60207,-121.00519,US
Bryn Mawr-Skyway,47.4943,-122.24092,US
Camp Pendleton North,33.31465,-117.31603,US
Camp Pendleton South,33.22844,-117.37929,US
Casa de Oro-Mount Helix,32.76397,-116.96877,US
Lucas Valley-Marinwood,38.04011,-122.5755,US
Florence-Graham,33.96772,-118.24438,US
Fort Bliss,31.81357,-106.41224,US
Fort Cavazos,31.13489,-97.77561,US
Joint Base Lewis McChord,47.10787,-122.57694,US
Garden Home-Whitford,45.464,-122.75891,US
Gold Canyon,33.37145,-111.43691,US
Gunbarrel,40.06335,-105.17107,US
Helena Valley Southeast,46.61527,-111.92156,US
Helena Valley West Central,46.66291,-112.06044,US
Hilmar-Irwin,37.40454,-120.85042,US
Inglewood-Finn Hill,47.72049,-122.23167,US
La Crescenta-Montrose,34.23216,-118.23529,US
Lackland Air Force Base,29.38663,-98.61797,US
Lake Morton-Berrydale,47.33251,-122.10286,US
Lakeland North,47.33343,-122.27695,US
Lakeland South,47.27843,-122.28326,US
Larkfield-Wikiup,38.51342,-122.75094,US
Lemoore Station,36.26326,-119.90476,US
East Hill-Meridian,47.41052,-122.17369,US
Sierra Vista Southeast,31.45385,-110.21637,US
New Kingman-Butler,35.26504,-114.03226,US
Oatfield,45.41418,-122.60007,US
Oroville East,39.51126,-121.47519,US
Otis Orchards-East Farms,47.70988,-117.07975,US
Picnic Point-North Lynnwood,47.86278,-122.29497,US
Roseburg North,43.269,-123.351,US
Security-Widefield,38.74728,-104.71439,US
Union Hill-Novelty Hill,47.67887,-122.02833,US
Valencia West,32.13238,-111.11414,US
View Park-Windsor Hills,33.99551,-118.34835,US
Vincent,34.09836,-117.92383,US
West Clarkston-Highland,46.40287,-117.06395,US
West Haven-Sylvan,45.51613,-122.76809,US
West Modesto,37.61754,-121.03914,US
West Side Highway,46.18399,-122.91715,US
West Whittier-Los Nietos,33.976,-118.06909,US
Summerlin South,36.11708,-115.33001,US
Tamalpais-Homestead Valley,37.87834,-122.53625,US
Tanglewilde-Thompson Place,47.05116,-122.78081,US
Haiku-Pauwela,20.92187,-156.30508,US
Hickam Field,21.33967,-157.96018,US
Marine Corps Base Hawaii - MCBH,21.44336,-157.74981,US
Makakilo,21.35237,-158.08655,US
Napili-Honokowai,20.97533,-156.67826,US
Schofield Barracks,21.49837,-158.06515,US
Royal Kunia,21.39392,-158.0267,US
Waihee-Waiehu,20.93022,-156.50458,US
Wailea-Makena,20.66256,-156.42736,US
Wailua Homesteads,22.07244,-159.37677,US
Knik-Fairview,61.51262,-149.60012,US
Lakes,61.60713,-149.30861,US
Tri-Cities,46.2454,-119.19617,US
Dowsett Highlands,21.33735,-157.83382,US
San Tan Valley,33.1911,-111.528,US
Fruitridge Pocket,38.53265,-121.45581,US
Old Fig Garden,36.79885,-119.80515,US
Sun Village,34.55952,-117.95676,US
Horizon West,28.43383,-81.6227,US
Midway,30.40648,-87.00553,US
Oakleaf Plantation,30.17083,-81.83549,US
Pasadena Hills,28.28001,-82.22438,US
Viera East,28.26234,-80.71449,US
Viera West,28.24504,-80.7338,US
East Honolulu,21.28906,-157.71734,US
Ocean Pointe,21.31066,-158.03638,US
Fairwood,38.95665,-76.77772,US
Marlboro Village,38.83054,-76.76965,US
Summerfield,38.90454,-76.8683,US
Old Jamestown,38.83494,-90.28511,US
East Franklin,40.4933,-74.4711,US
Tellico Village,35.68321,-84.25518,US
Lantana,33.09073,-97.12416,US
Kings Park West,38.81443,-77.29582,US
Bothell East,47.80631,-122.18427,US
Bothell West,47.80527,-122.24064,US
Eastmont,47.8974,-122.18154,US
Klahanie,47.57097,-122.00839,US
Mill Creek East,47.83602,-122.18766,US
Summit View,47.13632,-122.35202,US
University Park,41.44298,-87.6836,US
Rio Vista,38.16389,-121.69583,US
Grand Bayou Mobile Home Park,29.90802,-90.77711,US
Woodlake,37.42106,-77.67931,US
Dove Valley,39.57771,-104.8294,US
Enchanted Hills,35.33676,-106.59296,US
West Hills,34.19731,-118.64398,US
Detroit-Shoreway,41.47772,-81.72991,US
Clark-Fulton,41.46402,-81.70979,US
The Acreage,26.79404,-80.26749,US
Eastvale,33.96358,-117.56418,US
Oak Hill,38.9258,-77.40156,US
Contra Costa Centre,37.92752,-122.05786,US
West Greenwich,41.637,-71.66004,US
Bridgewater,40.60079,-74.64815,US
Warren Township,40.60822,-74.51803,US
Castle Pines North,39.47174,-104.89482,US
Fairfield Heights,39.82861,-86.38224,US
Chicago Loop,41.88407,-87.6333,US
Greater Grand Crossing,41.76113,-87.61485,US
Auburn Gresham,41.74179,-87.65322,US
Financial District,40.70789,-74.00857,US
Downtown Brooklyn,40.69371,-73.98596,US
Sunset Park,40.64548,-74.01241,US
South Kingstown,41.44718,-71.52494,US
Parkside,37.74197,-122.4863,US
Noe Valley,37.75018,-122.43369,US
Visitacion Valley,37.71715,-122.40433,US
La Porte,41.60774,-86.71389,US
Notre Dame,41.70019,-86.23793,US
Randolph,40.84829,-74.58148,US
Hobart,44.49925,-88.14986,US
Mount Pleasant,42.69743,-87.85577,US
Shaw Heights,39.8525,-105.04306,US
Northdale,28.0939,-82.50561,US
Lake Stickney,47.87655,-122.26214,US
Picnic Point,47.88111,-122.3284,US
Roma,26.40526,-99.01581,US
Tanglewilde,47.0515,-122.78241,US
Waterford,41.3417,-72.13597,US
Cherry Creek,39.611,-104.861,US
Apple Valley,40.4389,-82.35391,US
Meadowbrook,37.44882,-77.47353,US
Woodburn,38.84745,-77.23605,US
Moanalua,21.36777,-157.89113,US
Silver Lakes,34.74558,-117.34098,US
Spring Valley Lake,34.49364,-117.26832,US
Lincoln,41.92111,-71.435,US
Kula,20.79094,-156.32695,US
Fenway/Kenmore,42.34491,-71.10017,US
Mission Hill,42.33437,-71.10845,US
Johnston,41.82186,-71.50675,US
Elmendorf Air Force Base,61.25703,-149.63139,US
Dixiana,33.74021,-86.64938,US
Cranberry Township,40.68496,-80.10714,US
Pauoa,21.32076,-157.83839,US
Kuliouou - Kalani Iki,21.29713,-157.745,US
Manoa,21.31608,-157.80423,US
Makiki / Lower Punchbowl / Tantalus,21.31756,-157.83122,US
Kalihi Valley,21.36373,-157.84294,US
Laurel Hill,38.71663,-77.23686,US
Harrison,44.22776,-88.33591,US
Center City,39.9512,-75.15923,US
Washington Square,39.95002,-75.16206,US
Pryor Creek,36.30862,-95.31777,US
Silver Lake,34.08668,-118.27023,US
Echo Park,34.07808,-118.26066,US
Ala Moana - Kakaʻako,21.29649,-157.85671,US
Joint Base Pearl Harbor Hickam,21.34906,-157.94713,US
McCully - Moiliili,21.29461,-157.83118,US
Nuuanu - Punchbowl,21.34215,-157.82852,US
Liliha - Kapalama,21.33735,-157.85418,US
Ala Moana,21.29201,-157.84276,US
"VA Boston Healthcare System, Brockton Campus",42.36638,-71.05896,US
Bay Harbor,45.36413,-85.08208,US
St. Johns,30.0815,-81.54774,US
Stonecrest,33.70849,-84.13485,US
Ukrainian Village,41.89943,-87.68451,US
Cortlandt Manor,41.28,-73.87164,US
Valley Glen,34.18568,-118.42032,US
Encanto,33.47937,-112.07823,US
Central City,33.44001,-112.05805,US
Coldstream Homestead Montebello,39.32294,-76.59547,US
Cross Country,39.36612,-76.69797,US
Frankford,39.32928,-76.54463,US
Loch Raven,39.36142,-76.58183,US
Patterson Park Neighborhood,39.29269,-76.57471,US
Bolton Hill,39.30782,-76.62573,US
Downtown,39.29107,-76.61518,US
Glen,39.35632,-76.69066,US
Glenham-Belhar,39.35003,-76.54858,US
Hamilton Hills,39.36277,-76.56505,US
North Harford Road,39.36617,-76.54612,US
Reservoir Hill,39.31363,-76.63316,US
Riverside,39.27252,-76.60688,US
Sandtown-Winchester,39.30376,-76.64258,US
James Island,32.72374,-79.96284,US
Communications Hill,37.289,-121.8551,US
Bayview-Hunters Point,37.72855,-122.38107,US
Kendall Square,42.365,-71.08554,US
South Fulton,33.59259,-84.67294,US
Hillsborough,41.30037,-96.12876,US
Turtle Rock,33.64335,-117.81015,US
Woodbridge,33.67724,-117.79442,US
University Town Center,33.65157,-117.83427,US
University Park,33.66246,-117.80953,US
Westpark,33.68527,-117.81371,US
UC Irvine,33.63967,-117.84164,US
Quail Hill,33.65114,-117.77551,US
Irvine Health and Science Complex,33.65803,-117.76525,US
Oak Creek,33.67398,-117.77123,US
Cypress Village,33.68787,-117.75916,US
El Camino Real,33.69662,-117.77668,US
Walnut Village,33.70972,-117.79655,US
Stonegate,33.70534,-117.74009,US
Northwood,33.71372,-117.76091,US
Tustin Legacy,33.70006,-117.82588,US
Downtown,21.30249,-157.85837,US
Aliamanu / Salt Lakes / Foster Village,21.36022,-157.91838,US
Mililani Mauka / Launani Valley,21.47885,-157.98799,US
Koolauloa,21.60579,-157.9265,US
Makakilo / Kapolei / Honokai Hale,21.3374,-158.09676,US
Enchanted Lake,21.3807,-157.73645,US
Farrington,21.33221,-157.87057,US
Ford Island,21.34981,-157.95924,US
Moanalua Valley,21.35309,-157.88714,US
Camp H.M. Smith,21.38471,-157.90962,US
Robinson Heights,21.38283,-158.02856,US
Vermont Square,34.00204,-118.29896,US
Mid-City,34.04126,-118.36058,US
Kekaha-Waimea,21.97184,-159.69266,US
Lake of the Woods,38.33422,-77.75969,US
Back of the Hill,42.32926,-71.11102,US
Brook Farm,42.28859,-71.16303,US
Lower Allston,42.36465,-71.12583,US
West Cambridge/Harvard Square,42.37247,-71.11947,US
Mid-Cambridge,42.37205,-71.10598,US
Union Square,42.37972,-71.09653,US
Tufts University,42.40745,-71.1192,US
Kenosha Streetcar,42.5869,-87.81021,US
Watertown Square,42.36531,-71.18462,US
West Fens,42.34298,-71.09839,US
Logan Square,39.95569,-75.17054,US
Lower Moyamensing,39.91956,-75.16475,US
On Top of the World,29.11516,-82.29129,US
Briar Chapel,35.82417,-79.11694,US
Barracks Row,38.88128,-76.995,US
Benning Road,38.88984,-76.93758,US
Capitol Riverfront,38.87796,-77.00314,US
Colorado Triangle,38.95614,-77.03331,US
Central 14th Street / Spring Road,38.93707,-77.03265,US
Central 14th Street / WMATA Northern Bus Barn,38.94467,-77.03262,US
Downtown DC,38.8935,-77.01991,US
Capitol Gateway,38.89113,-76.91851,US
Georgia Avenue / Walter Reed,38.98256,-77.0263,US
Golden Triangle,38.90524,-77.04362,US
H Street NE,38.90015,-76.99587,US
Kennedy Street,38.9563,-77.01799,US
Mount Vernon Triangle,38.90232,-77.01685,US
NoMa,38.90372,-77.00598,US
Northwest One,38.90428,-77.01196,US
The Parks At Walter Reed,38.97399,-77.02956,US
Southwest Waterfront,38.87934,-77.01758,US
Union Market,38.90857,-76.99819,US
Van Ness,38.94316,-77.06299,US
The Wharf,38.87913,-77.02491,US
The Trails of Frisco,33.16087,-96.87182,US
Longfellow Community,44.94256,-93.22557,US
Kakaʻako,21.30205,-157.85734,US
Airport,21.3399,-157.92845,US
Dakota Ridge,39.61638,-105.13934,US
Longwood - Winton Grove,37.65934,-122.10926,US
Port Elizabeth,13.01102,-61.23548,VC
Layou,13.20175,-61.27014,VC
Kingstown,13.15527,-61.22742,VC
Georgetown,13.28054,-61.1185,VC
Chateaubelair,13.29069,-61.24043,VC
Barrouallie,13.23676,-61.27275,VC
Calliaqua,13.12867,-61.19178,VC
Charlotte Amalie,18.3419,-64.9307,VI
Cruz Bay,18.33134,-64.79375,VI
Saint Croix,17.72751,-64.74698,VI
Tutu,18.33884,-64.88653,VI
